/*
 Navicat MySQL Data Transfer

 Source Server         : loc
 Source Server Version : 50614
 Source Host           : localhost
 Source Database       : job

 Target Server Version : 50614
 File Encoding         : utf-8

 Date: 07/04/2015 18:16:42 PM
*/

SET NAMES utf8;
SET FOREIGN_KEY_CHECKS = 0;

-- ----------------------------
--  Table structure for `sp_account`
-- ----------------------------
DROP TABLE IF EXISTS `sp_account`;
CREATE TABLE `sp_account` (
  `id` int(10) unsigned NOT NULL AUTO_INCREMENT,
  `uid` bigint(20) NOT NULL,
  `money` decimal(10,2) NOT NULL COMMENT '账户余额',
  `safe_pass` varchar(255) DEFAULT NULL,
  `identify_z` varchar(255) DEFAULT NULL COMMENT '身份证正面',
  `identify_f` varchar(255) DEFAULT NULL COMMENT '身份证反面',
  `license` varchar(255) DEFAULT NULL COMMENT '营业执照',
  `audit` tinyint(1) NOT NULL DEFAULT '0' COMMENT '0为未验证 1为验证中（用户以上传） 2验证通过  3验证不通过',
  PRIMARY KEY (`id`),
  UNIQUE KEY `uid` (`uid`)
) ENGINE=InnoDB AUTO_INCREMENT=16 DEFAULT CHARSET=latin1;

-- ----------------------------
--  Records of `sp_account`
-- ----------------------------
BEGIN;
INSERT INTO `sp_account` VALUES ('1', '18', '20.00', null, null, null, null, '0'), ('3', '1', '0.00', null, null, null, null, '0'), ('4', '6', '0.00', null, null, null, null, '0'), ('5', '7', '0.00', null, null, null, null, '0'), ('6', '8', '0.00', null, null, null, null, '0'), ('7', '9', '0.00', null, null, null, null, '0'), ('8', '10', '0.00', null, null, null, null, '0'), ('9', '11', '0.00', null, null, null, null, '0'), ('10', '12', '0.00', null, null, null, null, '0'), ('11', '13', '0.00', null, null, null, null, '0'), ('12', '14', '0.00', null, null, null, null, '0'), ('13', '15', '73.00', null, 'data/upload//2015-06-27/558e0faae6526.png', 'data/upload//2015-06-27/558e0fa68a750.png', null, '1'), ('14', '16', '0.00', null, null, null, null, '0'), ('15', '17', '0.00', null, null, null, null, '0');
COMMIT;

-- ----------------------------
--  Table structure for `sp_ad`
-- ----------------------------
DROP TABLE IF EXISTS `sp_ad`;
CREATE TABLE `sp_ad` (
  `ad_id` bigint(20) NOT NULL AUTO_INCREMENT COMMENT '广告id',
  `ad_name` varchar(255) NOT NULL DEFAULT '',
  `ad_content` varchar(1000) NOT NULL DEFAULT '',
  `status` int(2) NOT NULL DEFAULT '1' COMMENT '状态，1显示，0不显示',
  `ad_link` varchar(255) NOT NULL DEFAULT '',
  `ad_imgurl` varchar(255) NOT NULL,
  `ad_cate` enum('link','goods','article','page') NOT NULL DEFAULT 'link',
  `ad_target` enum('_self','_blank') NOT NULL DEFAULT '_self',
  `ad_pos` varchar(255) NOT NULL DEFAULT '' COMMENT '广告位置',
  `ad_remark` varchar(100) NOT NULL DEFAULT '' COMMENT '备注',
  PRIMARY KEY (`ad_id`),
  KEY `ad_name` (`ad_name`)
) ENGINE=MyISAM AUTO_INCREMENT=385 DEFAULT CHARSET=utf8;

-- ----------------------------
--  Records of `sp_ad`
-- ----------------------------
BEGIN;
INSERT INTO `sp_ad` VALUES ('1', 'aaa', 'bb', '1', '91', '', 'goods', '_self', '', ''), ('2', '最新优惠1', 'index_latest_offer', '1', '91', '/data/upload/2015-05-28/5566b4bd638e3.jpg', 'goods', '_self', '首页', ''), ('3', '最新优惠2', 'index_latest_offer', '1', '91', '/data/upload/2015-05-28/5566b2e0c525f.jpg', 'goods', '_blank', '', ''), ('4', '最新优惠3', 'index_latest_offer', '1', '91', '/data/upload/2015-05-28/5566b2ece77f5.jpg', 'goods', '_self', '', ''), ('5', '最新优惠4', 'index_latest_offer', '1', '91', '/data/upload/2015-05-28/5566b2f89cf42.jpg', 'goods', '_self', '', ''), ('6', '最新优惠5', 'index_latest_offer', '1', '91', '/data/upload/2015-05-28/5566b309d2a93.jpg', 'goods', '_blank', '', ''), ('7', 'Marina &amp; The Diamonds', 'index_floor_1', '1', '91', '/data/upload/2015-06-11/557937c62eff6.jpg', 'goods', '_self', '首页-音乐-左下方', ''), ('8', ' Marina &amp; The Diamonds', 'index_floor_1', '1', '91', '', 'goods', '_self', '首页-音乐-左下方', ''), ('9', '張惠妹', 'index_floor_1', '1', '91', '', 'goods', '_self', ' 首页-音乐-左下方', ''), ('10', '鳳凰傳奇', 'index_floor_1', '1', '91', '', 'goods', '_self', '首页-音乐-左下方', ''), ('11', '羽泉', 'index_floor_1', '1', '91', '', 'goods', '_self', '首页-音乐-左下方', ''), ('12', '羽泉2', 'index_floor_1', '1', '91', '', 'goods', '_self', '首页-音乐-左下方', ''), ('13', '水木年华', 'index_floor_1', '1', '91', '', 'goods', '_self', '首页-音乐-左下方', ''), ('14', '最新唱碟1', 'index_floor_1_tab_1', '1', '91', '/data/upload/2015-06-11/5579383b633e3.jpg', 'goods', '_self', '首页-音樂-最新唱碟', ''), ('15', 'Marina &amp; The Diamonds', 'index_floor_1_tab_1', '1', '91', '/data/upload/2015-06-11/557938b470151.jpg', 'goods', '_self', '首页-音樂-最新唱碟', ''), ('16', 'Marina &amp; The Diamonds22', 'index_floor_1_tab_1', '1', '91', '/data/upload/2015-06-11/557938d1d88a2.jpg', 'goods', '_self', '首页-音樂-最新唱碟', ''), ('17', 'Marina &amp; The Diamonds3', 'index_floor_1_tab_1', '1', '91', '/data/upload/2015-06-11/557938ff491bf.jpg', 'goods', '_self', '首页-音樂-最新唱碟', ''), ('18', 'Marina &amp; The Diamonds4', 'index_floor_1_tab_1', '1', '91', '/data/upload/2015-06-11/55793908565e0.jpg', 'goods', '_self', '首页-音樂-最新唱碟', ''), ('19', 'Marina &amp; The Diamonds455', 'index_floor_1_tab_1', '1', '91', '/data/upload/2015-06-11/5579391819e57.jpg', 'goods', '_self', '首页-音樂-最新唱碟', ''), ('20', '粤语歌曲1', 'index_floor_1_tab_2', '1', '91', '/data/upload/2015-05-26/5564166da740c.jpg', 'goods', '_self', '首页-音樂-粤语歌曲', ''), ('21', 'Marina &amp; The Diamonds', 'index_floor_1_tab_2', '1', '91', '/data/upload/2015-05-26/5563ed0248a74.jpg', 'goods', '_self', '首页-音樂-粤语歌曲', ''), ('22', 'Marina &amp; The Diamonds22', 'index_floor_1_tab_2', '1', '91', '/data/upload/2015-05-26/5563ed4b5b7f0.jpg', 'goods', '_self', '首页-音樂-粤语歌曲', ''), ('23', 'Marina &amp; The Diamonds3', 'index_floor_1_tab_2', '1', '91', '/data/upload/2015-05-26/5563ed6c73a3d.jpg', 'goods', '_self', '首页-音樂-粤语歌曲', ''), ('24', 'Marina &amp; The Diamonds4', 'index_floor_1_tab_2', '1', '91', '/data/upload/2015-05-26/5563edaa290fe.jpg', 'goods', '_self', '首页-音樂-粤语歌曲', ''), ('25', 'Marina &amp; The Diamonds455', 'index_floor_1_tab_2', '1', '91', '/data/upload/2015-05-26/5563edce89460.jpg', 'goods', '_self', '首页-音樂-粤语歌曲', ''), ('26', '国语歌曲1', 'index_floor_1_tab_3', '1', '91', '/data/upload/2015-05-26/5563ec9e625bb.jpg', 'goods', '_self', '首页-音樂-国语歌曲', ''), ('27', 'Marina &amp; The Diamonds', 'index_floor_1_tab_3', '1', '91', '/data/upload/2015-05-26/5563ed0248a74.jpg', 'goods', '_self', '首页-音樂-国语歌曲', ''), ('28', 'Marina &amp; The Diamonds22', 'index_floor_1_tab_3', '1', '91', '/data/upload/2015-05-26/5563ed4b5b7f0.jpg', 'goods', '_self', '首页-音樂-国语歌曲', ''), ('29', 'Marina &amp; The Diamonds3', 'index_floor_1_tab_3', '1', '91', '/data/upload/2015-05-26/5563ed6c73a3d.jpg', 'goods', '_self', '首页-音樂-国语歌曲', ''), ('30', 'Marina &amp; The Diamonds4', 'index_floor_1_tab_3', '1', '91', '/data/upload/2015-05-26/5563edaa290fe.jpg', 'goods', '_self', '首页-音樂-国语歌曲', ''), ('31', 'Marina &amp; The Diamonds455', 'index_floor_1_tab_3', '1', '91', '/data/upload/2015-05-26/5563edce89460.jpg', 'goods', '_self', '首页-音樂-国语歌曲', ''), ('32', '古典乐1', 'index_floor_1_tab_4', '1', '91', '/data/upload/2015-05-26/5563ec9e625bb.jpg', 'goods', '_self', '首页-音樂-古典乐', ''), ('33', 'Marina &amp; The Diamonds', 'index_floor_1_tab_4', '1', '91', '/data/upload/2015-05-26/5563ed0248a74.jpg', 'goods', '_self', '首页-音樂-古典乐', ''), ('34', 'Marina &amp; The Diamonds22', 'index_floor_1_tab_4', '1', '91', '/data/upload/2015-05-26/5563ed4b5b7f0.jpg', 'goods', '_self', '首页-音樂-古典乐', ''), ('35', 'Marina &amp; The Diamonds3', 'index_floor_1_tab_4', '1', '91', '/data/upload/2015-05-26/5563ed6c73a3d.jpg', 'goods', '_self', '首页-音樂-古典乐', ''), ('36', 'Marina &amp; The Diamonds4', 'index_floor_1_tab_4', '1', '91', '/data/upload/2015-05-26/5563edaa290fe.jpg', 'goods', '_self', '首页-音樂-古典乐', ''), ('37', 'Marina &amp; The Diamonds455', 'index_floor_1_tab_4', '1', '91', '/data/upload/2015-05-26/5563edce89460.jpg', 'goods', '_self', '首页-音樂-古典乐', ''), ('38', '爵士乐1', 'index_floor_1_tab_5', '1', '91', '/data/upload/2015-05-26/5563ec9e625bb.jpg', 'goods', '_self', '首页-音樂-爵士乐', ''), ('39', 'Marina &amp; The Diamonds', 'index_floor_1_tab_5', '1', '91', '/data/upload/2015-05-26/5563ed0248a74.jpg', 'goods', '_self', '首页-音樂-爵士乐', ''), ('40', 'Marina &amp; The Diamonds22', 'index_floor_1_tab_5', '1', '91', '/data/upload/2015-05-26/5563ed4b5b7f0.jpg', 'goods', '_self', '首页-音樂-爵士乐', ''), ('41', 'Marina &amp; The Diamonds3', 'index_floor_1_tab_5', '1', '91', '/data/upload/2015-05-26/5563ed6c73a3d.jpg', 'goods', '_self', '首页-音樂-爵士乐', ''), ('42', 'Marina &amp; The Diamonds4', 'index_floor_1_tab_5', '1', '91', '/data/upload/2015-05-26/5563edaa290fe.jpg', 'goods', '_self', '首页-音樂-爵士乐', ''), ('43', 'Marina &amp; The Diamonds455', 'index_floor_1_tab_5', '1', '91', '/data/upload/2015-05-26/5563edce89460.jpg', 'goods', '_self', '首页-音樂-爵士乐', ''), ('44', '摇滚流行乐1', 'index_floor_1_tab_6', '1', '91', '/data/upload/2015-05-26/5563ec9e625bb.jpg', 'goods', '_self', '首页-音樂-摇滚流行乐', ''), ('45', 'Marina &amp; The Diamonds', 'index_floor_1_tab_6', '1', '91', '/data/upload/2015-05-26/5563ed0248a74.jpg', 'goods', '_self', '首页-音樂-摇滚流行乐', ''), ('46', 'Marina &amp; The Diamonds22', 'index_floor_1_tab_6', '1', '91', '/data/upload/2015-05-26/5563ed4b5b7f0.jpg', 'goods', '_self', '首页-音樂-摇滚流行乐', ''), ('47', 'Marina &amp; The Diamonds3', 'index_floor_1_tab_6', '1', '91', '/data/upload/2015-05-26/5563ed6c73a3d.jpg', 'goods', '_self', '首页-音樂-摇滚流行乐', ''), ('48', 'Marina &amp; The Diamonds4', 'index_floor_1_tab_6', '1', '91', '/data/upload/2015-05-26/5563edaa290fe.jpg', 'goods', '_self', '首页-音樂-摇滚流行乐', ''), ('49', 'Marina &amp; The Diamonds455', 'index_floor_1_tab_6', '1', '91', '/data/upload/2015-05-26/5563edce89460.jpg', 'goods', '_self', '首页-音樂-摇滚流行乐', ''), ('50', '原声大碟1', 'index_floor_1_tab_7', '1', '91', '/data/upload/2015-05-26/5563ec9e625bb.jpg', 'goods', '_self', '首页-音樂-原声大碟', ''), ('51', 'Marina &amp; The Diamonds', 'index_floor_1_tab_7', '1', '91', '/data/upload/2015-05-26/5563ed0248a74.jpg', 'goods', '_self', '首页-音樂-原声大碟', ''), ('52', 'Marina &amp; The Diamonds22', 'index_floor_1_tab_7', '1', '91', '/data/upload/2015-05-26/5563ed4b5b7f0.jpg', 'goods', '_self', '首页-音樂-原声大碟', ''), ('53', 'Marina &amp; The Diamonds3', 'index_floor_1_tab_7', '1', '91', '/data/upload/2015-05-26/5563ed6c73a3d.jpg', 'goods', '_self', '首页-音樂-原声大碟', ''), ('54', 'Marina &amp; The Diamonds4', 'index_floor_1_tab_7', '1', '91', '/data/upload/2015-05-26/5563edaa290fe.jpg', 'goods', '_self', '首页-音樂-原声大碟', ''), ('55', 'Marina &amp; The Diamonds455', 'index_floor_1_tab_7', '1', '91', '/data/upload/2015-05-26/5563edce89460.jpg', 'goods', '_self', '首页-音樂-原声大碟', ''), ('56', 'Marina &amp; The Diamonds', 'index_floor_2', '1', '91', '/data/upload/2015-06-11/557939783699a.jpg', 'goods', '_self', '首页-影碟-左下方', ''), ('57', ' Marina &amp; The Diamonds', 'index_floor_2', '1', '91', '', 'goods', '_self', '首页-影碟-左下方', ''), ('58', '張惠妹', 'index_floor_2', '1', '91', '', 'goods', '_self', ' 首页-影碟-左下方', ''), ('59', '鳳凰傳奇', 'index_floor_2', '1', '91', '', 'goods', '_self', '首页-影碟-左下方', ''), ('60', '羽泉', 'index_floor_2', '1', '91', '', 'goods', '_self', '首页-影碟-左下方', ''), ('61', '羽泉2', 'index_floor_2', '1', '91', '', 'goods', '_self', '首页-影碟-左下方', ''), ('62', '水木年华', 'index_floor_2', '1', '91', '', 'goods', '_self', '首页-影碟-左下方', ''), ('63', '最新影碟1', 'index_floor_2_tab_1', '1', '91', '/data/upload/2015-06-11/557939a90987b.jpg', 'goods', '_self', '首页-影碟-最新影碟', ''), ('64', 'Marina &amp; The Diamonds', 'index_floor_2_tab_1', '1', '91', '/data/upload/2015-06-11/55793a1b472e2.jpg', 'goods', '_self', '首页-影碟-最新影碟', ''), ('65', 'Marina &amp; The Diamonds22', 'index_floor_2_tab_1', '1', '91', '/data/upload/2015-06-11/55793a2daa645.jpg', 'goods', '_self', '首页-影碟-最新影碟', 'dvd'), ('66', 'The Diamonds', 'index_floor_2_tab_1', '1', '91', '/data/upload/2015-06-11/55793a47b7fc0.jpg', 'goods', '_self', '首页-影碟-最新影碟', '3333'), ('67', 'Marina &amp; The Diamonds4', 'index_floor_2_tab_1', '1', '91', '/data/upload/2015-06-11/55793a591ec48.jpg', 'goods', '_self', '首页-影碟-最新影碟', ''), ('68', 'Marina &amp; The Diamonds455', 'index_floor_2_tab_1', '1', '91', '/data/upload/2015-06-11/55793aada9f19.jpg', 'goods', '_self', '首页-影碟-最新影碟', ''), ('69', '電影1', 'index_floor_2_tab_2', '1', '91', '/data/upload/2015-05-26/5564166da740c.jpg', 'goods', '_self', '首页-影碟-電影', ''), ('70', 'Marina &amp; The Diamonds', 'index_floor_2_tab_2', '1', '91', '/data/upload/2015-05-26/5563ed0248a74.jpg', 'goods', '_self', '首页-影碟-電影', ''), ('71', 'Marina &amp; The Diamonds22', 'index_floor_2_tab_2', '1', '91', '/data/upload/2015-05-26/5563ed4b5b7f0.jpg', 'goods', '_self', '首页-影碟-電影', ''), ('72', 'Marina &amp; The Diamonds455', 'index_floor_2_tab_2', '1', '91', '/data/upload/2015-05-26/5563edce89460.jpg', 'goods', '_self', '首页-影碟-電影', ''), ('73', '電視系列1', 'index_floor_2_tab_3', '1', '91', '/data/upload/2015-05-26/5563ec9e625bb.jpg', 'goods', '_self', '首页-影碟-電視系列', ''), ('74', 'Marina &amp; The Diamonds', 'index_floor_2_tab_3', '1', '91', '/data/upload/2015-05-26/5563ed0248a74.jpg', 'goods', '_self', '首页-影碟-電視系列', ''), ('75', 'Marina &amp; The Diamonds22', 'index_floor_2_tab_3', '1', '91', '/data/upload/2015-05-26/5563ed4b5b7f0.jpg', 'goods', '_self', '首页-影碟-電視系列', ''), ('76', 'Marina &amp; The Diamonds3', 'index_floor_2_tab_3', '1', '91', '/data/upload/2015-05-26/5563ed6c73a3d.jpg', 'goods', '_self', '首页-影碟-電視系列', ''), ('77', 'Marina &amp; The Diamonds4', 'index_floor_2_tab_3', '1', '91', '/data/upload/2015-05-26/5563edaa290fe.jpg', 'goods', '_self', '首页-影碟-電視系列', ''), ('78', 'Marina &amp; The Diamonds455', 'index_floor_2_tab_3', '1', '91', '/data/upload/2015-05-26/5563edce89460.jpg', 'goods', '_self', '首页-影碟-電視系列', ''), ('79', '動畫1', 'index_floor_2_tab_4', '1', '91', '/data/upload/2015-05-26/5563ec9e625bb.jpg', 'goods', '_self', '首页-影碟-動畫', ''), ('80', 'Marina &amp; The Diamonds', 'index_floor_2_tab_4', '1', '91', '/data/upload/2015-05-26/5563ed0248a74.jpg', 'goods', '_self', '首页-影碟-動畫', ''), ('81', 'Marina &amp; The Diamonds22', 'index_floor_2_tab_4', '1', '91', '/data/upload/2015-05-26/5563ed4b5b7f0.jpg', 'goods', '_self', '首页-影碟-動畫', ''), ('82', 'Marina &amp; The Diamonds3', 'index_floor_2_tab_4', '1', '91', '/data/upload/2015-05-26/5563ed6c73a3d.jpg', 'goods', '_self', '首页-影碟-動畫', ''), ('83', 'Marina &amp; The Diamonds4', 'index_floor_2_tab_4', '1', '91', '/data/upload/2015-05-26/5563edaa290fe.jpg', 'goods', '_self', '首页-影碟-動畫', ''), ('84', 'Marina &amp; The Diamonds455', 'index_floor_2_tab_4', '1', '91', '/data/upload/2015-05-26/5563edce89460.jpg', 'goods', '_self', '首页-影碟-動畫', ''), ('85', '纪录片1', 'index_floor_2_tab_5', '1', '91', '/data/upload/2015-05-26/5563ec9e625bb.jpg', 'goods', '_self', '首页-影碟-纪录片', ''), ('86', 'Marina &amp; The Diamonds', 'index_floor_2_tab_5', '1', '91', '/data/upload/2015-05-26/5563ed0248a74.jpg', 'goods', '_self', '首页-影碟-纪录片', ''), ('87', 'Marina &amp; The Diamonds22', 'index_floor_2_tab_5', '1', '91', '/data/upload/2015-05-26/5563ed4b5b7f0.jpg', 'goods', '_self', '首页-影碟-纪录片', ''), ('88', 'Marina &amp; The Diamonds3', 'index_floor_2_tab_5', '1', '91', '/data/upload/2015-05-26/5563ed6c73a3d.jpg', 'goods', '_self', '首页-影碟-纪录片', ''), ('89', 'Marina &amp; The Diamonds4', 'index_floor_2_tab_5', '1', '91', '/data/upload/2015-05-26/5563edaa290fe.jpg', 'goods', '_self', '首页-影碟-纪录片', ''), ('90', 'Marina &amp; The Diamonds455', 'index_floor_2_tab_5', '1', '91', '/data/upload/2015-05-26/5563edce89460.jpg', 'goods', '_self', '首页-影碟-纪录片', ''), ('91', '體育運動1', 'index_floor_2_tab_6', '1', '91', '/data/upload/2015-05-26/5563ec9e625bb.jpg', 'goods', '_self', '首页-影碟-體育運動', ''), ('92', 'Marina &amp; The Diamonds', 'index_floor_2_tab_6', '1', '91', '/data/upload/2015-05-26/5563ed0248a74.jpg', 'goods', '_self', '首页-影碟-體育運動', ''), ('93', 'Marina &amp; The Diamonds22', 'index_floor_2_tab_6', '1', '91', '/data/upload/2015-05-26/5563ed4b5b7f0.jpg', 'goods', '_self', '首页-影碟-體育運動', ''), ('94', 'Marina &amp; The Diamonds3', 'index_floor_2_tab_6', '1', '91', '/data/upload/2015-05-26/5563ed6c73a3d.jpg', 'goods', '_self', '首页-影碟-體育運動', ''), ('95', 'Marina &amp; The Diamonds4', 'index_floor_2_tab_6', '1', '91', '/data/upload/2015-05-26/5563edaa290fe.jpg', 'goods', '_self', '首页-影碟-體育運動', ''), ('96', 'Marina &amp; The Diamonds455', 'index_floor_2_tab_6', '1', '91', '/data/upload/2015-05-26/5563edce89460.jpg', 'goods', '_self', '首页-影碟-體育運動', ''), ('97', '預購影碟1', 'index_floor_2_tab_7', '1', '91', '/data/upload/2015-05-26/5563ec9e625bb.jpg', 'goods', '_self', '首页-影碟-預購影碟', ''), ('98', 'Marina &amp; The Diamonds', 'index_floor_2_tab_7', '1', '91', '/data/upload/2015-05-26/5563ed0248a74.jpg', 'goods', '_self', '首页-影碟-預購影碟', ''), ('99', 'Marina &amp; The Diamonds22', 'index_floor_2_tab_7', '1', '91', '/data/upload/2015-05-26/5563ed4b5b7f0.jpg', 'goods', '_self', '首页-影碟-預購影碟', ''), ('100', 'Marina &amp; The Diamonds3', 'index_floor_2_tab_7', '1', '91', '/data/upload/2015-05-26/5563ed6c73a3d.jpg', 'goods', '_self', '首页-影碟-預購影碟', ''), ('101', 'Marina &amp; The Diamonds4', 'index_floor_2_tab_7', '1', '91', '/data/upload/2015-05-26/5563edaa290fe.jpg', 'goods', '_self', '首页-影碟-預購影碟', ''), ('102', 'Marina &amp; The Diamonds455', 'index_floor_2_tab_7', '1', '91', '/data/upload/2015-05-26/5563edce89460.jpg', 'goods', '_self', '首页-影碟-預購影碟', ''), ('103', 'Marina &amp; The Diamonds455', 'index_floor_2_tab_7', '1', '91', '/data/upload/2015-05-26/5563edce89460.jpg', 'goods', '_self', '首页-影碟-預購影碟', ''), ('104', 'Marina &amp; The Diamonds3', 'index_floor_2_tab_2', '1', '91', '/data/upload/2015-05-26/5563ed6c73a3d.jpg', 'goods', '_self', '首页-影碟-電影', ''), ('105', 'Marina &amp; The Diamonds4', 'index_floor_2_tab_2', '1', '91', '/data/upload/2015-05-26/5563edaa290fe.jpg', 'goods', '_self', '首页-影碟-電影', ''), ('106', 'Marina &amp; The Diamonds455', 'index_floor_2_tab_2', '1', '91', '/data/upload/2015-05-26/5563edce89460.jpg', 'goods', '_self', '首页-影碟-電影', ''), ('107', 'Marina &amp; The Diamonds3', 'index_floor_2_tab_2', '1', '91', '/data/upload/2015-05-26/5563ed6c73a3d.jpg', 'goods', '_self', '首页-影碟-電影', ''), ('108', 'Marina &amp; The Diamonds', 'index_floor_2_tab_3', '1', '91', '/data/upload/2015-05-26/5563ed0248a74.jpg', 'goods', '_self', '首页-影碟-電視系列', ''), ('109', 'Marina &amp; The Diamonds455', 'index_floor_2_tab_4', '1', '91', '/data/upload/2015-05-26/5563edce89460.jpg', 'goods', '_self', '首页-影碟-動畫', ''), ('110', 'Marina &amp; The Diamonds455', 'index_floor_2_tab_5', '1', '91', '/data/upload/2015-05-26/5563edce89460.jpg', 'goods', '_self', '首页-影碟-纪录片', ''), ('111', 'Marina &amp; The Diamonds22', 'index_floor_2_tab_1', '1', '91', '/data/upload/2015-06-11/55793ad58e9ce.jpg', 'goods', '_self', '首页-影碟-最新影碟', ''), ('112', 'Marina &amp; The Diamonds455', 'index_floor_2_tab_6', '1', '91', '/data/upload/2015-05-26/5563edce89460.jpg', 'goods', '_self', '首页-影碟-體育運動', ''), ('113', 'Marina &amp; The Diamonds', 'index_floor_3', '1', '91', '/data/upload/2015-06-11/55793aeed3d4b.jpg', 'goods', '_self', '首页-電子遊戲-左下方', ''), ('114', ' Marina &amp; The Diamonds', 'index_floor_3', '1', '91', '', 'goods', '_self', '首页-電子遊戲-左下方', ''), ('115', '張惠妹', 'index_floor_3', '1', '91', '', 'goods', '_self', ' 首页-電子遊戲-左下方', ''), ('116', '鳳凰傳奇', 'index_floor_3', '1', '91', '', 'goods', '_self', '首页-電子遊戲-左下方', ''), ('117', '羽泉', 'index_floor_3', '1', '91', '', 'goods', '_self', '首页-電子遊戲-左下方', ''), ('118', '羽泉2', 'index_floor_3', '1', '91', '', 'goods', '_self', '首页-電子遊戲-左下方', ''), ('119', 'XBox遊戲1', 'index_floor_3_tab_1', '1', '91', '/data/upload/2015-06-11/55793b20cc539.jpg', 'goods', '_self', '首页-電子遊戲-XBox遊戲', ''), ('120', 'Marina &amp; The Diamonds', 'index_floor_3_tab_1', '1', '91', '/data/upload/2015-06-11/55793b344b5b9.jpg', 'goods', '_self', '首页-電子遊戲-XBox遊戲', 'HK$409.00'), ('121', 'Marina &amp; The Diamonds2', 'index_floor_3_tab_1', '1', '91', '/data/upload/2015-06-11/55793b43d6ea2.jpg', 'goods', '_self', '首页-電子遊戲-XBox遊戲', 'HK$409.00'), ('122', 'Marina &amp; The Diamonds3', 'index_floor_3_tab_1', '1', '91', '/data/upload/2015-06-11/55793b51cbdd6.jpg', 'goods', '_self', '首页-電子遊戲-XBox遊戲', 'HK$409.00'), ('123', 'Marina &amp; The Diamonds4', 'index_floor_3_tab_1', '1', '91', '/data/upload/2015-06-11/55793b65a8ce7.jpg', 'goods', '_self', '首页-電子遊戲-XBox遊戲', 'HK$409.00'), ('124', 'Marina &amp; The Diamonds5', 'index_floor_3_tab_1', '1', '91', '/data/upload/2015-06-11/55793c5a92403.jpg', 'goods', '_self', '首页-電子遊戲-XBox遊戲', ''), ('125', 'XBox One遊戲1', 'index_floor_3_tab_2', '1', '91', '/data/upload/2015-05-26/5564166da740c.jpg', 'goods', '_self', '首页-電子遊戲-XBox One遊戲', ''), ('126', 'Marina &amp; The Diamonds', 'index_floor_3_tab_2', '1', '91', '/data/upload/2015-05-26/5563ed0248a74.jpg', 'goods', '_self', '首页-電子遊戲-XBox One遊戲', 'HK$409.00HK$409.00'), ('127', 'Marina &amp; The Diamonds2', 'index_floor_3_tab_2', '1', '91', '/data/upload/2015-05-26/5563ed4b5b7f0.jpg', 'goods', '_self', '首页-電子遊戲-XBox One遊戲', ''), ('128', 'Marina &amp; The Diamonds3', 'index_floor_3_tab_2', '1', '91', '/data/upload/2015-05-26/5563ed6c73a3d.jpg', 'goods', '_self', '首页-電子遊戲-XBox One遊戲', 'HK$409.00'), ('129', 'Marina &amp; The Diamonds4', 'index_floor_3_tab_2', '1', '91', '/data/upload/2015-05-26/5563edaa290fe.jpg', 'goods', '_self', '首页-電子遊戲-XBox One遊戲', ''), ('130', 'Marina &amp; The Diamonds5', 'index_floor_3_tab_2', '1', '91', '', 'goods', '_self', '首页-電子遊戲-XBox One遊戲', ''), ('131', 'PS4遊戲1', 'index_floor_3_tab_3', '1', '91', '/data/upload/2015-05-26/5563ec9e625bb.jpg', 'goods', '_self', '首页-電子遊戲-PS4遊戲', ''), ('132', 'Marina &amp; The Diamonds', 'index_floor_3_tab_3', '1', '91', '/data/upload/2015-05-26/5563ed0248a74.jpg', 'goods', '_self', '首页-電子遊戲-PS4遊戲', ''), ('133', 'Marina &amp; The Diamonds22', 'index_floor_3_tab_3', '1', '91', '/data/upload/2015-05-26/5563ed4b5b7f0.jpg', 'goods', '_self', '首页-電子遊戲-PS4遊戲', ''), ('134', 'Marina &amp; The Diamonds3', 'index_floor_3_tab_3', '1', '91', '/data/upload/2015-05-26/5563ed6c73a3d.jpg', 'goods', '_self', '首页-電子遊戲-PS4遊戲', ''), ('135', 'Marina &amp; The Diamonds4', 'index_floor_3_tab_3', '1', '91', '/data/upload/2015-05-26/5563edaa290fe.jpg', 'goods', '_self', '首页-電子遊戲-PS4遊戲', ''), ('136', 'Marina &amp; The Diamonds455', 'index_floor_3_tab_3', '1', '91', '/data/upload/2015-05-26/5563edce89460.jpg', 'goods', '_self', '首页-電子遊戲-PS4遊戲', ''), ('137', 'PS3遊戲1', 'index_floor_3_tab_4', '1', '91', '/data/upload/2015-05-26/5563ec9e625bb.jpg', 'goods', '_self', '首页-電子遊戲-PS3遊戲', ''), ('138', 'Marina &amp; The Diamonds', 'index_floor_3_tab_4', '1', '91', '/data/upload/2015-05-26/5563ed0248a74.jpg', 'goods', '_self', '首页-電子遊戲-PS3遊戲', ''), ('139', 'Marina &amp; The Diamonds22', 'index_floor_3_tab_4', '1', '91', '/data/upload/2015-05-26/5563ed4b5b7f0.jpg', 'goods', '_self', '首页-電子遊戲-PS3遊戲', ''), ('140', 'Marina &amp; The Diamonds3', 'index_floor_3_tab_4', '1', '91', '/data/upload/2015-05-26/5563ed6c73a3d.jpg', 'goods', '_self', '首页-電子遊戲-PS3遊戲', ''), ('141', 'Marina &amp; The Diamonds4', 'index_floor_3_tab_4', '1', '91', '/data/upload/2015-05-26/5563edaa290fe.jpg', 'goods', '_self', '首页-電子遊戲-PS3遊戲', ''), ('142', 'Marina &amp; The Diamonds455', 'index_floor_3_tab_4', '1', '91', '/data/upload/2015-05-26/5563edce89460.jpg', 'goods', '_self', '首页-電子遊戲-PS3遊戲', ''), ('143', 'Marina &amp; The Diamonds', 'index_floor_4', '1', '91', '', 'goods', '_self', '首页-配件產品 -左下方', ''), ('144', ' Marina', 'index_floor_4', '1', '91', '', 'goods', '_self', '首页-配件產品 -左下方', ''), ('145', '張惠妹', 'index_floor_4', '1', '91', '', 'goods', '_self', ' 首页-配件產品 -左下方', ''), ('146', '鳳凰傳奇', 'index_floor_4', '1', '91', '', 'goods', '_self', '首页-配件產品 -左下方', ''), ('147', '羽泉', 'index_floor_4', '1', '91', '', 'goods', '_self', '首页-配件產品 -左下方', ''), ('148', '羽泉2', 'index_floor_4', '1', '91', '', 'goods', '_self', '首页-配件產品 -左下方', ''), ('149', '數碼產品1', 'index_floor_4_tab_1', '1', '91', '/data/upload/2015-06-11/55793d99e272a.jpg', 'goods', '_self', '首页-配件產品 -數碼產品', 'HK$409.00'), ('150', '數碼產品2', 'index_floor_4_tab_1', '1', '91', '/data/upload/2015-06-11/55793dbf658c8.jpg', 'goods', '_self', '首页-配件產品 -數碼產品', 'HK$409.00'), ('151', '數碼產品3', 'index_floor_4_tab_1', '1', '91', '/data/upload/2015-06-11/55793ddf006fc.jpg', 'goods', '_self', '首页-配件產品 -數碼產品', 'HK$409.00'), ('152', '數碼產品4', 'index_floor_4_tab_1', '1', '91', '/data/upload/2015-06-11/55793df9a63af.jpg', 'goods', '_self', '首页-配件產品 -數碼產品', 'HK$409.00'), ('153', '玩具1', 'index_floor_4_tab_2', '1', '91', '/data/upload/2015-05-26/5564166da740c.jpg', 'goods', '_self', '首页-配件產品 -玩具', ''), ('154', 'Marina &amp; The Diamonds', 'index_floor_4_tab_2', '1', '91', '/data/upload/2015-05-26/5563ed0248a74.jpg', 'goods', '_self', '首页-配件產品 -玩具', ''), ('155', 'Marina &amp; The Diamonds22', 'index_floor_4_tab_2', '1', '91', '/data/upload/2015-05-26/5563ed4b5b7f0.jpg', 'goods', '_self', '首页-配件產品 -玩具', ''), ('156', 'Marina &amp; The Diamonds3', 'index_floor_4_tab_2', '1', '91', '/data/upload/2015-05-26/5563ed6c73a3d.jpg', 'goods', '_self', '首页-配件產品 -玩具', ''), ('157', 'PS4遊戲1', 'index_floor_4_tab_3', '1', '91', '/data/upload/2015-05-26/5563ec9e625bb.jpg', 'goods', '_self', '首页-配件產品 -PS4遊戲', ''), ('158', 'Marina &amp; The Diamonds', 'index_floor_4_tab_3', '1', '91', '/data/upload/2015-05-26/5563ed0248a74.jpg', 'goods', '_self', '首页-配件產品 -PS4遊戲', ''), ('159', 'Marina &amp; The Diamonds22', 'index_floor_4_tab_3', '1', '91', '/data/upload/2015-05-26/5563ed4b5b7f0.jpg', 'goods', '_self', '首页-配件產品 -PS4遊戲', ''), ('160', 'Marina &amp; The Diamonds3', 'index_floor_4_tab_3', '1', '91', '/data/upload/2015-05-26/5563ed6c73a3d.jpg', 'goods', '_self', '首页-配件產品 -PS4遊戲', ''), ('161', '書籍1', 'index_floor_4_tab_4', '1', '91', '/data/upload/2015-05-26/5563ec9e625bb.jpg', 'goods', '_self', '首页-配件產品 -書籍', ''), ('162', 'Marina &amp; The Diamonds', 'index_floor_4_tab_4', '1', '91', '/data/upload/2015-05-26/5563ed0248a74.jpg', 'goods', '_self', '首页-配件產品 -書籍', ''), ('163', 'Marina &amp; The Diamonds22', 'index_floor_4_tab_4', '1', '91', '/data/upload/2015-05-26/5563ed4b5b7f0.jpg', 'goods', '_self', '首页-配件產品 -書籍', ''), ('164', 'Marina &amp; The Diamonds3', 'index_floor_4_tab_4', '1', '91', '/data/upload/2015-05-26/5563ed6c73a3d.jpg', 'goods', '_self', '首页-配件產品 -書籍', ''), ('165', '微章及鑰匙扣1', 'index_floor_4_tab_5', '1', '91', '/data/upload/2015-05-26/5563ec9e625bb.jpg', 'goods', '_self', '首页-配件產品 -微章及鑰匙扣', ''), ('166', 'Marina &amp; The Diamonds', 'index_floor_4_tab_5', '1', '91', '/data/upload/2015-05-26/5563ed0248a74.jpg', 'goods', '_self', '首页-配件產品 -微章及鑰匙扣', ''), ('167', 'Marina &amp; The Diamonds22', 'index_floor_4_tab_5', '1', '91', '/data/upload/2015-05-26/5563ed4b5b7f0.jpg', 'goods', '_self', '首页-配件產品 -微章及鑰匙扣', ''), ('168', 'Marina &amp; The Diamonds3', 'index_floor_4_tab_5', '1', '91', '/data/upload/2015-05-26/5563ed6c73a3d.jpg', 'goods', '_self', '首页-配件產品 -微章及鑰匙扣', ''), ('169', 'Marina &amp; The Diamonds', 'index_floor_5', '1', '91', '/data/upload/2015-06-11/55793f2f88fc0.jpg', 'goods', '_self', '首页-Hmv Digital  -左下方', ''), ('170', ' Marina &amp; The Diamonds', 'index_floor_5', '1', '91', '', 'goods', '_self', '首页-Hmv Digital  -左下方', ''), ('171', '張惠妹', 'index_floor_5', '1', '91', '', 'goods', '_self', ' 首页-Hmv Digital  -左下方', ''), ('172', '鳳凰傳奇', 'index_floor_5', '1', '91', '', 'goods', '_self', '首页-Hmv Digital  -左下方', ''), ('173', '羽泉', 'index_floor_5', '1', '91', '', 'goods', '_self', '首页-Hmv Digital  -左下方', ''), ('174', '羽泉22', 'index_floor_5', '1', '91', '', 'goods', '_self', '首页-Hmv Digital  -左下方', ''), ('175', 'ZOMBY', 'index_floor_5_tab_1', '1', '91', '/data/upload/2015-06-11/55793f61b9c7f.jpg', 'goods', '_self', '首页-Hmv Digital  -最新數碼下載', 'HK$409.00'), ('176', 'SIGUR ROS', 'index_floor_5_tab_1', '1', '91', '/data/upload/2015-06-11/55793f8b28fbd.jpg', 'goods', '_self', '首页-Hmv Digital  -最新數碼下載', 'HK$409.00'), ('177', 'SIGUR ROS', 'index_floor_5_tab_1', '1', '91', '/data/upload/2015-06-11/55793fd27d5d4.jpg', 'goods', '_self', '首页-Hmv Digital  -最新數碼下載', 'HK$409.00'), ('178', 'DEERHUNTER', 'index_floor_5_tab_1', '1', '91', '/data/upload/2015-06-11/557940011d711.jpg', 'goods', '_self', '首页-Hmv Digital  -最新數碼下載', 'HK$409.00'), ('179', 'Toco1', 'index_floor_5_tab_2', '1', '91', '/data/upload/2015-05-26/5564166da740c.jpg', 'goods', '_self', '首页-Hmv Digital  -Toco', ''), ('180', 'Marina &amp; The Diamonds', 'index_floor_5_tab_2', '1', '91', '/data/upload/2015-05-26/5563ed0248a74.jpg', 'goods', '_self', '首页-Hmv Digital  -Toco', ''), ('181', 'Marina &amp; The Diamonds22', 'index_floor_5_tab_2', '1', '91', '/data/upload/2015-05-26/5563ed4b5b7f0.jpg', 'goods', '_self', '首页-Hmv Digital  -Toco', ''), ('182', 'Marina &amp; The Diamonds3', 'index_floor_5_tab_2', '1', '91', '/data/upload/2015-05-26/5563ed6c73a3d.jpg', 'goods', '_self', '首页-Hmv Digital  -Toco', ''), ('183', '華納音樂1', 'index_floor_5_tab_3', '1', '91', '/data/upload/2015-05-26/5563ec9e625bb.jpg', 'goods', '_self', '首页-Hmv Digital  -華納音樂', ''), ('184', 'Marina &amp; The Diamonds', 'index_floor_5_tab_3', '1', '91', '/data/upload/2015-05-26/5563ed0248a74.jpg', 'goods', '_self', '首页-Hmv Digital  -華納音樂', ''), ('185', 'Marina &amp; The Diamonds22', 'index_floor_5_tab_3', '1', '91', '/data/upload/2015-05-26/5563ed4b5b7f0.jpg', 'goods', '_self', '首页-Hmv Digital  -華納音樂', ''), ('186', 'Marina &amp; The Diamonds3', 'index_floor_5_tab_3', '1', '91', '/data/upload/2015-05-26/5563ed6c73a3d.jpg', 'goods', '_self', '首页-Hmv Digital  -華納音樂', ''), ('187', 'Sony Music1', 'index_floor_5_tab_4', '1', '91', '/data/upload/2015-05-26/5563ec9e625bb.jpg', 'goods', '_self', '首页-Hmv Digital  -Sony Music', ''), ('188', 'Marina &amp; The Diamonds', 'index_floor_5_tab_4', '1', '91', '/data/upload/2015-05-26/5563ed0248a74.jpg', 'goods', '_self', '首页-Hmv Digital  -Sony Music', ''), ('189', 'Marina &amp; The Diamonds22', 'index_floor_5_tab_4', '1', '91', '/data/upload/2015-05-26/5563ed4b5b7f0.jpg', 'goods', '_self', '首页-Hmv Digital  -Sony Music', ''), ('190', 'Marina &amp; The Diamonds3', 'index_floor_5_tab_4', '1', '91', '/data/upload/2015-05-26/5563ed6c73a3d.jpg', 'goods', '_self', '首页-Hmv Digital  -Sony Music', ''), ('191', 'Love Da Records1', 'index_floor_5_tab_5', '1', '91', '/data/upload/2015-05-26/5563ec9e625bb.jpg', 'goods', '_self', '首页-Hmv Digital  -Love Da Records', ''), ('192', 'Marina &amp; The Diamonds', 'index_floor_5_tab_5', '1', '91', '/data/upload/2015-05-26/5563ed0248a74.jpg', 'goods', '_self', '首页-Hmv Digital  -Love Da Records', ''), ('193', 'Marina &amp; The Diamonds22', 'index_floor_5_tab_5', '1', '91', '/data/upload/2015-05-26/5563ed4b5b7f0.jpg', 'goods', '_self', '首页-Hmv Digital  -Love Da Records', ''), ('194', 'Marina &amp; The Diamonds3', 'index_floor_5_tab_5', '1', '91', '/data/upload/2015-05-26/5563ed6c73a3d.jpg', 'goods', '_self', '首页-Hmv Digital  -Love Da Records', ''), ('195', 'Love Da Records1', 'index_floor_5_tab_6', '1', '91', '/data/upload/2015-05-26/5563ec9e625bb.jpg', 'goods', '_self', '首页-Hmv Digital  -Bgggars Group', ''), ('196', 'Marina &amp; The Diamonds', 'index_floor_5_tab_6', '1', '91', '/data/upload/2015-05-26/5563ed0248a74.jpg', 'goods', '_self', '首页-Hmv Digital  -Bgggars Group', ''), ('197', 'Marina &amp; The Diamonds22', 'index_floor_5_tab_6', '1', '91', '/data/upload/2015-05-26/5563ed4b5b7f0.jpg', 'goods', '_self', '首页-Hmv Digital  -Bgggars Group', ''), ('198', 'Marina &amp; The Diamonds3', 'index_floor_5_tab_6', '1', '91', '/data/upload/2015-05-26/5563ed6c73a3d.jpg', 'goods', '_self', '首页-Hmv Digital  -Bgggars Group', ''), ('199', '郑秀文 CHENG，SUMMI', 'index_floor_6_tab_1', '1', '91', '/data/upload/2015-06-11/5579406cc5937.jpg', 'goods', '_self', '首页-Hmv 排行榜 -國粵語音樂排行榜', 'HK$409.00'), ('200', '郑秀文 CHENG，SUMMI ', 'index_floor_6_tab_1', '1', '91', '/data/upload/2015-06-11/557940dcb9a54.jpg', 'goods', '_self', '首页-Hmv 排行榜 -國粵語音樂排行榜', 'HK$409.00'), ('201', '郑秀文 CHENG，SUMMI ', 'index_floor_6_tab_1', '1', '91', '/data/upload/2015-06-11/557940f2a00fb.jpg', 'goods', '_self', '首页-Hmv 排行榜 -國粵語音樂排行榜', 'HK$409.00'), ('202', '郑秀文 CHENG，SUMMI ', 'index_floor_6_tab_1', '1', '91', '/data/upload/2015-06-11/55794108b9850.jpg', 'goods', '_self', '首页-Hmv 排行榜 -國粵語音樂排行榜', 'HK$409.00'), ('203', '亞洲音樂排行榜1', 'index_floor_6_tab_2', '1', '91', '/data/upload/2015-05-26/5564166da740c.jpg', 'goods', '_self', '首页-Hmv 排行榜 -亞洲音樂排行榜', ''), ('204', 'Marina &amp; The Diamonds', 'index_floor_6_tab_2', '1', '91', '/data/upload/2015-05-26/5563ed0248a74.jpg', 'goods', '_self', '首页-Hmv 排行榜 -亞洲音樂排行榜', ''), ('205', 'Marina &amp; The Diamonds22', 'index_floor_6_tab_2', '1', '91', '/data/upload/2015-05-26/5563ed4b5b7f0.jpg', 'goods', '_self', '首页-Hmv 排行榜 -亞洲音樂排行榜', ''), ('206', 'Marina &amp; The Diamonds3', 'index_floor_6_tab_2', '1', '91', '/data/upload/2015-05-26/5563ed6c73a3d.jpg', 'goods', '_self', '首页-Hmv 排行榜 -亞洲音樂排行榜', ''), ('207', '搖滾及流行樂排行榜1', 'index_floor_6_tab_3', '1', '91', '/data/upload/2015-05-26/5563ec9e625bb.jpg', 'goods', '_self', '首页-Hmv 排行榜 -搖滾及流行樂排行榜', ''), ('208', 'Marina &amp; The Diamonds', 'index_floor_6_tab_3', '1', '91', '/data/upload/2015-05-26/5563ed0248a74.jpg', 'goods', '_self', '首页-Hmv 排行榜 -搖滾及流行樂排行榜', ''), ('209', 'Marina &amp; The Diamonds22', 'index_floor_6_tab_3', '1', '91', '/data/upload/2015-05-26/5563ed4b5b7f0.jpg', 'goods', '_self', '首页-Hmv 排行榜 -搖滾及流行樂排行榜', ''), ('210', 'Marina &amp; The Diamonds3', 'index_floor_6_tab_3', '1', '91', '/data/upload/2015-05-26/5563ed6c73a3d.jpg', 'goods', '_self', '首页-Hmv 排行榜 -搖滾及流行樂排行榜', ''), ('211', '爵士樂/輕音樂排行榜1', 'index_floor_6_tab_4', '1', '91', '/data/upload/2015-05-26/5563ec9e625bb.jpg', 'goods', '_self', '首页-Hmv 排行榜 -爵士樂/輕音樂排行榜', ''), ('212', 'Marina &amp; The Diamonds', 'index_floor_6_tab_4', '1', '91', '/data/upload/2015-05-26/5563ed0248a74.jpg', 'goods', '_self', '首页-Hmv 排行榜 -爵士樂/輕音樂排行榜', ''), ('213', 'Marina &amp; The Diamonds22', 'index_floor_6_tab_4', '1', '91', '/data/upload/2015-05-26/5563ed4b5b7f0.jpg', 'goods', '_self', '首页-Hmv 排行榜 -爵士樂/輕音樂排行榜', ''), ('214', 'Marina &amp; The Diamonds3', 'index_floor_6_tab_4', '1', '91', '/data/upload/2015-05-26/5563ed6c73a3d.jpg', 'goods', '_self', '首页-Hmv 排行榜 -爵士樂/輕音樂排行榜', ''), ('215', '原聲大碟排行榜1', 'index_floor_6_tab_5', '1', '91', '/data/upload/2015-05-26/5563ec9e625bb.jpg', 'goods', '_self', '首页-Hmv 排行榜 -原聲大碟排行榜', ''), ('216', 'Marina &amp; The Diamonds', 'index_floor_6_tab_5', '1', '91', '/data/upload/2015-05-26/5563ed0248a74.jpg', 'goods', '_self', '首页-Hmv 排行榜 -原聲大碟排行榜', ''), ('217', 'Marina &amp; The Diamonds22', 'index_floor_6_tab_5', '1', '91', '/data/upload/2015-05-26/5563ed4b5b7f0.jpg', 'goods', '_self', '首页-Hmv 排行榜 -原聲大碟排行榜', ''), ('218', 'Marina &amp; The Diamonds3', 'index_floor_6_tab_5', '1', '91', '/data/upload/2015-05-26/5563ed6c73a3d.jpg', 'goods', '_self', '首页-Hmv 排行榜 -原聲大碟排行榜', ''), ('219', 'Marina &amp; The Diamonds', 'index_floor_7', '1', '91', '/data/upload/2015-06-11/5579414b9dd8b.jpg', 'goods', '_self', '首页-黑膠唱碟-左下方', ''), ('220', ' Marina &amp; The Diamonds', 'index_floor_7', '1', '91', '', 'goods', '_self', '首页-黑膠唱碟-左下方', ''), ('221', '張惠妹', 'index_floor_7', '1', '91', '', 'goods', '_self', ' 首页-黑膠唱碟-左下方', ''), ('222', '鳳凰傳奇', 'index_floor_7', '1', '91', '', 'goods', '_self', '首页-黑膠唱碟-左下方', ''), ('223', '羽泉', 'index_floor_7', '1', '91', '', 'goods', '_self', '首页-黑膠唱碟-左下方', ''), ('224', '羽泉2', 'index_floor_7', '1', '91', '', 'goods', '_self', '首页-黑膠唱碟-左下方', ''), ('225', '粵語1', 'index_floor_7_tab_1', '1', '91', '/data/upload/2015-06-11/55794189d84d1.jpg', 'goods', '_self', '首页-黑膠唱碟-粵語', ''), ('226', 'Marina &amp; The Diamonds', 'index_floor_7_tab_1', '1', '91', '/data/upload/2015-06-11/5579419aab4cc.jpg', 'goods', '_self', '首页-黑膠唱碟-粵語', ''), ('227', 'Marina &amp; The Diamonds22', 'index_floor_7_tab_1', '1', '91', '/data/upload/2015-06-11/557941b4ad669.jpg', 'goods', '_self', '首页-黑膠唱碟-粵語', ''), ('228', 'Marina &amp; The Diamonds3', 'index_floor_7_tab_1', '1', '91', '/data/upload/2015-06-11/557941ccd151c.jpg', 'goods', '_self', '首页-黑膠唱碟-粵語', ''), ('229', 'Marina &amp; The Diamonds4', 'index_floor_7_tab_1', '1', '91', '/data/upload/2015-06-11/557941efd42df.jpg', 'goods', '_self', '首页-黑膠唱碟-粵語', ''), ('230', 'Marina &amp; The Diamonds455', 'index_floor_7_tab_1', '1', '91', '/data/upload/2015-06-11/557942076d034.jpg', 'goods', '_self', '首页-黑膠唱碟-粵語', ''), ('231', 'Marina &amp; The Diamonds4', 'index_floor_7_tab_1', '1', '91', '/data/upload/2015-06-11/55794218e9d0a.jpg', 'goods', '_self', '首页-黑膠唱碟-粵語', ''), ('232', 'Marina &amp; The Diamonds455', 'index_floor_7_tab_1', '1', '91', '/data/upload/2015-06-11/5579422a948dd.jpg', 'goods', '_self', '首页-黑膠唱碟-粵語', ''), ('233', '國語1', 'index_floor_7_tab_2', '1', '91', '/data/upload/2015-05-26/5564166da740c.jpg', 'goods', '_self', '首页-黑膠唱碟-國語', ''), ('234', 'Marina &amp; The Diamonds', 'index_floor_7_tab_2', '1', '91', '/data/upload/2015-05-26/5563ed0248a74.jpg', 'goods', '_self', '首页-黑膠唱碟-國語', ''), ('235', 'Marina &amp; The Diamonds22', 'index_floor_7_tab_2', '1', '91', '/data/upload/2015-05-26/5563ed4b5b7f0.jpg', 'goods', '_self', '首页-黑膠唱碟-國語', ''), ('236', 'Marina &amp; The Diamonds3', 'index_floor_7_tab_2', '1', '91', '/data/upload/2015-05-26/5563ed6c73a3d.jpg', 'goods', '_self', '首页-黑膠唱碟-國語', ''), ('237', 'Marina &amp; The Diamonds4', 'index_floor_7_tab_2', '1', '91', '/data/upload/2015-05-26/5563edaa290fe.jpg', 'goods', '_self', '首页-黑膠唱碟-國語', ''), ('238', 'Marina &amp; The Diamonds455', 'index_floor_7_tab_2', '1', '91', '/data/upload/2015-05-26/5563edce89460.jpg', 'goods', '_self', '首页-黑膠唱碟-國語', ''), ('239', 'Marina &amp; The Diamonds4', 'index_floor_7_tab_2', '1', '91', '/data/upload/2015-05-26/5563edaa290fe.jpg', 'goods', '_self', '首页-黑膠唱碟-國語', ''), ('240', 'Marina &amp; The Diamonds455', 'index_floor_7_tab_2', '1', '91', '/data/upload/2015-05-26/5563edce89460.jpg', 'goods', '_self', '首页-黑膠唱碟-國語', ''), ('241', '歐美1', 'index_floor_7_tab_3', '1', '91', '/data/upload/2015-05-26/5563ec9e625bb.jpg', 'goods', '_self', '首页-黑膠唱碟-歐美', ''), ('242', 'Marina &amp; The Diamonds', 'index_floor_7_tab_3', '1', '91', '/data/upload/2015-05-26/5563ed0248a74.jpg', 'goods', '_self', '首页-黑膠唱碟-歐美', ''), ('243', 'Marina &amp; The Diamonds22', 'index_floor_7_tab_3', '1', '91', '/data/upload/2015-05-26/5563ed4b5b7f0.jpg', 'goods', '_self', '首页-黑膠唱碟-歐美', ''), ('244', 'Marina &amp; The Diamonds3', 'index_floor_7_tab_3', '1', '91', '/data/upload/2015-05-26/5563ed6c73a3d.jpg', 'goods', '_self', '首页-黑膠唱碟-歐美', ''), ('245', 'Marina &amp; The Diamonds4', 'index_floor_7_tab_3', '1', '91', '/data/upload/2015-05-26/5563edaa290fe.jpg', 'goods', '_self', '首页-黑膠唱碟-歐美', ''), ('246', 'Marina &amp; The Diamonds455', 'index_floor_7_tab_3', '1', '91', '/data/upload/2015-05-26/5563edce89460.jpg', 'goods', '_self', '首页-黑膠唱碟-歐美', ''), ('247', 'Marina &amp; The Diamonds4', 'index_floor_7_tab_3', '1', '91', '/data/upload/2015-05-26/5563edaa290fe.jpg', 'goods', '_self', '首页-黑膠唱碟-歐美', ''), ('248', 'Marina &amp; The Diamonds455', 'index_floor_7_tab_3', '1', '91', '/data/upload/2015-05-26/5563edce89460.jpg', 'goods', '_self', '首页-黑膠唱碟-歐美', ''), ('249', '日韓1', 'index_floor_7_tab_4', '1', '91', '/data/upload/2015-05-26/5563ec9e625bb.jpg', 'goods', '_self', '首页-黑膠唱碟-日韓', ''), ('250', 'Marina &amp; The Diamonds', 'index_floor_7_tab_4', '1', '91', '/data/upload/2015-05-26/5563ed0248a74.jpg', 'goods', '_self', '首页-黑膠唱碟-日韓', ''), ('251', 'Marina &amp; The Diamonds22', 'index_floor_7_tab_4', '1', '91', '/data/upload/2015-05-26/5563ed4b5b7f0.jpg', 'goods', '_self', '首页-黑膠唱碟-日韓', ''), ('252', 'Marina &amp; The Diamonds3', 'index_floor_7_tab_4', '1', '91', '/data/upload/2015-05-26/5563ed6c73a3d.jpg', 'goods', '_self', '首页-黑膠唱碟-日韓', ''), ('253', 'Marina &amp; The Diamonds4', 'index_floor_7_tab_4', '1', '91', '/data/upload/2015-05-26/5563edaa290fe.jpg', 'goods', '_self', '首页-黑膠唱碟-日韓', ''), ('254', 'Marina &amp; The Diamonds455', 'index_floor_7_tab_4', '1', '91', '/data/upload/2015-05-26/5563edce89460.jpg', 'goods', '_self', '首页-黑膠唱碟-日韓', ''), ('255', 'Marina &amp; The Diamonds4', 'index_floor_7_tab_4', '1', '91', '/data/upload/2015-05-26/5563edaa290fe.jpg', 'goods', '_self', '首页-黑膠唱碟-日韓', ''), ('256', 'Marina &amp; The Diamonds455', 'index_floor_7_tab_4', '1', '91', '/data/upload/2015-05-26/5563edce89460.jpg', 'goods', '_self', '首页-黑膠唱碟-日韓', ''), ('257', '爵士1', 'index_floor_7_tab_5', '1', '91', '/data/upload/2015-05-26/5563ec9e625bb.jpg', 'goods', '_self', '首页-黑膠唱碟-爵士', ''), ('258', 'Marina &amp; The Diamonds', 'index_floor_7_tab_5', '1', '91', '/data/upload/2015-05-26/5563ed0248a74.jpg', 'goods', '_self', '首页-黑膠唱碟-爵士', ''), ('259', 'Marina &amp; The Diamonds22', 'index_floor_7_tab_5', '1', '91', '/data/upload/2015-05-26/5563ed4b5b7f0.jpg', 'goods', '_self', '首页-黑膠唱碟-爵士', ''), ('260', 'Marina &amp; The Diamonds3', 'index_floor_7_tab_5', '1', '91', '/data/upload/2015-05-26/5563ed6c73a3d.jpg', 'goods', '_self', '首页-黑膠唱碟-爵士', ''), ('261', 'Marina &amp; The Diamonds4', 'index_floor_7_tab_5', '1', '91', '/data/upload/2015-05-26/5563edaa290fe.jpg', 'goods', '_self', '首页-黑膠唱碟-爵士', ''), ('262', 'Marina &amp; The Diamonds455', 'index_floor_7_tab_5', '1', '91', '/data/upload/2015-05-26/5563edce89460.jpg', 'goods', '_self', '首页-黑膠唱碟-爵士', ''), ('263', 'Marina &amp; The Diamonds4', 'index_floor_7_tab_5', '1', '91', '/data/upload/2015-05-26/5563edaa290fe.jpg', 'goods', '_self', '首页-黑膠唱碟-爵士', ''), ('264', 'Marina &amp; The Diamonds455', 'index_floor_7_tab_5', '1', '91', '/data/upload/2015-05-26/5563edce89460.jpg', 'goods', '_self', '首页-黑膠唱碟-爵士', ''), ('265', '跨界1', 'index_floor_7_tab_6', '1', '91', '/data/upload/2015-05-26/5563ec9e625bb.jpg', 'goods', '_self', '首页-黑膠唱碟-跨界', ''), ('266', 'Marina &amp; The Diamonds', 'index_floor_7_tab_6', '1', '91', '/data/upload/2015-05-26/5563ed0248a74.jpg', 'goods', '_self', '首页-黑膠唱碟-跨界', ''), ('267', 'Marina &amp; The Diamonds22', 'index_floor_7_tab_6', '1', '91', '/data/upload/2015-05-26/5563ed4b5b7f0.jpg', 'goods', '_self', '首页-黑膠唱碟-跨界', ''), ('268', 'Marina &amp; The Diamonds3', 'index_floor_7_tab_6', '1', '91', '/data/upload/2015-05-26/5563ed6c73a3d.jpg', 'goods', '_self', '首页-黑膠唱碟-跨界', ''), ('269', 'Marina &amp; The Diamonds4', 'index_floor_7_tab_6', '1', '91', '/data/upload/2015-05-26/5563edaa290fe.jpg', 'goods', '_self', '首页-黑膠唱碟-跨界', ''), ('270', 'Marina &amp; The Diamonds455', 'index_floor_7_tab_6', '1', '91', '/data/upload/2015-05-26/5563edce89460.jpg', 'goods', '_self', '首页-黑膠唱碟-跨界', ''), ('271', 'Marina &amp; The Diamonds4', 'index_floor_7_tab_6', '1', '91', '/data/upload/2015-05-26/5563edaa290fe.jpg', 'goods', '_self', '首页-黑膠唱碟-跨界', ''), ('272', 'Marina &amp; The Diamonds455', 'index_floor_7_tab_6', '1', '91', '/data/upload/2015-05-26/5563edce89460.jpg', 'goods', '_self', '首页-黑膠唱碟-跨界', ''), ('273', '古典1', 'index_floor_7_tab_7', '1', '91', '/data/upload/2015-05-26/5563ec9e625bb.jpg', 'goods', '_self', '首页-黑膠唱碟-古典', ''), ('274', 'Marina &amp; The Diamonds', 'index_floor_7_tab_7', '1', '91', '/data/upload/2015-05-26/5563ed0248a74.jpg', 'goods', '_self', '首页-黑膠唱碟-古典', ''), ('275', 'Marina &amp; The Diamonds22', 'index_floor_7_tab_7', '1', '91', '/data/upload/2015-05-26/5563ed4b5b7f0.jpg', 'goods', '_self', '首页-黑膠唱碟-古典', ''), ('276', 'Marina &amp; The Diamonds3', 'index_floor_7_tab_7', '1', '91', '/data/upload/2015-05-26/5563ed6c73a3d.jpg', 'goods', '_self', '首页-黑膠唱碟-古典', ''), ('277', 'Marina &amp; The Diamonds4', 'index_floor_7_tab_7', '1', '91', '/data/upload/2015-05-26/5563edaa290fe.jpg', 'goods', '_self', '首页-黑膠唱碟-古典', ''), ('278', 'Marina &amp; The Diamonds455', 'index_floor_7_tab_7', '1', '91', '/data/upload/2015-05-26/5563edce89460.jpg', 'goods', '_self', '首页-黑膠唱碟-古典', ''), ('279', 'Marina &amp; The Diamonds4', 'index_floor_7_tab_7', '1', '91', '/data/upload/2015-05-26/5563edaa290fe.jpg', 'goods', '_self', '首页-黑膠唱碟-古典', ''), ('280', 'Marina &amp; The Diamonds455', 'index_floor_7_tab_7', '1', '91', '/data/upload/2015-05-26/5563edce89460.jpg', 'goods', '_self', '首页-黑膠唱碟-古典', ''), ('281', '古典1', 'index_floor_8_tab_8', '1', '91', '/data/upload/2015-05-26/5563ec9e625bb.jpg', 'goods', '_self', '首页-黑膠唱碟-古典', ''), ('282', 'Marina &amp; The Diamonds', 'index_floor_7_tab_8', '1', '91', '/data/upload/2015-05-26/5563ed0248a74.jpg', 'goods', '_self', '首页-黑膠唱碟-演奏', ''), ('283', 'Marina &amp; The Diamonds22', 'index_floor_7_tab_8', '1', '91', '/data/upload/2015-05-26/5563ed4b5b7f0.jpg', 'goods', '_self', '首页-黑膠唱碟-演奏', ''), ('284', 'Marina &amp; The Diamonds3', 'index_floor_7_tab_8', '1', '91', '/data/upload/2015-05-26/5563ed6c73a3d.jpg', 'goods', '_self', '首页-黑膠唱碟-演奏', ''), ('285', 'Marina &amp; The Diamonds4', 'index_floor_7_tab_8', '1', '91', '/data/upload/2015-05-26/5563edaa290fe.jpg', 'goods', '_self', '首页-黑膠唱碟-演奏', ''), ('286', 'Marina &amp; The Diamonds455', 'index_floor_7_tab_8', '1', '91', '/data/upload/2015-05-26/5563edce89460.jpg', 'goods', '_self', '首页-黑膠唱碟-演奏', ''), ('287', 'Marina &amp; The Diamonds4', 'index_floor_7_tab_8', '1', '91', '/data/upload/2015-05-26/5563edaa290fe.jpg', 'goods', '_self', '首页-黑膠唱碟-演奏', ''), ('288', 'Marina &amp; The Diamonds455', 'index_floor_7_tab_8', '1', '91', '/data/upload/2015-05-26/5563edce89460.jpg', 'goods', '_self', '首页-黑膠唱碟-演奏', ''), ('289', 'Marina &amp; The Diamonds', 'index_floor_8', '1', '91', '/data/upload/2015-06-11/557942d707a2d.jpg', 'goods', '_self', '首页-黑膠唱碟-左下方', ''), ('290', ' Marina &amp; The Diamonds', 'index_floor_8', '1', '91', '', 'goods', '_self', '首页-黑膠唱碟-左下方', ''), ('291', '張惠妹', 'index_floor_8', '1', '91', '', 'goods', '_self', ' 首页-黑膠唱碟-左下方', ''), ('292', '鳳凰傳奇', 'index_floor_8', '1', '91', '', 'goods', '_self', '首页-黑膠唱碟-左下方', ''), ('293', '羽泉', 'index_floor_8', '1', '91', '', 'goods', '_self', '首页-黑膠唱碟-左下方', ''), ('294', '羽泉2', 'index_floor_8', '1', '91', '', 'goods', '_self', '首页-黑膠唱碟-左下方', ''), ('295', '粵語1', 'index_floor_8_tab_1', '1', '91', '/data/upload/2015-06-11/557942f3051b5.jpg', 'goods', '_self', '首页-黑膠唱碟-粵語', ''), ('296', 'Marina &amp; The Diamonds', 'index_floor_8_tab_1', '1', '91', '/data/upload/2015-06-11/55794325274c2.jpg', 'goods', '_self', '首页-黑膠唱碟-粵語', ''), ('297', 'Marina &amp; The Diamonds22', 'index_floor_8_tab_1', '1', '91', '/data/upload/2015-06-11/5579433930041.jpg', 'goods', '_self', '首页-黑膠唱碟-粵語', ''), ('298', 'Marina &amp; The Diamonds3', 'index_floor_8_tab_1', '1', '91', '/data/upload/2015-06-11/557943707a625.jpg', 'goods', '_self', '首页-黑膠唱碟-粵語', ''), ('299', 'Marina &amp; The Diamonds4', 'index_floor_8_tab_1', '1', '91', '/data/upload/2015-06-11/5579438676a7b.jpg', 'goods', '_self', '首页-黑膠唱碟-粵語', ''), ('300', 'Marina &amp; The Diamonds455', 'index_floor_8_tab_1', '1', '91', '/data/upload/2015-06-11/55794398b8906.jpg', 'goods', '_self', '首页-黑膠唱碟-粵語', ''), ('301', 'Marina &amp; The Diamonds4', 'index_floor_8_tab_1', '1', '91', '/data/upload/2015-06-11/557943be336c7.jpg', 'goods', '_self', '首页-黑膠唱碟-粵語', ''), ('302', 'Marina &amp; The Diamonds455', 'index_floor_8_tab_1', '1', '91', '/data/upload/2015-06-11/557943d16efde.jpg', 'goods', '_self', '首页-黑膠唱碟-粵語', ''), ('303', '國語1', 'index_floor_8_tab_2', '1', '91', '/data/upload/2015-05-26/5564166da740c.jpg', 'goods', '_self', '首页-黑膠唱碟-國語', ''), ('304', 'Marina &amp; The Diamonds', 'index_floor_8_tab_2', '1', '91', '/data/upload/2015-05-26/5563ed0248a74.jpg', 'goods', '_self', '首页-黑膠唱碟-國語', ''), ('305', 'Marina &amp; The Diamonds22', 'index_floor_8_tab_2', '1', '91', '/data/upload/2015-05-26/5563ed4b5b7f0.jpg', 'goods', '_self', '首页-黑膠唱碟-國語', ''), ('306', 'Marina &amp; The Diamonds3', 'index_floor_8_tab_2', '1', '91', '/data/upload/2015-05-26/5563ed6c73a3d.jpg', 'goods', '_self', '首页-黑膠唱碟-國語', ''), ('307', 'Marina &amp; The Diamonds4', 'index_floor_8_tab_2', '1', '91', '/data/upload/2015-05-26/5563edaa290fe.jpg', 'goods', '_self', '首页-黑膠唱碟-國語', ''), ('308', 'Marina &amp; The Diamonds455', 'index_floor_8_tab_2', '1', '91', '/data/upload/2015-05-26/5563edce89460.jpg', 'goods', '_self', '首页-黑膠唱碟-國語', ''), ('309', 'Marina &amp; The Diamonds4', 'index_floor_8_tab_2', '1', '91', '/data/upload/2015-05-26/5563edaa290fe.jpg', 'goods', '_self', '首页-黑膠唱碟-國語', ''), ('310', 'Marina &amp; The Diamonds455', 'index_floor_8_tab_2', '1', '91', '/data/upload/2015-05-26/5563edce89460.jpg', 'goods', '_self', '首页-黑膠唱碟-國語', ''), ('311', '歐美1', 'index_floor_8_tab_3', '1', '91', '/data/upload/2015-05-26/5563ec9e625bb.jpg', 'goods', '_self', '首页-黑膠唱碟-歐美', ''), ('312', 'Marina &amp; The Diamonds', 'index_floor_8_tab_3', '1', '91', '/data/upload/2015-05-26/5563ed0248a74.jpg', 'goods', '_self', '首页-黑膠唱碟-歐美', ''), ('313', 'Marina &amp; The Diamonds22', 'index_floor_8_tab_3', '1', '91', '/data/upload/2015-05-26/5563ed4b5b7f0.jpg', 'goods', '_self', '首页-黑膠唱碟-歐美', ''), ('314', 'Marina &amp; The Diamonds3', 'index_floor_8_tab_3', '1', '91', '/data/upload/2015-05-26/5563ed6c73a3d.jpg', 'goods', '_self', '首页-黑膠唱碟-歐美', ''), ('315', 'Marina &amp; The Diamonds4', 'index_floor_8_tab_3', '1', '91', '/data/upload/2015-05-26/5563edaa290fe.jpg', 'goods', '_self', '首页-黑膠唱碟-歐美', ''), ('316', 'Marina &amp; The Diamonds455', 'index_floor_8_tab_3', '1', '91', '/data/upload/2015-05-26/5563edce89460.jpg', 'goods', '_self', '首页-黑膠唱碟-歐美', ''), ('317', 'Marina &amp; The Diamonds4', 'index_floor_8_tab_3', '1', '91', '/data/upload/2015-05-26/5563edaa290fe.jpg', 'goods', '_self', '首页-黑膠唱碟-歐美', ''), ('318', 'Marina &amp; The Diamonds455', 'index_floor_8_tab_3', '1', '91', '/data/upload/2015-05-26/5563edce89460.jpg', 'goods', '_self', '首页-黑膠唱碟-歐美', ''), ('319', '日韓1', 'index_floor_8_tab_4', '1', '91', '/data/upload/2015-05-26/5563ec9e625bb.jpg', 'goods', '_self', '首页-黑膠唱碟-日韓', ''), ('320', 'Marina &amp; The Diamonds', 'index_floor_8_tab_4', '1', '91', '/data/upload/2015-05-26/5563ed0248a74.jpg', 'goods', '_self', '首页-黑膠唱碟-日韓', ''), ('321', 'Marina &amp; The Diamonds22', 'index_floor_8_tab_4', '1', '91', '/data/upload/2015-05-26/5563ed4b5b7f0.jpg', 'goods', '_self', '首页-黑膠唱碟-日韓', ''), ('322', 'Marina &amp; The Diamonds3', 'index_floor_8_tab_4', '1', '91', '/data/upload/2015-05-26/5563ed6c73a3d.jpg', 'goods', '_self', '首页-黑膠唱碟-日韓', ''), ('323', 'Marina &amp; The Diamonds4', 'index_floor_8_tab_4', '1', '91', '/data/upload/2015-05-26/5563edaa290fe.jpg', 'goods', '_self', '首页-黑膠唱碟-日韓', ''), ('324', 'Marina &amp; The Diamonds455', 'index_floor_8_tab_4', '1', '91', '/data/upload/2015-05-26/5563edce89460.jpg', 'goods', '_self', '首页-黑膠唱碟-日韓', ''), ('325', 'Marina &amp; The Diamonds4', 'index_floor_8_tab_4', '1', '91', '/data/upload/2015-05-26/5563edaa290fe.jpg', 'goods', '_self', '首页-黑膠唱碟-日韓', ''), ('326', 'Marina &amp; The Diamonds455', 'index_floor_8_tab_4', '1', '91', '/data/upload/2015-05-26/5563edce89460.jpg', 'goods', '_self', '首页-黑膠唱碟-日韓', ''), ('327', '爵士1', 'index_floor_8_tab_5', '1', '91', '/data/upload/2015-05-26/5563ec9e625bb.jpg', 'goods', '_self', '首页-黑膠唱碟-爵士', ''), ('328', 'Marina &amp; The Diamonds', 'index_floor_8_tab_5', '1', '91', '/data/upload/2015-05-26/5563ed0248a74.jpg', 'goods', '_self', '首页-黑膠唱碟-爵士', ''), ('329', 'Marina &amp; The Diamonds22', 'index_floor_8_tab_5', '1', '91', '/data/upload/2015-05-26/5563ed4b5b7f0.jpg', 'goods', '_self', '首页-黑膠唱碟-爵士', ''), ('330', 'Marina &amp; The Diamonds3', 'index_floor_8_tab_5', '1', '91', '/data/upload/2015-05-26/5563ed6c73a3d.jpg', 'goods', '_self', '首页-黑膠唱碟-爵士', ''), ('331', 'Marina &amp; The Diamonds4', 'index_floor_8_tab_5', '1', '91', '/data/upload/2015-05-26/5563edaa290fe.jpg', 'goods', '_self', '首页-黑膠唱碟-爵士', ''), ('332', 'Marina &amp; The Diamonds455', 'index_floor_8_tab_5', '1', '91', '/data/upload/2015-05-26/5563edce89460.jpg', 'goods', '_self', '首页-黑膠唱碟-爵士', ''), ('333', 'Marina &amp; The Diamonds4', 'index_floor_8_tab_5', '1', '91', '/data/upload/2015-05-26/5563edaa290fe.jpg', 'goods', '_self', '首页-黑膠唱碟-爵士', ''), ('334', 'Marina &amp; The Diamonds455', 'index_floor_8_tab_5', '1', '91', '/data/upload/2015-05-26/5563edce89460.jpg', 'goods', '_self', '首页-黑膠唱碟-爵士', ''), ('335', '跨界1', 'index_floor_8_tab_6', '1', '91', '/data/upload/2015-05-26/5563ec9e625bb.jpg', 'goods', '_self', '首页-黑膠唱碟-跨界', ''), ('336', 'Marina &amp; The Diamonds', 'index_floor_8_tab_6', '1', '91', '/data/upload/2015-05-26/5563ed0248a74.jpg', 'goods', '_self', '首页-黑膠唱碟-跨界', ''), ('337', 'Marina &amp; The Diamonds22', 'index_floor_8_tab_6', '1', '91', '/data/upload/2015-05-26/5563ed4b5b7f0.jpg', 'goods', '_self', '首页-黑膠唱碟-跨界', ''), ('338', 'Marina &amp; The Diamonds3', 'index_floor_8_tab_6', '1', '91', '/data/upload/2015-05-26/5563ed6c73a3d.jpg', 'goods', '_self', '首页-黑膠唱碟-跨界', ''), ('339', 'Marina &amp; The Diamonds4', 'index_floor_8_tab_6', '1', '91', '/data/upload/2015-05-26/5563edaa290fe.jpg', 'goods', '_self', '首页-黑膠唱碟-跨界', ''), ('340', 'Marina &amp; The Diamonds455', 'index_floor_8_tab_6', '1', '91', '/data/upload/2015-05-26/5563edce89460.jpg', 'goods', '_self', '首页-黑膠唱碟-跨界', ''), ('341', 'Marina &amp; The Diamonds4', 'index_floor_8_tab_6', '1', '91', '/data/upload/2015-05-26/5563edaa290fe.jpg', 'goods', '_self', '首页-黑膠唱碟-跨界', ''), ('342', 'Marina &amp; The Diamonds455', 'index_floor_8_tab_6', '1', '91', '/data/upload/2015-05-26/5563edce89460.jpg', 'goods', '_self', '首页-黑膠唱碟-跨界', ''), ('343', '古典1', 'index_floor_8_tab_7', '1', '91', '/data/upload/2015-05-26/5563ec9e625bb.jpg', 'goods', '_self', '首页-黑膠唱碟-古典', ''), ('344', 'Marina &amp; The Diamonds', 'index_floor_8_tab_7', '1', '91', '/data/upload/2015-05-26/5563ed0248a74.jpg', 'goods', '_self', '首页-黑膠唱碟-古典', ''), ('345', 'Marina &amp; The Diamonds22', 'index_floor_8_tab_7', '1', '91', '/data/upload/2015-05-26/5563ed4b5b7f0.jpg', 'goods', '_self', '首页-黑膠唱碟-古典', ''), ('346', 'Marina &amp; The Diamonds3', 'index_floor_8_tab_7', '1', '91', '/data/upload/2015-05-26/5563ed6c73a3d.jpg', 'goods', '_self', '首页-黑膠唱碟-古典', ''), ('347', 'Marina &amp; The Diamonds4', 'index_floor_8_tab_7', '1', '91', '/data/upload/2015-05-26/5563edaa290fe.jpg', 'goods', '_self', '首页-黑膠唱碟-古典', ''), ('348', 'Marina &amp; The Diamonds455', 'index_floor_8_tab_7', '1', '91', '/data/upload/2015-05-26/5563edce89460.jpg', 'goods', '_self', '首页-黑膠唱碟-古典', ''), ('349', 'Marina &amp; The Diamonds4', 'index_floor_8_tab_7', '1', '91', '/data/upload/2015-05-26/5563edaa290fe.jpg', 'goods', '_self', '首页-黑膠唱碟-古典', ''), ('350', 'Marina &amp; The Diamonds455', 'index_floor_8_tab_7', '1', '91', '/data/upload/2015-05-26/5563edce89460.jpg', 'goods', '_self', '首页-黑膠唱碟-古典', ''), ('351', '古典1', 'index_floor_8_tab_8', '1', '91', '/data/upload/2015-05-26/5563ec9e625bb.jpg', 'goods', '_self', '首页-黑膠唱碟-古典', ''), ('352', 'Marina &amp; The Diamonds', 'index_floor_8_tab_8', '1', '91', '/data/upload/2015-05-26/5563ed0248a74.jpg', 'goods', '_self', '首页-黑膠唱碟-演奏', ''), ('353', 'Marina &amp; The Diamonds22', 'index_floor_8_tab_8', '1', '91', '/data/upload/2015-05-26/5563ed4b5b7f0.jpg', 'goods', '_self', '首页-黑膠唱碟-演奏', ''), ('354', 'Marina &amp; The Diamonds3', 'index_floor_8_tab_8', '1', '91', '/data/upload/2015-05-26/5563ed6c73a3d.jpg', 'goods', '_self', '首页-黑膠唱碟-演奏', ''), ('355', 'Marina &amp; The Diamonds4', 'index_floor_8_tab_8', '1', '91', '/data/upload/2015-05-26/5563edaa290fe.jpg', 'goods', '_self', '首页-黑膠唱碟-演奏', ''), ('356', 'Marina &amp; The Diamonds455', 'index_floor_8_tab_8', '1', '91', '/data/upload/2015-05-26/5563edce89460.jpg', 'goods', '_self', '首页-黑膠唱碟-演奏', ''), ('357', 'Marina &amp; The Diamonds4', 'index_floor_8_tab_8', '1', '91', '/data/upload/2015-05-26/5563edaa290fe.jpg', 'goods', '_self', '首页-黑膠唱碟-演奏', ''), ('358', 'Marina &amp; The Diamonds455', 'index_floor_8_tab_8', '1', '91', '/data/upload/2015-05-26/5563edce89460.jpg', 'goods', '_self', '首页-黑膠唱碟-演奏', ''), ('359', '影碟', 'top_hot_search', '1', '91', '', 'goods', '_self', '顶部-热搜', ''), ('360', '電影', 'top_hot_search', '1', '91', '', 'goods', '_self', '顶部-热搜', ''), ('361', '電視系列', 'top_hot_search', '1', '91', '', 'goods', '_self', '顶部-热搜', ''), ('362', '電子遊戲', 'top_hot_search', '1', '91', '', 'goods', '_self', '顶部-热搜', ''), ('363', '陳奕迅', 'top_hot_search', '1', '91', '', 'goods', '_self', '顶部-热搜', ''), ('364', '預購遊戲', 'top_hot_search', '1', '91', '', 'goods', '_self', '顶部-热搜', ''), ('365', 'XBox遊戲', 'top_hot_search', '1', '91', '', 'goods', '_self', '顶部-热搜', ''), ('366', 'Marina &amp; The Diamonds455', 'index_floor_7_tab_8', '1', '91', '/data/upload/2015-05-26/5563edce89460.jpg', 'goods', '_self', '首页-黑膠唱碟-演奏', ''), ('367', '音樂才女吳子涵首發專輯', 'news_left', '1', '91', '/data/upload/2015-06-09/5576b61461a21.jpg', 'goods', '_self', '新闻左侧', ''), ('368', '音樂才女吳子涵首發專輯', 'news_left', '1', '91', '/data/upload/2015-06-09/5576b64f78509.jpg', 'goods', '_self', '新闻左侧', ''), ('369', '音樂才女吳子涵首發專輯', 'news_left', '1', '91', '/data/upload/2015-06-09/5576b66b0e2c9.jpg', 'goods', '_self', '新闻左侧', ''), ('370', '音樂才女吳子涵首發專輯', 'news_left', '1', '91', '/data/upload/2015-06-09/5576b9a6d5427.jpg', 'goods', '_self', '新闻左侧', ''), ('371', '新品预告', 'preorder_banner', '1', '91', '/data/upload/2015-06-10/5577e22293ea8.jpg', 'goods', '_self', '新品预告banner', ''), ('372', '黑膠唱碟', 'blackrubber_banner', '1', '91', '/data/upload/2015-06-10/5577e0bda1885.jpg', 'goods', '_self', '黑膠唱碟banner', ''), ('373', 'Blu-ray', 'blu_ray_banner', '1', '91', '/data/upload/2015-06-10/5577e0e81aaff.jpg', 'goods', '_self', 'Blu-ray banner', ''), ('374', '排行榜', 'sort_banner', '1', '91', '/data/upload/2015-06-10/5577e59cededc.jpg', 'goods', '_self', '排行榜banner', ''), ('375', '【特惠】音像满200减100券限时抢', 'index_news_bulletin', '1', '15', '', 'article', '_blank', '首页-顶部-资讯快报', ''), ('376', '音像满200减90券限时抢', 'index_news_bulletin', '1', '15', '', 'article', '_self', '首页-顶部-资讯快报', ''), ('377', '音像满200减80券限时抢', 'index_news_bulletin', '1', '15', '', 'article', '_self', '首页-顶部-资讯快报', ''), ('378', '音像满200减70券限时抢', 'index_news_bulletin', '1', '15', '', 'article', '_blank', '首页-顶部-资讯快报', ''), ('379', '音像满200减60券限时抢', 'index_news_bulletin', '1', '15', '', 'article', '_blank', '首页-顶部-资讯快报', ''), ('380', '音像满300减150券限时抢', 'index_news_bulletin', '1', '15', '', 'article', '_self', '首页-顶部-资讯快报', ''), ('381', '音像满300减120券限时抢', 'index_news_bulletin', '1', '15', '', 'article', '_self', '首页-顶部-资讯快报', ''), ('382', '音像满300减100券限时抢', 'index_news_bulletin', '1', '15', '', 'article', '_self', '首页-顶部-资讯快报', ''), ('383', '音像满400减200券限时抢', 'index_news_bulletin', '1', '15', '/data/upload/2015-06-16/557f922dc74a1.jpg', 'article', '_self', '首页-顶部-资讯快报', ''), ('384', '音像满400减200券限时抢', 'index_news_bulletin', '1', '15', '/data/upload/2015-06-16/557f925779fd9.jpg', 'article', '_self', '首页-顶部-资讯快报', '');
COMMIT;

-- ----------------------------
--  Table structure for `sp_apply`
-- ----------------------------
DROP TABLE IF EXISTS `sp_apply`;
CREATE TABLE `sp_apply` (
  `id` bigint(20) unsigned NOT NULL AUTO_INCREMENT,
  `uid` bigint(20) NOT NULL,
  `compid` bigint(20) NOT NULL COMMENT '发布职位人的uid',
  `resume_id` bigint(20) NOT NULL COMMENT '简历id',
  `job_id` bigint(20) NOT NULL COMMENT '申请职位的id',
  `apply_time` varchar(10) NOT NULL COMMENT '申请时间',
  `status` tinyint(1) NOT NULL DEFAULT '0' COMMENT '0 未查看 1查看 2下载',
  PRIMARY KEY (`id`)
) ENGINE=InnoDB AUTO_INCREMENT=5 DEFAULT CHARSET=utf8;

-- ----------------------------
--  Records of `sp_apply`
-- ----------------------------
BEGIN;
INSERT INTO `sp_apply` VALUES ('1', '15', '1', '3', '2', '', '0'), ('2', '15', '1', '2', '1', '', '0'), ('3', '3', '15', '1', '2', '', '0'), ('4', '10', '15', '4', '8', '', '1');
COMMIT;

-- ----------------------------
--  Table structure for `sp_asset`
-- ----------------------------
DROP TABLE IF EXISTS `sp_asset`;
CREATE TABLE `sp_asset` (
  `aid` bigint(20) NOT NULL AUTO_INCREMENT,
  `key` varchar(50) NOT NULL,
  `filename` varchar(50) DEFAULT NULL,
  `filesize` int(11) DEFAULT NULL,
  `filepath` varchar(200) NOT NULL,
  `uploadtime` int(11) NOT NULL,
  `status` int(2) NOT NULL DEFAULT '1',
  `meta` text,
  `suffix` varchar(50) DEFAULT NULL,
  `download_times` int(6) NOT NULL,
  PRIMARY KEY (`aid`)
) ENGINE=MyISAM DEFAULT CHARSET=utf8;

-- ----------------------------
--  Table structure for `sp_auth_access`
-- ----------------------------
DROP TABLE IF EXISTS `sp_auth_access`;
CREATE TABLE `sp_auth_access` (
  `role_id` mediumint(8) unsigned NOT NULL COMMENT '角色',
  `rule_name` varchar(255) NOT NULL COMMENT '规则唯一英文标识,全小写',
  `type` varchar(30) DEFAULT NULL COMMENT '权限规则分类，请加应用前缀,如admin_',
  KEY `role_id` (`role_id`),
  KEY `rule_name` (`rule_name`) USING BTREE
) ENGINE=MyISAM DEFAULT CHARSET=utf8;

-- ----------------------------
--  Records of `sp_auth_access`
-- ----------------------------
BEGIN;
INSERT INTO `sp_auth_access` VALUES ('2', 'admin/content/default', 'admin_url'), ('2', 'api/guestbookadmin/index', 'admin_url'), ('2', 'api/guestbookadmin/delete', 'admin_url'), ('2', 'comment/commentadmin/index', 'admin_url'), ('2', 'comment/commentadmin/delete', 'admin_url'), ('2', 'comment/commentadmin/check', 'admin_url'), ('2', 'portal/adminpost/index', 'admin_url'), ('2', 'portal/adminpost/listorders', 'admin_url'), ('2', 'portal/adminpost/top', 'admin_url'), ('2', 'portal/adminpost/recommend', 'admin_url'), ('2', 'portal/adminpost/move', 'admin_url'), ('2', 'portal/adminpost/check', 'admin_url'), ('2', 'portal/adminpost/delete', 'admin_url'), ('2', 'portal/adminpost/edit', 'admin_url'), ('2', 'portal/adminpost/edit_post', 'admin_url'), ('2', 'portal/adminpost/add', 'admin_url'), ('2', 'portal/adminpost/add_post', 'admin_url'), ('2', 'portal/adminterm/index', 'admin_url'), ('2', 'portal/adminterm/listorders', 'admin_url'), ('2', 'portal/adminterm/delete', 'admin_url'), ('2', 'portal/adminterm/edit', 'admin_url'), ('2', 'portal/adminterm/edit_post', 'admin_url'), ('2', 'portal/adminterm/add', 'admin_url'), ('2', 'portal/adminterm/add_post', 'admin_url'), ('2', 'portal/adminpage/index', 'admin_url'), ('2', 'portal/adminpage/listorders', 'admin_url'), ('2', 'portal/adminpage/delete', 'admin_url'), ('2', 'portal/adminpage/edit', 'admin_url'), ('2', 'portal/adminpage/edit_post', 'admin_url'), ('2', 'portal/adminpage/add', 'admin_url'), ('2', 'portal/adminpage/add_post', 'admin_url'), ('2', 'admin/recycle/default', 'admin_url'), ('2', 'portal/adminpost/recyclebin', 'admin_url'), ('2', 'portal/adminpost/restore', 'admin_url'), ('2', 'portal/adminpost/clean', 'admin_url'), ('2', 'portal/adminpage/recyclebin', 'admin_url'), ('2', 'portal/adminpage/clean', 'admin_url'), ('2', 'portal/adminpage/restore', 'admin_url');
COMMIT;

-- ----------------------------
--  Table structure for `sp_auth_rule`
-- ----------------------------
DROP TABLE IF EXISTS `sp_auth_rule`;
CREATE TABLE `sp_auth_rule` (
  `id` mediumint(8) unsigned NOT NULL AUTO_INCREMENT COMMENT '规则id,自增主键',
  `module` varchar(20) NOT NULL COMMENT '规则所属module',
  `type` varchar(30) NOT NULL DEFAULT '1' COMMENT '权限规则分类，请加应用前缀,如admin_',
  `name` varchar(255) NOT NULL DEFAULT '' COMMENT '规则唯一英文标识,全小写',
  `param` varchar(255) DEFAULT NULL COMMENT '额外url参数',
  `title` varchar(20) NOT NULL DEFAULT '' COMMENT '规则中文描述',
  `status` tinyint(1) NOT NULL DEFAULT '1' COMMENT '是否有效(0:无效,1:有效)',
  `condition` varchar(300) NOT NULL DEFAULT '' COMMENT '规则附加条件',
  PRIMARY KEY (`id`),
  KEY `module` (`module`,`status`,`type`)
) ENGINE=MyISAM AUTO_INCREMENT=204 DEFAULT CHARSET=utf8 COMMENT='权限规则表';

-- ----------------------------
--  Records of `sp_auth_rule`
-- ----------------------------
BEGIN;
INSERT INTO `sp_auth_rule` VALUES ('1', 'Admin', 'admin_url', 'admin/content/default', null, '内容管理', '1', ''), ('2', 'Api', 'admin_url', 'api/guestbookadmin/index', null, '所有留言', '1', ''), ('3', 'Api', 'admin_url', 'api/guestbookadmin/delete', null, '删除网站留言', '1', ''), ('4', 'Comment', 'admin_url', 'comment/commentadmin/index', null, '文章评论', '1', ''), ('5', 'Comment', 'admin_url', 'comment/commentadmin/delete', null, '删除评论', '1', ''), ('6', 'Comment', 'admin_url', 'comment/commentadmin/check', null, '评论审核', '1', ''), ('7', 'Portal', 'admin_url', 'portal/adminpost/index', null, '文章管理', '1', ''), ('8', 'Portal', 'admin_url', 'portal/adminpost/listorders', null, '文章排序', '1', ''), ('9', 'Portal', 'admin_url', 'portal/adminpost/top', null, '文章置顶', '1', ''), ('10', 'Portal', 'admin_url', 'portal/adminpost/recommend', null, '文章推荐', '1', ''), ('11', 'Portal', 'admin_url', 'portal/adminpost/move', null, '批量移动', '1', ''), ('12', 'Portal', 'admin_url', 'portal/adminpost/check', null, '文章审核', '1', ''), ('13', 'Portal', 'admin_url', 'portal/adminpost/delete', null, '删除文章', '1', ''), ('14', 'Portal', 'admin_url', 'portal/adminpost/edit', null, '编辑文章', '1', ''), ('15', 'Portal', 'admin_url', 'portal/adminpost/edit_post', null, '提交编辑', '1', ''), ('16', 'Portal', 'admin_url', 'portal/adminpost/add', null, '添加文章', '1', ''), ('17', 'Portal', 'admin_url', 'portal/adminpost/add_post', null, '提交添加', '1', ''), ('18', 'Portal', 'admin_url', 'portal/adminterm/index', null, '分类管理', '1', ''), ('19', 'Portal', 'admin_url', 'portal/adminterm/listorders', null, '文章分类排序', '1', ''), ('20', 'Portal', 'admin_url', 'portal/adminterm/delete', null, '删除分类', '1', ''), ('21', 'Portal', 'admin_url', 'portal/adminterm/edit', null, '编辑分类', '1', ''), ('22', 'Portal', 'admin_url', 'portal/adminterm/edit_post', null, '提交编辑', '1', ''), ('23', 'Portal', 'admin_url', 'portal/adminterm/add', null, '添加分类', '1', ''), ('24', 'Portal', 'admin_url', 'portal/adminterm/add_post', null, '提交添加', '1', ''), ('25', 'Portal', 'admin_url', 'portal/adminpage/index', null, '页面管理', '1', ''), ('26', 'Portal', 'admin_url', 'portal/adminpage/listorders', null, '页面排序', '1', ''), ('27', 'Portal', 'admin_url', 'portal/adminpage/delete', null, '删除页面', '1', ''), ('28', 'Portal', 'admin_url', 'portal/adminpage/edit', null, '编辑页面', '1', ''), ('29', 'Portal', 'admin_url', 'portal/adminpage/edit_post', null, '提交编辑', '1', ''), ('30', 'Portal', 'admin_url', 'portal/adminpage/add', null, '添加页面', '1', ''), ('31', 'Portal', 'admin_url', 'portal/adminpage/add_post', null, '提交添加', '1', ''), ('32', 'Admin', 'admin_url', 'admin/recycle/default', null, '回收站', '1', ''), ('33', 'Portal', 'admin_url', 'portal/adminpost/recyclebin', null, '文章回收', '1', ''), ('34', 'Portal', 'admin_url', 'portal/adminpost/restore', null, '文章还原', '1', ''), ('35', 'Portal', 'admin_url', 'portal/adminpost/clean', null, '彻底删除', '1', ''), ('36', 'Portal', 'admin_url', 'portal/adminpage/recyclebin', null, '页面回收', '1', ''), ('37', 'Portal', 'admin_url', 'portal/adminpage/clean', null, '彻底删除', '1', ''), ('38', 'Portal', 'admin_url', 'portal/adminpage/restore', null, '页面还原', '1', ''), ('39', 'Admin', 'admin_url', 'admin/extension/default', null, '扩展工具', '1', ''), ('40', 'Admin', 'admin_url', 'admin/backup/default', null, '备份管理', '1', ''), ('41', 'Admin', 'admin_url', 'admin/backup/restore', null, '数据还原', '1', ''), ('42', 'Admin', 'admin_url', 'admin/backup/index', null, '数据备份', '1', ''), ('43', 'Admin', 'admin_url', 'admin/backup/index_post', null, '提交数据备份', '1', ''), ('44', 'Admin', 'admin_url', 'admin/backup/download', null, '下载备份', '1', ''), ('45', 'Admin', 'admin_url', 'admin/backup/del_backup', null, '删除备份', '1', ''), ('46', 'Admin', 'admin_url', 'admin/backup/import', null, '数据备份导入', '1', ''), ('47', 'Admin', 'admin_url', 'admin/plugin/index', null, '插件管理', '1', ''), ('48', 'Admin', 'admin_url', 'admin/plugin/toggle', null, '插件启用切换', '1', ''), ('49', 'Admin', 'admin_url', 'admin/plugin/setting', null, '插件设置', '1', ''), ('50', 'Admin', 'admin_url', 'admin/plugin/setting_post', null, '插件设置提交', '1', ''), ('51', 'Admin', 'admin_url', 'admin/plugin/install', null, '插件安装', '1', ''), ('52', 'Admin', 'admin_url', 'admin/plugin/uninstall', null, '插件卸载', '1', ''), ('53', 'Admin', 'admin_url', 'admin/slide/default', null, '幻灯片', '1', ''), ('54', 'Admin', 'admin_url', 'admin/slide/index', null, '幻灯片管理', '1', ''), ('55', 'Admin', 'admin_url', 'admin/slide/listorders', null, '幻灯片排序', '1', ''), ('56', 'Admin', 'admin_url', 'admin/slide/toggle', null, '幻灯片显示切换', '1', ''), ('57', 'Admin', 'admin_url', 'admin/slide/delete', null, '删除幻灯片', '1', ''), ('58', 'Admin', 'admin_url', 'admin/slide/edit', null, '编辑幻灯片', '1', ''), ('59', 'Admin', 'admin_url', 'admin/slide/edit_post', null, '提交编辑', '1', ''), ('60', 'Admin', 'admin_url', 'admin/slide/add', null, '添加幻灯片', '1', ''), ('61', 'Admin', 'admin_url', 'admin/slide/add_post', null, '提交添加', '1', ''), ('62', 'Admin', 'admin_url', 'admin/slidecat/index', null, '幻灯片分类', '1', ''), ('63', 'Admin', 'admin_url', 'admin/slidecat/delete', null, '删除分类', '1', ''), ('64', 'Admin', 'admin_url', 'admin/slidecat/edit', null, '编辑分类', '1', ''), ('65', 'Admin', 'admin_url', 'admin/slidecat/edit_post', null, '提交编辑', '1', ''), ('66', 'Admin', 'admin_url', 'admin/slidecat/add', null, '添加分类', '1', ''), ('67', 'Admin', 'admin_url', 'admin/slidecat/add_post', null, '提交添加', '1', ''), ('68', 'Admin', 'admin_url', 'admin/ad/index', null, '网站广告', '1', ''), ('69', 'Admin', 'admin_url', 'admin/ad/toggle', null, '广告显示切换', '1', ''), ('70', 'Admin', 'admin_url', 'admin/ad/delete', null, '删除广告', '1', ''), ('71', 'Admin', 'admin_url', 'admin/ad/edit', null, '编辑广告', '1', ''), ('72', 'Admin', 'admin_url', 'admin/ad/edit_post', null, '提交编辑', '1', ''), ('73', 'Admin', 'admin_url', 'admin/ad/add', null, '添加广告', '1', ''), ('74', 'Admin', 'admin_url', 'admin/ad/add_post', null, '提交添加', '1', ''), ('75', 'Admin', 'admin_url', 'admin/link/index', null, '友情链接', '1', ''), ('76', 'Admin', 'admin_url', 'admin/link/listorders', null, '友情链接排序', '1', ''), ('77', 'Admin', 'admin_url', 'admin/link/toggle', null, '友链显示切换', '1', ''), ('78', 'Admin', 'admin_url', 'admin/link/delete', null, '删除友情链接', '1', ''), ('79', 'Admin', 'admin_url', 'admin/link/edit', null, '编辑友情链接', '1', ''), ('80', 'Admin', 'admin_url', 'admin/link/edit_post', null, '提交编辑', '1', ''), ('81', 'Admin', 'admin_url', 'admin/link/add', null, '添加友情链接', '1', ''), ('82', 'Admin', 'admin_url', 'admin/link/add_post', null, '提交添加', '1', ''), ('83', 'Api', 'admin_url', 'api/oauthadmin/setting', null, '第三方登陆', '1', ''), ('84', 'Api', 'admin_url', 'api/oauthadmin/setting_post', null, '提交设置', '1', ''), ('85', 'Admin', 'admin_url', 'admin/menu/default', null, '菜单管理', '1', ''), ('86', 'Admin', 'admin_url', 'admin/navcat/default1', null, '前台菜单', '1', ''), ('87', 'Admin', 'admin_url', 'admin/nav/index', null, '菜单管理', '1', ''), ('88', 'Admin', 'admin_url', 'admin/nav/listorders', null, '前台导航排序', '1', ''), ('89', 'Admin', 'admin_url', 'admin/nav/delete', null, '删除菜单', '1', ''), ('90', 'Admin', 'admin_url', 'admin/nav/edit', null, '编辑菜单', '1', ''), ('91', 'Admin', 'admin_url', 'admin/nav/edit_post', null, '提交编辑', '1', ''), ('92', 'Admin', 'admin_url', 'admin/nav/add', null, '添加菜单', '1', ''), ('93', 'Admin', 'admin_url', 'admin/nav/add_post', null, '提交添加', '1', ''), ('94', 'Admin', 'admin_url', 'admin/navcat/index', null, '菜单分类', '1', ''), ('95', 'Admin', 'admin_url', 'admin/navcat/delete', null, '删除分类', '1', ''), ('96', 'Admin', 'admin_url', 'admin/navcat/edit', null, '编辑分类', '1', ''), ('97', 'Admin', 'admin_url', 'admin/navcat/edit_post', null, '提交编辑', '1', ''), ('98', 'Admin', 'admin_url', 'admin/navcat/add', null, '添加分类', '1', ''), ('99', 'Admin', 'admin_url', 'admin/navcat/add_post', null, '提交添加', '1', ''), ('100', 'Admin', 'admin_url', 'admin/menu/index', null, '后台菜单', '1', ''), ('101', 'Admin', 'admin_url', 'admin/menu/add', null, '添加菜单', '1', ''), ('102', 'Admin', 'admin_url', 'admin/menu/add_post', null, '提交添加', '1', ''), ('103', 'Admin', 'admin_url', 'admin/menu/listorders', null, '后台菜单排序', '1', ''), ('104', 'Admin', 'admin_url', 'admin/menu/export_menu', null, '菜单备份', '1', ''), ('105', 'Admin', 'admin_url', 'admin/menu/edit', null, '编辑菜单', '1', ''), ('106', 'Admin', 'admin_url', 'admin/menu/edit_post', null, '提交编辑', '1', ''), ('107', 'Admin', 'admin_url', 'admin/menu/delete', null, '删除菜单', '1', ''), ('108', 'Admin', 'admin_url', 'admin/menu/lists', null, '所有菜单', '1', ''), ('109', 'Admin', 'admin_url', 'admin/setting/default', null, '设置', '1', ''), ('110', 'Admin', 'admin_url', 'admin/setting/userdefault', null, '个人信息', '1', ''), ('111', 'Admin', 'admin_url', 'admin/user/userinfo', null, '修改信息', '1', ''), ('112', 'Admin', 'admin_url', 'admin/user/userinfo_post', null, '修改信息提交', '1', ''), ('113', 'Admin', 'admin_url', 'admin/setting/password', null, '修改密码', '1', ''), ('114', 'Admin', 'admin_url', 'admin/setting/password_post', null, '提交修改', '1', ''), ('115', 'Admin', 'admin_url', 'admin/setting/site', null, '网站信息', '1', ''), ('116', 'Admin', 'admin_url', 'admin/setting/site_post', null, '提交修改', '1', ''), ('117', 'Admin', 'admin_url', 'admin/route/index', null, '路由列表', '1', ''), ('118', 'Admin', 'admin_url', 'admin/route/add', null, '路由添加', '1', ''), ('119', 'Admin', 'admin_url', 'admin/route/add_post', null, '路由添加提交', '1', ''), ('120', 'Admin', 'admin_url', 'admin/route/edit', null, '路由编辑', '1', ''), ('121', 'Admin', 'admin_url', 'admin/route/edit_post', null, '路由编辑提交', '1', ''), ('122', 'Admin', 'admin_url', 'admin/route/delete', null, '路由删除', '1', ''), ('123', 'Admin', 'admin_url', 'admin/route/ban', null, '路由禁止', '1', ''), ('124', 'Admin', 'admin_url', 'admin/route/open', null, '路由启用', '1', ''), ('125', 'Admin', 'admin_url', 'admin/route/listorders', null, '路由排序', '1', ''), ('126', 'Admin', 'admin_url', 'admin/mailer/default', null, '邮箱配置', '1', ''), ('127', 'Admin', 'admin_url', 'admin/mailer/index', null, 'SMTP配置', '1', ''), ('128', 'Admin', 'admin_url', 'admin/mailer/index_post', null, '提交配置', '1', ''), ('129', 'Admin', 'admin_url', 'admin/mailer/active', null, '邮件模板', '1', ''), ('130', 'Admin', 'admin_url', 'admin/mailer/active_post', null, '提交模板', '1', ''), ('131', 'Admin', 'admin_url', 'admin/setting/clearcache', null, '清除缓存', '1', ''), ('132', 'User', 'admin_url', 'user/indexadmin/default', null, '用户管理', '1', ''), ('133', 'User', 'admin_url', 'user/indexadmin/default1', null, '用户组', '1', ''), ('134', 'User', 'admin_url', 'user/indexadmin/index', null, '本站用户', '1', ''), ('135', 'User', 'admin_url', 'user/indexadmin/ban', null, '拉黑会员', '1', ''), ('136', 'User', 'admin_url', 'user/indexadmin/cancelban', null, '启用会员', '1', ''), ('137', 'User', 'admin_url', 'user/oauthadmin/index', null, '第三方用户', '1', ''), ('138', 'User', 'admin_url', 'user/oauthadmin/delete', null, '第三方用户解绑', '1', ''), ('139', 'User', 'admin_url', 'user/indexadmin/default3', null, '管理组', '1', ''), ('140', 'Admin', 'admin_url', 'admin/rbac/index', null, '角色管理', '1', ''), ('141', 'Admin', 'admin_url', 'admin/rbac/member', null, '成员管理', '1', ''), ('142', 'Admin', 'admin_url', 'admin/rbac/authorize', null, '权限设置', '1', ''), ('143', 'Admin', 'admin_url', 'admin/rbac/authorize_post', null, '提交设置', '1', ''), ('144', 'Admin', 'admin_url', 'admin/rbac/roleedit', null, '编辑角色', '1', ''), ('145', 'Admin', 'admin_url', 'admin/rbac/roleedit_post', null, '提交编辑', '1', ''), ('146', 'Admin', 'admin_url', 'admin/rbac/roledelete', null, '删除角色', '1', ''), ('147', 'Admin', 'admin_url', 'admin/rbac/roleadd', null, '添加角色', '1', ''), ('148', 'Admin', 'admin_url', 'admin/rbac/roleadd_post', null, '提交添加', '1', ''), ('149', 'Admin', 'admin_url', 'admin/user/index', null, '管理员', '1', ''), ('150', 'Admin', 'admin_url', 'admin/user/delete', null, '删除管理员', '1', ''), ('151', 'Admin', 'admin_url', 'admin/user/edit', null, '管理员编辑', '1', ''), ('152', 'Admin', 'admin_url', 'admin/user/edit_post', null, '编辑提交', '1', ''), ('153', 'Admin', 'admin_url', 'admin/user/add', null, '管理员添加', '1', ''), ('154', 'Admin', 'admin_url', 'admin/user/add_post', null, '添加提交', '1', ''), ('155', 'Admin', 'admin_url', 'admin/plugin/update', null, '插件更新', '1', ''), ('156', 'Admin', 'admin_url', 'admin/storage/index', null, '文件存储', '1', ''), ('157', 'Admin', 'admin_url', 'admin/storage/setting_post', null, '文件存储设置提交', '1', ''), ('158', 'Admin', 'admin_url', 'admin/goods/default', null, '商品管理', '1', ''), ('159', 'Admin', 'admin_url', 'admin/goods/index', null, '商品列表', '1', ''), ('160', 'Goods', 'admin_url', 'goods/admingoods/index', null, '商品列表', '1', ''), ('161', 'Goods', 'admin_url', 'goods/admingoodstype/index', null, '商品分类', '1', ''), ('162', 'Goods', 'admin_url', 'goods/brand/index', null, '品牌管理', '1', ''), ('163', 'Goods', 'admin_url', 'goods/adminbrand/index', null, '品牌管理', '1', ''), ('164', 'Goods', 'admin_url', 'goods/admingoodscat/index', null, '商品分类', '1', ''), ('165', 'Admin', 'admin_url', 'admin/admintype/index', null, '商品类型', '1', ''), ('166', 'Goods', 'admin_url', 'goods/admintype/index', null, '商品类型', '1', ''), ('167', 'Goods', 'admin_url', 'goods/admincate/index', null, '商品分类', '1', ''), ('168', 'Admin', 'admin_url', 'admin/order/default', null, '订单管理', '1', ''), ('169', 'Admin', 'admin_url', 'admin/order/index', null, '订单管理', '1', ''), ('170', 'Order', 'admin_url', 'order/order/index', null, '订单管理', '1', ''), ('171', 'Order', 'admin_url', 'order/adminorder/index', null, '订单管理', '1', ''), ('172', 'Order', 'admin_url', 'order/adminorder/default', null, '订单管理', '1', ''), ('173', 'Order', 'admin_url', 'order/adminorder/search', null, '订单查询', '1', ''), ('174', 'Goods', 'admin_url', 'goods/admingoods/recyclebin', null, '商品回收', '1', ''), ('175', 'User', 'admin_url', 'user/rank/index', null, '用户等级', '1', ''), ('176', 'User', 'admin_url', 'user/adminrank/index', null, '用户等级', '1', ''), ('177', 'Admin', 'admin_url', 'admin/system/default', null, '系统配置', '1', ''), ('178', 'Admin', 'admin_url', 'admin/coupon/index', null, '优惠券', '1', ''), ('179', 'Order', 'admin_url', 'order/adminpayment/index', null, '支付方式', '1', ''), ('180', 'Order', 'admin_url', 'order/adminshipping/index', null, '配送方式', '1', ''), ('181', 'Goods', 'admin_url', 'goods/adminsupplier/index', null, '供应商列表', '1', ''), ('182', 'Comment', 'admin_url', 'comment/commentgoodsadmin/index', null, '商品评论', '1', ''), ('183', 'Admin', 'admin_url', 'admin/coupon/add', null, '', '1', ''), ('184', 'Admin', 'admin_url', 'admin/coupon/add_post', null, '', '1', ''), ('185', 'Admin', 'admin_url', 'admin/coupon/edit', null, '', '1', ''), ('186', 'Admin', 'admin_url', 'admin/coupon/edit_post', null, '', '1', ''), ('187', 'Admin', 'admin_url', 'admin/coupon/delete', null, '', '1', ''), ('188', 'Admin', 'admin_url', 'admin/coupon/toggle', null, '', '1', ''), ('189', 'Admin', 'admin_url', 'admin/slide/ban', null, '', '1', ''), ('190', 'Admin', 'admin_url', 'admin/slide/cancelban', null, '', '1', ''), ('191', 'Admin', 'admin_url', 'admin/user/ban', null, '', '1', ''), ('192', 'Admin', 'admin_url', 'admin/user/cancelban', null, '', '1', ''), ('193', 'User', 'admin_url', 'user/adminrank/add', null, '', '1', ''), ('194', 'User', 'admin_url', 'user/adminrank/add_post', null, '', '1', ''), ('195', 'User', 'admin_url', 'user/adminrank/edit', null, '', '1', ''), ('196', 'User', 'admin_url', 'user/adminrank/edit_post', null, '', '1', ''), ('197', 'User', 'admin_url', 'user/adminrank/delete', null, '', '1', ''), ('198', 'User', 'admin_url', 'user/adminrank/toggle', null, '', '1', ''), ('199', 'User', 'admin_url', 'user/indexadmin/address_list', null, '', '1', ''), ('200', 'User', 'admin_url', 'user/indexadmin/points_list', null, '', '1', ''), ('201', 'Comment', 'admin_url', 'comment/commentgoodsadmin/delete', null, '', '1', ''), ('202', 'Comment', 'admin_url', 'comment/commentgoodsadmin/check', null, '', '1', ''), ('203', 'V1', 'admin_url', 'v1/adminclient/index', null, 'oauth2.0授权账号', '1', '');
COMMIT;

-- ----------------------------
--  Table structure for `sp_brand`
-- ----------------------------
DROP TABLE IF EXISTS `sp_brand`;
CREATE TABLE `sp_brand` (
  `id` smallint(5) NOT NULL AUTO_INCREMENT,
  `name` varchar(255) DEFAULT NULL,
  `listorder` smallint(5) DEFAULT NULL,
  `imgurl` varchar(255) DEFAULT NULL,
  `description` text,
  `seo_title` varchar(255) DEFAULT NULL,
  `seo_keywords` varchar(255) DEFAULT NULL,
  `seo_description` varchar(255) DEFAULT NULL,
  `status` int(2) DEFAULT '1',
  PRIMARY KEY (`id`)
) ENGINE=MyISAM AUTO_INCREMENT=4 DEFAULT CHARSET=utf8 COMMENT='品牌';

-- ----------------------------
--  Records of `sp_brand`
-- ----------------------------
BEGIN;
INSERT INTO `sp_brand` VALUES ('1', 'aaa', null, '', 'aaa', '', '', '', '1'), ('2', 'bbb', null, '', 'bbb', '', '', '', '1'), ('3', 'sfdsf', null, '', '', '', '', '', '1');
COMMIT;

-- ----------------------------
--  Table structure for `sp_cart`
-- ----------------------------
DROP TABLE IF EXISTS `sp_cart`;
CREATE TABLE `sp_cart` (
  `id` int(10) unsigned NOT NULL AUTO_INCREMENT,
  `uid` int(10) unsigned DEFAULT NULL,
  `gid` int(11) DEFAULT NULL,
  `num` int(11) unsigned DEFAULT '0',
  `attr` varchar(255) CHARACTER SET utf8 DEFAULT '0',
  `add_time` int(11) DEFAULT NULL,
  PRIMARY KEY (`id`)
) ENGINE=MyISAM AUTO_INCREMENT=126 DEFAULT CHARSET=latin1;

-- ----------------------------
--  Records of `sp_cart`
-- ----------------------------
BEGIN;
INSERT INTO `sp_cart` VALUES ('114', '6', '48', '7', '\"\"', '1434607572'), ('122', '9', '92', '2', '\"\"', '1434619735'), ('125', '15', '103', '1', '\"\"', '1435589408');
COMMIT;

-- ----------------------------
--  Table structure for `sp_cate`
-- ----------------------------
DROP TABLE IF EXISTS `sp_cate`;
CREATE TABLE `sp_cate` (
  `id` bigint(20) unsigned NOT NULL AUTO_INCREMENT COMMENT '分类id',
  `name` varchar(200) DEFAULT NULL COMMENT '分类名称',
  `slug` varchar(200) DEFAULT '',
  `taxonomy` varchar(32) DEFAULT NULL COMMENT '分类类型',
  `description` longtext COMMENT '分类描述',
  `parent` bigint(20) unsigned DEFAULT '0' COMMENT '分类父id',
  `count` bigint(20) DEFAULT '0' COMMENT '分类文章数',
  `path` varchar(500) DEFAULT NULL COMMENT '分类层级关系路径',
  `seo_title` varchar(500) DEFAULT NULL,
  `seo_keywords` varchar(500) DEFAULT NULL,
  `seo_description` varchar(500) DEFAULT NULL,
  `list_tpl` varchar(50) DEFAULT NULL COMMENT '分类列表模板',
  `one_tpl` varchar(50) DEFAULT NULL COMMENT '分类文章页模板',
  `listorder` int(5) NOT NULL DEFAULT '0' COMMENT '排序',
  `status` int(2) NOT NULL DEFAULT '1' COMMENT '状态，1发布，0不发布',
  PRIMARY KEY (`id`)
) ENGINE=MyISAM AUTO_INCREMENT=132 DEFAULT CHARSET=utf8;

-- ----------------------------
--  Records of `sp_cate`
-- ----------------------------
BEGIN;
INSERT INTO `sp_cate` VALUES ('126', '钟点工', '', null, '', '0', '0', '0-126', '', '', '', null, null, '0', '1'), ('127', '小时工', '', null, '', '126', '0', '0-126-127', '', '', '', null, null, '0', '1'), ('128', '家政', '', null, '', '0', '0', '0-128', '', '', '', null, null, '0', '1'), ('129', '擦地', '', null, '', '128', '0', '0-128-129', '', '', '', null, null, '0', '1'), ('130', '洗衣服', '', null, '', '128', '0', '0-128-130', '', '', '', null, null, '0', '1'), ('131', '洗小孩衣服', '', null, '', '130', '0', '0-128-130-131', '', '', '', null, null, '0', '1');
COMMIT;

-- ----------------------------
--  Table structure for `sp_code`
-- ----------------------------
DROP TABLE IF EXISTS `sp_code`;
CREATE TABLE `sp_code` (
  `id` int(10) unsigned NOT NULL AUTO_INCREMENT,
  `type` tinyint(3) unsigned DEFAULT '0',
  `code` varchar(10) NOT NULL,
  `add_time` int(10) unsigned NOT NULL DEFAULT '0',
  PRIMARY KEY (`id`)
) ENGINE=MyISAM AUTO_INCREMENT=65 DEFAULT CHARSET=latin1;

-- ----------------------------
--  Records of `sp_code`
-- ----------------------------
BEGIN;
INSERT INTO `sp_code` VALUES ('1', '0', 'KEIecM', '0'), ('2', '0', '5HSgTJ', '1433143592'), ('3', '0', 'bbwaXt', '1433143636'), ('4', '0', 'BjvmcS', '1433143642'), ('5', '0', 'a7bYSM', '1433143657'), ('6', '0', 'PjgeGn', '1433143731'), ('7', '0', 'HFh9Nm', '1433143756'), ('8', '0', 'eEKiA4', '1433147427'), ('9', '0', 'pWg4KD', '1433147428'), ('10', '0', 'x5W2Z7', '1433147429'), ('11', '0', '85VWb8', '1433147434'), ('12', '0', 'xbjCKf', '1433147439'), ('13', '0', 'K41q47', '1433147451'), ('14', '0', 'XBVZDK', '1433147455'), ('15', '0', 'NxJY8x', '1433147458'), ('16', '0', 'JDZMBN', '1433147461'), ('17', '0', 'eWBRbj', '1433147465'), ('18', '0', '1WL1Lt', '1433147468'), ('19', '0', 'UxAsCk', '1433147471'), ('20', '0', 'du5VXZ', '1433147475'), ('21', '0', '6E8vln', '1433147478'), ('22', '0', 'y28sBA', '1433147481'), ('23', '0', 'Q4vcDs', '1433147492'), ('24', '0', 'WYetz4', '1433147572'), ('25', '0', 'FdG34D', '1433147615'), ('26', '0', 'LYX5x5', '1433147730'), ('27', '0', 'M8fgCx', '1433147748'), ('28', '0', '5p5ES2', '1433147783'), ('29', '0', 'ivVpLE', '1433147798'), ('30', '0', 'j94PhF', '1433148255'), ('31', '0', 'q4Ieel', '1433148763'), ('32', '0', 'alitcg', '1433149453'), ('33', '0', 'c6ZDn2', '1433149545'), ('34', '0', 'rxmd4w', '1433149618'), ('35', '0', '45ek5P', '1433149777'), ('36', '0', 'hwWfnX', '1433149896'), ('37', '0', 'fs6Imx', '1433150335'), ('38', '0', '2qB9Fg', '1433150340'), ('39', '0', 'PwfVWC', '1433150341'), ('40', '0', 'tBGts1', '1433150393'), ('41', '0', '4jqwmd', '1433150452'), ('42', '0', 'E7aK6t', '1433150483'), ('43', '0', 'RdjubD', '1433150515'), ('44', '0', 'h9QLjg', '1433150633'), ('45', '0', 'E4QJ6n', '1433150776'), ('46', '0', 'FetfIM', '1433150847'), ('47', '0', 'IuDA1d', '1433151192'), ('48', '0', 'CWtFvh', '1433474644'), ('49', '0', 'd6gjEr', '1433902923'), ('50', '0', 'DCrluc', '1433903472'), ('51', '0', 'lc8XTg', '1433903578'), ('52', '0', 'BAxa1f', '1433904988'), ('53', '0', '46UDeT', '1434269596'), ('54', '0', 'LgqGiD', '1434269635'), ('55', '0', 'bgEEmk', '1434269803'), ('56', '0', 'zTeC76', '1434275159'), ('57', '0', 'XU1cy4', '1434275419'), ('58', '0', 'VnG7xK', '1434276673'), ('59', '0', 'U6qhgM', '1434277022'), ('60', '0', '2zpPte', '1434340216'), ('61', '0', 'iayZSR', '1434341015'), ('62', '0', 'DyzTZN', '1434420688'), ('63', '0', 'Byfw3D', '1434441093'), ('64', '0', 'S8bfek', '1434536787');
COMMIT;

-- ----------------------------
--  Table structure for `sp_comments`
-- ----------------------------
DROP TABLE IF EXISTS `sp_comments`;
CREATE TABLE `sp_comments` (
  `id` bigint(20) unsigned NOT NULL AUTO_INCREMENT,
  `post_table` varchar(100) NOT NULL COMMENT '评论内容所在表，不带表前缀',
  `post_id` int(11) unsigned NOT NULL DEFAULT '0',
  `url` varchar(255) DEFAULT NULL COMMENT '原文地址',
  `uid` int(11) NOT NULL DEFAULT '0' COMMENT '发表评论的用户id',
  `to_uid` int(11) NOT NULL DEFAULT '0' COMMENT '被评论的用户id',
  `full_name` varchar(50) DEFAULT NULL COMMENT '评论者昵称',
  `email` varchar(255) DEFAULT NULL COMMENT '评论者邮箱',
  `createtime` datetime NOT NULL DEFAULT '0000-00-00 00:00:00',
  `content` text NOT NULL COMMENT '评论内容',
  `type` smallint(1) NOT NULL DEFAULT '1' COMMENT '评论类型；1实名评论',
  `parentid` bigint(20) unsigned NOT NULL DEFAULT '0' COMMENT '被回复的评论id',
  `path` varchar(500) DEFAULT NULL,
  `status` smallint(1) NOT NULL DEFAULT '1' COMMENT '状态，1已审核，0未审核',
  PRIMARY KEY (`id`),
  KEY `comment_post_ID` (`post_id`),
  KEY `comment_approved_date_gmt` (`status`),
  KEY `comment_parent` (`parentid`),
  KEY `table_id_status` (`post_table`,`post_id`,`status`),
  KEY `createtime` (`createtime`)
) ENGINE=MyISAM AUTO_INCREMENT=2 DEFAULT CHARSET=utf8;

-- ----------------------------
--  Records of `sp_comments`
-- ----------------------------
BEGIN;
INSERT INTO `sp_comments` VALUES ('1', 'posts', '1', 'index.php?g=&amp;m=article&amp;a=index&amp;id=1', '1', '0', 'admin', '1@q.com', '2015-04-08 16:19:07', '电视上', '1', '0', '0-1', '0');
COMMIT;

-- ----------------------------
--  Table structure for `sp_comments_goods`
-- ----------------------------
DROP TABLE IF EXISTS `sp_comments_goods`;
CREATE TABLE `sp_comments_goods` (
  `id` bigint(20) unsigned NOT NULL AUTO_INCREMENT,
  `goods_id` int(11) NOT NULL DEFAULT '0' COMMENT '商品ID',
  `order_id` int(11) NOT NULL COMMENT '评价对应的订单id（用来区分同一用户购买同一商品时发表的不同的评价）',
  `url` varchar(255) DEFAULT NULL COMMENT '原文地址',
  `uid` int(11) NOT NULL DEFAULT '0' COMMENT '发表评论的用户id',
  `score` tinyint(1) DEFAULT '1' COMMENT '评分',
  `to_uid` int(11) NOT NULL DEFAULT '0' COMMENT '被评论的用户id',
  `full_name` varchar(50) DEFAULT NULL COMMENT '评论者昵称',
  `img_url` varchar(255) DEFAULT NULL COMMENT '用户评价的图片',
  `thumb_url` varchar(255) DEFAULT NULL COMMENT '评价图片的缩略图',
  `username` varchar(255) DEFAULT NULL COMMENT '评论者邮箱',
  `createtime` datetime NOT NULL DEFAULT '0000-00-00 00:00:00',
  `content` text NOT NULL COMMENT '评论内容',
  `type` smallint(1) NOT NULL DEFAULT '1' COMMENT '评论类型；1初次评价，2追加评价',
  `parentid` bigint(20) unsigned NOT NULL DEFAULT '0' COMMENT 'è¢«å›žå¤çš„è¯„è®ºid',
  `path` varchar(500) DEFAULT NULL,
  `status` smallint(1) NOT NULL DEFAULT '1' COMMENT '状态，1已审核，0未审核',
  `email` varchar(50) NOT NULL,
  PRIMARY KEY (`id`),
  KEY `comment_post_ID` (`goods_id`),
  KEY `comment_approved_date_gmt` (`status`),
  KEY `comment_parent` (`parentid`),
  KEY `table_id_status` (`goods_id`,`status`),
  KEY `createtime` (`createtime`)
) ENGINE=MyISAM AUTO_INCREMENT=18 DEFAULT CHARSET=utf8;

-- ----------------------------
--  Records of `sp_comments_goods`
-- ----------------------------
BEGIN;
INSERT INTO `sp_comments_goods` VALUES ('1', '51', '3', null, '13', '1', '0', null, '/data/upload/2015-06-03/556e646ca4ff8.jpg|/data/upload/2015-06-02/556d7fd398562.jpg', '/data/upload/2015-06-03/556e646ca4ff8.jpg|/data/upload/2015-06-02/556d7fd398562.jpg', '824692746@qq.com', '2015-06-16 16:10:35', '挺好的，初次评价同一用户多单初评同一用户多单初评同一用户多单初评同一用户多单初评同一用户多单初评同一用户多单初评', '1', '0', null, '1', ''), ('2', '51', '1', null, '6', '1', '0', null, null, null, '134123456789', '2015-06-16 16:30:29', '测试初评', '1', '0', null, '1', ''), ('3', '51', '3', null, '13', '1', '0', null, '/data/upload/2015-06-02/556d7fd398562.jpg', '/data/upload/2015-06-02/556d7fd398562.jpg', '824692746@qq.com', '2015-06-16 16:32:10', '追评', '2', '0', null, '1', ''), ('4', '51', '5', null, '13', '1', '0', null, null, null, '824692746@qq.com', '2015-06-16 18:28:49', '同一用户多单初评', '1', '0', null, '1', ''), ('5', '51', '5', null, '13', '1', '0', null, '/data/upload/2015-06-03/556e646ca4ff8.jpg', '/data/upload/2015-06-03/556e646ca4ff8.jpg', '824692746@qq.com', '2015-06-17 11:34:47', '第二单追评', '2', '0', null, '1', ''), ('15', '89', '10', null, '13', '3', '0', null, '/data/upload/comment/2015-06-18/5582b74323773.jpg|/data/upload/comment/2015-06-18/5582b744f014c.png', '/data/upload/comment/2015-06-18/small_5582b74323773.jpg|/data/upload/comment/2015-06-18/small_5582b744f014c.png', '824692746@qq.com', '2015-06-18 20:19:20', '初次评价444444444444444', '1', '0', null, '1', ''), ('16', '89', '10', null, '13', null, '0', null, '', '', '824692746@qq.com', '2015-06-18 20:20:07', '这是追评的55555555555555', '2', '0', null, '1', '');
COMMIT;

-- ----------------------------
--  Table structure for `sp_common_action_log`
-- ----------------------------
DROP TABLE IF EXISTS `sp_common_action_log`;
CREATE TABLE `sp_common_action_log` (
  `id` int(11) NOT NULL AUTO_INCREMENT,
  `user` bigint(20) DEFAULT '0' COMMENT '用户id',
  `object` varchar(100) DEFAULT NULL COMMENT '访问对象的id,格式：不带前缀的表名+id;如posts1表示xx_posts表里id为1的记录',
  `action` varchar(50) DEFAULT NULL COMMENT '操作名称；格式规定为：应用名+控制器+操作名；也可自己定义格式只要不发生冲突且惟一；',
  `count` int(11) DEFAULT '0' COMMENT '访问次数',
  `last_time` int(11) DEFAULT '0' COMMENT '最后访问的时间戳',
  `ip` varchar(15) DEFAULT NULL COMMENT '访问者最后访问ip',
  PRIMARY KEY (`id`),
  KEY `user_object_action` (`user`,`object`,`action`),
  KEY `user_object_action_ip` (`user`,`object`,`action`,`ip`)
) ENGINE=MyISAM AUTO_INCREMENT=28 DEFAULT CHARSET=utf8;

-- ----------------------------
--  Records of `sp_common_action_log`
-- ----------------------------
BEGIN;
INSERT INTO `sp_common_action_log` VALUES ('1', '0', 'posts1', 'Portal-Article-index', '10', '1433843135', '127.0.0.1'), ('2', '1', 'posts1', 'Portal-Article-index', '1', '1428481144', '127.0.0.1'), ('3', '0', 'posts', 'Portal-Article-index', '2', '1428574960', '127.0.0.1'), ('4', '0', 'posts14', 'Portal-Article-index', '1', '1429526617', '127.0.0.1'), ('5', '0', 'posts13', 'Portal-Article-index', '22', '1434685727', '127.0.0.1'), ('6', '0', 'posts12', 'Portal-Article-index', '16', '1434608894', '127.0.0.1'), ('7', '0', 'posts11', 'Portal-Article-index', '5', '1433842639', '127.0.0.1'), ('8', '0', 'posts10', 'Portal-Article-index', '2', '1433844231', '127.0.0.1'), ('9', '0', 'posts3', 'Portal-Article-index', '4', '1433843904', '127.0.0.1'), ('10', '6', 'posts12', 'Portal-Article-index', '1', '1433906668', '127.0.0.1'), ('11', '7', 'posts13', 'Portal-Article-index', '2', '1433923532', '127.0.0.1'), ('12', '6', 'posts13', 'Portal-Article-index', '10', '1434443282', '127.0.0.1'), ('13', '7', 'posts12', 'Portal-Article-index', '2', '1434609309', '127.0.0.1'), ('14', '0', 'posts4', 'Portal-Article-index', '1', '1434009972', '127.0.0.1'), ('15', '0', 'posts8', 'Portal-Article-index', '1', '1434096575', '192.168.2.161'), ('16', '0', 'posts13', 'Portal-Article-index', '1', '1434349406', '192.168.2.125'), ('17', '13', 'posts13', 'Portal-Article-index', '2', '1434435312', '127.0.0.1'), ('18', '13', 'posts1', 'Portal-Article-index', '2', '1434435330', '127.0.0.1'), ('19', '0', 'posts13', 'Portal-Article-index', '1', '1434442443', '192.168.2.215'), ('20', '0', 'posts9', 'Portal-Article-index', '1', '1434450661', '192.168.2.111'), ('21', '0', 'posts13', 'Portal-Article-index', '1', '1434512915', '192.168.2.242'), ('22', '0', 'posts17', 'Portal-Article-index', '8', '1434608887', '127.0.0.1'), ('23', '0', 'posts17', 'Portal-Article-index', '1', '1434707272', '192.168.2.144'), ('24', '7', 'posts17', 'Portal-Article-index', '1', '1434707379', '192.168.2.144'), ('25', '0', 'posts11', 'Portal-Article-index', '1', '1435029370', '192.168.2.226'), ('26', '0', 'posts17', 'Portal-Article-index', '1', '1435029385', '192.168.2.226'), ('27', '15', 'posts17', 'Portal-Article-index', '3', '1435035392', '127.0.0.1');
COMMIT;

-- ----------------------------
--  Table structure for `sp_cost_config`
-- ----------------------------
DROP TABLE IF EXISTS `sp_cost_config`;
CREATE TABLE `sp_cost_config` (
  `id` int(10) unsigned NOT NULL AUTO_INCREMENT,
  `name` varchar(60) CHARACTER SET utf8 NOT NULL,
  `alias` varchar(20) CHARACTER SET utf8 NOT NULL COMMENT '备注（用于表单显示）',
  `value` double(9,2) NOT NULL DEFAULT '0.00',
  `type` char(1) CHARACTER SET utf8 NOT NULL DEFAULT '+' COMMENT '类型，增加或者减少+ -',
  PRIMARY KEY (`id`)
) ENGINE=InnoDB AUTO_INCREMENT=11 DEFAULT CHARSET=latin1;

-- ----------------------------
--  Records of `sp_cost_config`
-- ----------------------------
BEGIN;
INSERT INTO `sp_cost_config` VALUES ('1', 'publish', '发布职位', '1.00', '-'), ('2', 'refresh', '刷新职位', '1.00', '-'), ('3', 'emergency', '加急（按天）', '3.00', '-'), ('4', 'highlight', '高亮（按天）', '1.00', '-'), ('5', 'recommend', '置顶（按天）', '2.00', '-'), ('6', 'register', '新用户注册', '20.00', '+'), ('7', 'audit_identify', '验证身份证', '5.00', '+'), ('8', 'audit_license', '验证营业执照', '10.00', '+'), ('9', 'audit_tel', '验证手机', '10.00', '+'), ('10', 'audiu_email', '验证邮箱', '10.00', '+');
COMMIT;

-- ----------------------------
--  Table structure for `sp_coupon`
-- ----------------------------
DROP TABLE IF EXISTS `sp_coupon`;
CREATE TABLE `sp_coupon` (
  `id` int(11) NOT NULL AUTO_INCREMENT,
  `name` varchar(50) NOT NULL,
  `coupon` varchar(32) NOT NULL,
  `amount` decimal(11,2) NOT NULL,
  `start_time` int(11) DEFAULT NULL,
  `expire_time` int(11) DEFAULT NULL,
  `create_time` int(11) DEFAULT NULL,
  `status` tinyint(1) DEFAULT '0',
  `user` varchar(255) DEFAULT NULL,
  PRIMARY KEY (`id`)
) ENGINE=MyISAM AUTO_INCREMENT=808 DEFAULT CHARSET=utf8;

-- ----------------------------
--  Records of `sp_coupon`
-- ----------------------------
BEGIN;
INSERT INTO `sp_coupon` VALUES ('792', '2', 'CP554872AC86E0F', '2.00', '1430897640', '1430984040', '1430811308', '1', '1'), ('793', '2', 'CP554872AC86E0F', '2.00', '1430897640', '1430984040', '1430811308', '1', null), ('794', '2', 'CP5551CF754DBE5', '2.00', '1431511200', '1432807200', '1431424885', '1', null), ('795', '2', 'CP5551CF754DF0C', '2.00', '1431511200', '1432807200', '1431424885', '1', '6'), ('796', '2', 'CP5551CF8A21065', '2.00', '1431597660', '1432980060', '1431424906', '1', '6'), ('797', '2', 'CP5551CF8A2133E', '2.00', '1431597660', '1432980060', '1431424906', '1', null), ('798', '2', 'CP5551CF8A21509', '2.00', '1431597660', '1432980060', '1431424906', '1', '6'), ('799', '2', 'CP5551CF8A2175C', '2.00', '1431597660', '1432980060', '1431424906', '1', '6'), ('800', '2', 'CP5551CF8A21909', '2.00', '1431597660', '1432980060', '1431424906', '1', null), ('801', '2', 'CP5551CF8A21B4A', '2.00', '1431597660', '1432980060', '1431424906', '1', null), ('802', '2', 'CP5551CF8A21D7F', '2.00', '1431597660', '1432980060', '1431424906', '1', null), ('803', '2', 'CP5551CF8A21FB1', '2.00', '1431597660', '1432980060', '1431424906', '1', null), ('804', '2', 'CP5551CF8A221C7', '2.00', '1431597660', '1432980060', '1431424906', '1', null), ('805', '2', 'CP5551CF8A223F0', '2.00', '1431597660', '1432980060', '1431424906', '1', null), ('806', '2', 'CP5551CF8A2265B', '2.00', '1431597660', '1432980060', '1431424906', '1', null), ('807', '2', 'CP5551CF8A2281B', '2.00', '1431597660', '1432980060', '1431424906', '1', null);
COMMIT;

-- ----------------------------
--  Table structure for `sp_coupon_his`
-- ----------------------------
DROP TABLE IF EXISTS `sp_coupon_his`;
CREATE TABLE `sp_coupon_his` (
  `id` int(10) unsigned NOT NULL,
  `coupon` varchar(255) NOT NULL DEFAULT '0',
  `uid` int(10) unsigned NOT NULL,
  `add_time` int(10) unsigned DEFAULT NULL,
  `remark` varchar(255) DEFAULT '0',
  PRIMARY KEY (`id`)
) ENGINE=MyISAM DEFAULT CHARSET=latin1;

-- ----------------------------
--  Records of `sp_coupon_his`
-- ----------------------------
BEGIN;
INSERT INTO `sp_coupon_his` VALUES ('0', 'CP5551CF8A2175C', '6', '1434090422', '20150612022702122');
COMMIT;

-- ----------------------------
--  Table structure for `sp_goods`
-- ----------------------------
DROP TABLE IF EXISTS `sp_goods`;
CREATE TABLE `sp_goods` (
  `id` int(10) unsigned NOT NULL AUTO_INCREMENT,
  `cate_id` int(4) NOT NULL DEFAULT '0',
  `type_id` int(4) NOT NULL DEFAULT '0',
  `name` varchar(255) CHARACTER SET utf8 COLLATE utf8_unicode_ci NOT NULL DEFAULT '',
  `title` varchar(255) NOT NULL DEFAULT '',
  `serial` varchar(255) CHARACTER SET utf8 COLLATE utf8_unicode_ci NOT NULL DEFAULT '',
  `price` decimal(11,2) NOT NULL DEFAULT '0.00',
  `pricespe` decimal(11,2) NOT NULL DEFAULT '0.00',
  `weight` decimal(11,2) NOT NULL DEFAULT '0.00',
  `img_url` varchar(255) CHARACTER SET utf8 COLLATE utf8_unicode_ci NOT NULL DEFAULT '',
  `content` text NOT NULL,
  `isnew` int(5) NOT NULL DEFAULT '0',
  `ishot` int(5) NOT NULL DEFAULT '0',
  `isrec` int(5) NOT NULL DEFAULT '0',
  `isprice` int(5) NOT NULL DEFAULT '0',
  `isdown` int(5) NOT NULL DEFAULT '0',
  `activity` int(10) NOT NULL DEFAULT '0',
  `create_date` datetime NOT NULL DEFAULT '0000-00-00 00:00:00',
  `listorder` int(5) NOT NULL DEFAULT '0',
  `brand_id` int(11) NOT NULL,
  `viewcount` int(10) NOT NULL DEFAULT '0',
  `points` int(11) NOT NULL DEFAULT '0',
  `costprice` decimal(11,2) NOT NULL,
  `supplier_id` decimal(11,2) NOT NULL,
  `stock` int(11) NOT NULL DEFAULT '0',
  `seo_title` text CHARACTER SET utf8 COLLATE utf8_unicode_ci NOT NULL,
  `seo_keywords` text CHARACTER SET utf8 COLLATE utf8_unicode_ci NOT NULL,
  `seo_description` text CHARACTER SET utf8 COLLATE utf8_unicode_ci NOT NULL,
  `picprefix` varchar(255) CHARACTER SET utf8 COLLATE utf8_unicode_ci NOT NULL,
  `piece` int(11) NOT NULL,
  `status` int(2) NOT NULL DEFAULT '1',
  `modify_date` datetime NOT NULL DEFAULT '0000-00-00 00:00:00',
  `availability` tinyint(1) NOT NULL DEFAULT '0',
  `preorder` tinyint(1) NOT NULL DEFAULT '0',
  `format` tinyint(1) NOT NULL DEFAULT '0',
  `keywords` varchar(255) NOT NULL COMMENT '搜索关键字',
  `charge` tinyint(1) NOT NULL DEFAULT '0' COMMENT '邮费分类',
  `smallimage` varchar(255) DEFAULT NULL,
  PRIMARY KEY (`id`),
  KEY `pid` (`id`) USING BTREE,
  KEY `classid` (`cate_id`) USING BTREE,
  KEY `product_name` (`name`) USING BTREE,
  KEY `isnew` (`isnew`) USING BTREE,
  KEY `ishot` (`ishot`) USING BTREE,
  KEY `isrec` (`isrec`) USING BTREE,
  KEY `isprice` (`isprice`) USING BTREE,
  KEY `dateline` (`create_date`) USING BTREE
) ENGINE=MyISAM AUTO_INCREMENT=129 DEFAULT CHARSET=utf8;

-- ----------------------------
--  Records of `sp_goods`
-- ----------------------------
BEGIN;
INSERT INTO `sp_goods` VALUES ('96', '24', '1', '貝多芬交響曲全集', '進口CD:貝多芬交響曲全集(卡拉揚1963年版)(5CD)(4630882C)', 'gs20150618000096', '500.00', '400.00', '1.10', '/data/upload/2015-06-18/55822d2d83bd6.jpg', '<p><strong>&nbsp; &nbsp; 商品尺寸:&nbsp;&nbsp;&nbsp;&nbsp;&nbsp;&nbsp;&nbsp; 14.1 x 12.6 x 1.4 cm<br/><br/>&nbsp;&nbsp;&nbsp; 商品重量:&nbsp;&nbsp;&nbsp;&nbsp;&nbsp;&nbsp;&nbsp; 82 g<br/><br/>&nbsp;&nbsp;&nbsp; CD&nbsp; (2012年7月10日)<br/><br/>&nbsp;&nbsp;&nbsp; 版權提供: 環球<br/><br/>&nbsp;&nbsp;&nbsp; ISBN: 0028946308820<br/><br/>&nbsp;&nbsp;&nbsp; 條形碼: 0028946308820<br/><br/>&nbsp;&nbsp;&nbsp; ASIN: B008JA6Q9C</strong></p>', '1', '1', '1', '1', '1', '0', '2015-06-18 10:28:35', '0', '2', '0', '10', '300.00', '2.00', '10', '進口CD:貝多芬交響曲全集(卡拉揚1963年版)(5CD)(4630882C)', '進口CD:貝多芬交響曲全集(卡拉揚1963年版)(5CD)(4630882C)', '進口CD:貝多芬交響曲全集(卡拉揚1963年版)(5CD)(4630882C)', '', '0', '1', '2015-06-18 10:30:08', '1', '1', '1', '黑膠唱碟 貝多芬', '1', null), ('99', '30', '1', '博尼的大冒險', '王若琳 Joanna Wang:首張全制作創作專輯 博尼的大冒險 The Adventures of Bernie the Schoolboy(CD)', 'gs20150618000099', '549.00', '540.00', '1.35', '/data/upload/2015-06-18/5582335e56c85.jpg', '<p>《王若琳 Joanna Wang:首張全制作創作專輯 博尼的大冒險 The Adventures of Bernie the Schoolboy》是亞洲最受矚目創作歌手王若琳（Joanna Wang）的首張全制作創作專輯。嶄新的音樂風格、獨特的創作概念、幻想充滿的歌聲、壹張華麗冒險的音樂故事書。在未知的國度裏的想象力與Joanna壹同踏上驚奇滿布的旅途吧！！<br/><br/>王若琳 Joanna Wang:首張全制作創作專輯 博尼的大冒險 The Adventures of Bernie the Schoolboy(CD)<br/><br/>有別于壹般流行專輯，通常是以收錄多首單曲而形成壹張作品集合的形式，《王若琳 Joanna Wang:首張全制作創作專輯 博尼的大冒險 The Adventures of Bernie the Schoolboy》是壹張實驗概念性十足、風格強烈的“完整”專輯，整張專輯，需要從頭到尾壹口氣聽完，並且需要妳用耳朵啓動想象力，來“觀看”這場故事。Joanna借由博尼的大冒險，啓動自我的音樂大變身，她就這樣緩步地走下演唱舞台，將音樂敘事的人稱，由第壹人稱轉化至第三人稱，肩並著肩坐到妳的身邊壹同欣賞這場音樂奇幻劇。<br/><br/>《王若琳 Joanna Wang:首張全制作創作專輯 博尼的大冒險 The Adventures of Bernie the Schoolboy》裏的13首歌，每壹首都展現出自我獨特的音樂性格，就像用著想象力觀賞13部驚奇有趣的音樂劇。Joanna的歌聲是最入戲的演員說著最令人動容的詞句，與故事裏各個不同角色揉爲壹體，展現出有著鮮明輪廓的聲波質地，如此立體且獨特，彷佛借由這些歌曲，我們就能感受到那些微笑的嘴角、深鎖的眉間、顫動的拳頭、急促的腳步……<br/><br/>在音樂主題上面，《王若琳 Joanna Wang:首張全制作創作專輯 博尼的大冒險 The Adventures of Bernie the Schoolboy》使用超現實主義方式，創造出壹個奇妙的異想世界。整張專輯的故事，就以主人翁博尼（Bernie）離家之後的奇異旅程開始，壹路上博尼（Bernie）加入了公雞馬戲團並打敗了惡龍、遇見了深愛主人的女管家、認識了壹位愛上了過路旅人的啞巴、壹個無惡不作被寵壞的獨生子，最後還甚至與壹群農場上的動物成爲了好朋友！在這充滿未知的國度裏，就這樣跟著Joanna壹同心醉神迷，荊棘滿布的奇幻旅程，就此開啓。<br/></p><p><img src=\"http://g-ec4.images-amazon.com/images/G/28/lichengb/B005XT3NGQ_01_amzn\" style=\"margin: 10px \" alt=\"王若琳 Joanna Wang:首张全制作创作专辑 博尼的大冒险 The Adventures of Bernie the Schoolboy(CD)\" width=\"500\" align=\"bottom\"/></p><p><br/>01 The Adventures of Bernie the Schoolboy 博尼的大冒險<br/>02 Apathy 漠不關心<br/>03 Chitterchat 聊八卦<br/>04 Plotting Revenge 複仇記<br/>05 The Fool 愚人<br/>06 Only Child 獨生子<br/>07 We Just Won&#39;t Know 大家的孤獨<br/>08 The Bug 竊聽蟲<br/>09 I Blame it on You 我怪在妳身上<br/>10 The Chicken Circus (Instrumental) 公雞馬戲團（器樂曲）<br/>11 Chitterchat (Reprise) 聊八卦（重奏）<br/>12 The Revenge of the Farm Animals 家畜的大複仇<br/>13 The Adventure Comes to an End 冒險的尾聲<br/><br/>發行日期：2011年10月31日</p>', '1', '1', '1', '1', '1', '0', '2015-06-18 10:56:33', '0', '1', '0', '10', '400.00', '1.00', '300', '王若琳 Joanna Wang:首張全制作創作專輯 博尼的大冒險 The Adventures of Bernie the Schoolboy(CD)', '王若琳 Joanna Wang:首張全制作創作專輯 博尼的大冒險 The Adventures of Bernie the Schoolboy(CD)', '王若琳 Joanna Wang:首張全制作創作專輯 博尼的大冒險 The Adventures of Bernie the Schoolboy(CD)', '', '0', '1', '2015-06-18 12:05:19', '1', '1', '6', '黑膠唱碟 王若琳 Joanna Wang', '4', null), ('97', '119', '1', ' 巴赫:作品', ' 巴赫:作品精選集(10CD) 套裝 ', 'gs20150618000097', '200.00', '180.00', '0.88', '/data/upload/2015-06-18/55822e199cfff.jpg', '<p>《巴赫：作品精選集》巴赫是近代西方音樂的開山祖師，他在音樂的各個方面有開創性的貢獻。本套唱片完整收入巴赫所有的重要作品，包括全部勃蘭登堡協奏曲、管弦樂組曲、小提琴協奏曲、無伴奏大提琴組曲、小提琴奏鳴曲和帕蒂塔等。由明希、貝努姆、李赫特、海菲茲、卡薩爾斯等大師演繹。<br/><br/>CD1<br/>第1～4勃蘭登堡協奏曲<br/>CD2<br/>第5、6勃蘭登堡協奏曲/第1管弦樂組曲<br/>CD3<br/>第2～4管弦樂組曲<br/>CD4<br/>戈德堡變奏曲/意大利協奏曲<br/>CD5/6<br/>6首小提琴獨奏奏鳴曲和帕蒂塔<br/>CD：7/8<br/>6首無伴奏大提琴組曲<br/>CD9<br/>第1、2小提琴協奏曲/雙小提琴協奏曲<br/>CD10<br/>馬太受難曲（選段） <br/></p><div style=\"display:none;\" id=\"__if72ru4sdfsdfrkjahiuyi_once\"></div><div id=\"__zsc_once\"></div>', '1', '1', '1', '1', '1', '0', '2015-06-18 10:31:50', '0', '3', '0', '2', '130.00', '2.00', '199', ' 巴赫:作品精選集(10CD) 套裝 ', ' 巴赫:作品精選集(10CD) 套裝 ', ' 巴赫:作品精選集(10CD) 套裝 ', '', '0', '1', '2015-06-18 16:22:18', '1', '1', '1', '藍光BD  巴赫', '2', null), ('98', '30', '1', '壁花女郎', '戴安娜•克勞:壁花女郎(CD)', 'gs20150618000098', '235.00', '205.00', '1.66', '/data/upload/2015-06-18/55823256bc963.jpg', '<p>《戴安娜•克勞:壁花女郎》爵士天後戴安娜•克勞，精選12首啓迪人心的流行傑作。16度格萊美獲獎者，大衛•福斯特傾力制作。5座格萊美獎外加8做朱諾獎加持的加拿大著名女歌手/爵士鋼琴家戴安娜•克勞9月于Verve廠牌發行個人第12張錄音師專輯《壁花女郎》，這是繼她2012年探索20-30年代複古爵士樂風後首次嘗試流行音樂風格，演唱中依然保持鮮明的個人特色，此專輯亦是壹張經典翻唱作品集，收錄多首曾深刻影響戴安娜成長過程的經典歌曲，其中包括鮑勃•迪倫“壁花女郎”、老鷹樂隊“亡命之徒”、爸爸媽媽樂隊“加州夢想”，艾爾頓•約翰“道歉太難”等，並收錄壹首由保羅•麥卡特尼譜曲且未曾公開發表的作品“如果今晚我送妳回家”。這是壹張完美動聽的專輯由16度格萊美獲獎音樂人戴維•福斯特操刀制作。<br/><br/>推薦曲目：<br/>01 Wallflower 壁花女郎<br/>02 If I Take You Home Tonight 如果今晚我送妳回家<br/><br/>01 California Dreamin&#39; 加州夢想<br/>02 Desperado 亡命之徒<br/>03 Superstar 超級明星<br/>04 Alone Again (Naturally) 再度孤單<br/>05 Wallflower 壁花女郎<br/>06 If I Take You Home Tonight 如果今晚我送妳回家<br/>07 I Can&#39;t Tell You Why 無法言說<br/>08 Sorry Seems To Be The Hardest Word 道歉太難<br/>09 Operator (That&#39;s Not The Way It Feels) 接線員<br/>10 I&#39;m Not In Love 未陷情網<br/>11 Feels Like Home 家的感覺<br/>12 Don&#39;t Dream It&#39;s Over 別再做夢<br/><br/>發行日期：2015年2月</p>', '1', '1', '1', '1', '1', '0', '2015-06-18 10:51:29', '0', '2', '0', '5', '180.00', '2.00', '200', '戴安娜•克勞:壁花女郎(CD)', '戴安娜•克勞:壁花女郎(CD)', '戴安娜•克勞:壁花女郎(CD)', '', '0', '1', '2015-06-18 10:52:34', '1', '1', '1', '黑膠唱碟 戴安娜•克勞', '3', null), ('51', '26', '1', '蔡依林:Play(CD) ', '', 'gs20150617000051', '216.00', '189.00', '0.48', '/data/upload/2015-06-17/558134ca4ff01.jpg', '<p>《蔡依林:Play》在心口不壹的時代，用玩笑樂觀面對，用音樂戲谑世界，人生不過就是壹場Play！10首人生劇場主題曲，蔡依林音樂總監越玩越大。玩 興大發徹底《Play》各種角色，力邀名詞人黃偉文擔任專輯創意顧問。用玩笑樂觀面對，用音樂戲谑世界。蔡依林籌備多時的新專輯《Play》，專輯概念來 自于《Play》的諧音，呼應著Jolin這兩年來對人生舞台有許多新的體驗和領悟，表演因子在她身上總是蠢蠢欲動。在壹次與企劃的聊天過程 中，Jolin提到了她很羨幕自己所欣賞的女演員梅莉史翠普，因爲女演員可以透過不同的電影劇本，去體驗不同的角色人生，“其實人生就像壹個舞台，也許妳 無法去選擇自己天生的角色，但是妳可以後天去努力，然後改寫自己的故事腳本！”Jolin更在音樂上做了大膽的嘗試，除了曲風的突破，並再次擔任專輯音樂 總監，更把自己當成了音樂導演，用自己喜歡的音樂和歌詞，把這次新專輯《Play》當成是十首人生電影主題曲，玩興大發徹底去《Play》各種角 色，Jolin說：“新專輯希望可以自娛娛人，把快樂和感動帶給大家！”有感于現代人承受各方的壓力，希望在Jolin歌聲的戲谑陪伴下，帶來正面能量壹 起把負面能量趕走！新專輯更首度邀請華語樂壇知名作詞人黃偉文壹起爲這張專輯合作，這也是Wyman首度擔任國語專輯的創意顧問，兩人玩得過瘾，而碰撞出 來的成品，更讓人期待萬分。<br/>特別加贈：PLAY內地版珍藏明信片組“玩味無窮Just PLAY”明信片壹組共六款。<br/><br/><a href=\"http://g-ec4.images-amazon.com/images/G/28/BOOK-Catalog/content/B00SQMFFWC_01_amzn.jpg\"><img src=\"http://192.168.2.116/data/upload/ueditor/20150617/558132224baa4.jpg\" style=\"margin: 10px \" alt=\"蔡依林:Play\" height=\"400\" align=\"bottom\"/></a><a href=\"http://g-ec4.images-amazon.com/images/G/28/BOOK-Catalog/content/B00SQMFFWC_02_amzn.jpg\"><img src=\"http://192.168.2.116/data/upload/ueditor/20150617/55813222a1df4.jpg\" style=\"margin: 10px \" alt=\"蔡依林:Play\" height=\"400\" align=\"bottom\"/></a><a href=\"http://g-ec4.images-amazon.com/images/G/28/BOOK-Catalog/content/B00SQMFFWC_03_amzn.jpg\"><img src=\"http://192.168.2.116/data/upload/ueditor/20150617/55813222e2a0c.jpg\" style=\"margin: 10px \" alt=\"蔡依林:Play\" height=\"400\" align=\"bottom\"/></a><br/><br/> &nbsp;<a href=\"http://g-ec4.images-amazon.com/images/G/28/BOOK-Catalog/content/B00SQMFFWC_04_amzn.jpg\"><img src=\"http://192.168.2.116/data/upload/ueditor/20150617/5581322349a5d.jpg\" style=\"margin: 10px \" alt=\"蔡依林:Play\" height=\"200\" align=\"bottom\"/></a><a href=\"http://g-ec4.images-amazon.com/images/G/28/BOOK-Catalog/content/B00SQMFFWC_05_amzn.jpg\"><img src=\"http://192.168.2.116/data/upload/ueditor/20150617/55813223a4d6f.jpg\" style=\"margin: 10px \" alt=\"蔡依林:Play\" height=\"200\" align=\"bottom\"/></a><a href=\"http://g-ec4.images-amazon.com/images/G/28/BOOK-Catalog/content/B00SQMFFWC_06_amzn.jpg\"><img src=\"http://192.168.2.116/data/upload/ueditor/20150617/55813223df153.jpg\" style=\"margin: 10px \" alt=\"蔡依林:Play\" height=\"200\" align=\"bottom\"/></a> <br/><br/> 明信片背面：<br/><br/> <a href=\"http://g-ec4.images-amazon.com/images/G/28/BOOK-Catalog/content/B00SQMFFWC_07_amzn.jpg\"><img src=\"http://192.168.2.116/data/upload/ueditor/20150617/558132242969f.jpg\" style=\"margin: 10px \" alt=\"蔡依林:Play\" height=\"200\" align=\"bottom\"/></a><br/><br/>華納音樂和淩時差公司攜手斥資六千萬，打造十支MV十首全主打的十全十美新專輯。陳奕仁、傅天余、張時霖、珍妮花、侯季然等知名金獎導演加乘紐約新銳導演，跨國團隊傾力打造。Jolin變身人生舞台數十種角色扮演，傳達專輯概念！<br/>新 專輯還未正式發行，華納音樂與經紀公司已宣布專輯中10首新歌都會拍攝MV，因爲首首皆主打！不只是遠赴紐約拍攝新專輯視覺，MV後制也完全是以超高規格 制作。首波主打歌“Play”邀請金獎導演陳奕仁操刀，耗資800萬，MV中Jolin挑戰壹人分飾四角，從80年代珍芳達式的韻律操老師到炫富上流千金 及清新女文青，更不計形象演出爲博版面而在紅毯上不惜露點的心機女明星，再度完美诠釋新專輯概念：《說穿了，人生就是壹場Play》的精神！第二波抒情力 作“第三人稱”由電影導演傅天余執導，更首度邀到香港電影金像獎及中國電影金雞獎影後、法國南特三大洲電影節最佳女主角劉嘉玲跨刀演出；“第二性”MV更 與美國導演Scott Beardslee首度合作，MV由男女雙導演共同執導，女導演Kitty Lin也曾拍攝過王菲演唱會及個人電影短片並榮獲多項國際獎項；“唇語”及“自愛自受”MV邀來曾制作Justin Timberlake MV的美術總監Greg Lang合作，紐約新銳雙導演Thomas Wyatt + Edwin Eversole掌鏡，Jolin在這支MV中首度嘗試演出蛇蠍美人有如黑寡婦般的角色，將歌曲的神秘戲劇感藉由影像也概念如壹的完整呈現！Jolin在 新專輯中變身數十種角色扮演，由金獎導演vs.國際壹流視覺團隊完整打造專輯10首全主打，完成十全十美新專輯《Play》。<br/><br/>耗資百萬英美國際頂尖混音大師後制混音，遠赴紐約母帶制作，再創華語流行音樂中大膽實驗與革新性。<br/>等 待了兩年，Jolin比任何人都更期待這張新作品的誕生，Jolin爲了這張新專輯在制作方面毫不手軟，有五首舞曲及壹首抒情歌曲由美國的混音大師 Jaycen Joshua混音，他曾經爲Beyonce/ Miley Cyrus/ Rihanna/ Katy Perry/ Ciara/ Jay-Z/ Usher等知名藝人混音後制過專輯歌曲，同時專輯中還有壹首歌曲特別邀請幫Lana Del Ray混音後制歌曲的英國混音大師Dan Grech-Marguerat操刀！專輯Mastering母帶後期處理混音師Chris Gehringer，作品包含Rihanna/ Katy Perry/ Madonna/ Lady Gaga/ One republic/ Jay-Z等等，都是當今國際樂壇的幕後佼佼者。而母帶完成時間更壹延再延，Jolin對于制作物的細微之處無不堅持與要求完美，完成了壹張2014絕對 值得用力收藏的專輯！<br/><br/>新專輯玩拍半個地球，紐約/米蘭/香港/北京打造玩美視覺。香港時尚達人黃偉文、視覺藝術家陳漫、金獎設計聶永真首度合作，聯手打造正式版美人《Play》。<br/>透 過新專輯創意顧問黃偉文邀請，新專輯正式版與來自北京的國際著名視覺藝術家陳漫合作。明星們都稱陳漫是“最會拍照的北京鈕兒”。在陳漫的眼中，蔡依林就是 《天使與魔鬼的綜合體》，陳漫說：“因爲對她最有印象的表演就是Jolin有壹種天使的臉孔，但是卻有魔鬼般的身材！”而新專輯創意顧問黃偉文，除了在歌 詞創作上帶給大家的驚豔與驚喜外，他的另外壹個身份-時尚專欄作家和時尚達人的形象更加鮮明。這壹次Wyman不但爲蔡依林新專輯帶來很多新鮮有趣的新玩 法建議，更特別跨界擔任唱片造型師的工作，和多家國際知名品牌如Comme des Garcons / Lanvin/ Giuseppe Zanotti Design / Valentino/ Linda Farrow/Vivienne Westwood/ Alexis Mabille網羅最新壹季的時尚精品，親自爲Jolin搭配，並設計了三組全新角色：第壹組性感玩童，透過時尚大師川久保玲的Oversize西裝，制 造出沖突的趣味感！第二組怒火乖乖女，Jolin穿上Valentino盛裝打扮成拘謹太過正經的乖乖牌美女，但手上卻拿著壹把噴火槍，讓她笑說自己好像 在演電影《霹雳嬌娃》中，常常也爲了要出任務而喬裝成各種角色的虎姑婆！第三組複古女間諜，靈感來自美國五十年代最性感的妖姬《Bettie Page》及《艾娃嘉納》，這也是她自己最喜歡的造型，流露出她前所未有從未嘗試的複古性感魅力眼神！在陳漫鏡頭下的三組High Fashion時裝大片風格，黃偉文慧眼獨具的造型搭配，加上金獎設計師聶永真操刀專輯設計，首次合作，聯手打造正式版美人《Play》專輯！<br/><br/>01 第二性<br/>02 呸（首波主打）<br/>03 美杜莎<br/>04 唇語<br/>05 I&#39;m Not Yours（Feat.安室奈美惠）<br/>06 自愛自受<br/>07 Miss Trouble<br/>08 電話皇後<br/>09 第三人稱（第二波抒情力作，感人推薦！）<br/>10 不壹樣又怎樣<br/><br/>發行日期：2015年2月<span style=\"color: red;\"></span></p><p><br/></p>', '1', '1', '1', '1', '1', '0', '2015-06-17 16:40:27', '0', '1', '0', '3', '150.00', '2.00', '298', '', '蔡依林:Play(CD) ', '', '', '0', '1', '2015-06-17 17:21:06', '1', '1', '1', '黑膠唱碟 蔡依林', '0', null), ('48', '26', '1', '哎呦,不错哦 AIYO,NOT BAD', '周杰伦:哎呦,不错哦(CD 限量精装版 内地版 附歌词本+特殊PC透明磁吸盒包装)', 'gs20150617000001', '186.00', '153.00', '0.14', '/data/upload/2015-06-17/5581268294a92.jpg', '<p>《周杰伦:哎呦,不错哦》周杰伦最新专辑。JAY语录里最被流传模仿的一句，最周杰伦的一张创作。以幽默拉开序幕，给你“鞋子特大号”！幽默是挫折中优雅\r\n的礼貌，给你Jay特大号的幽默！久等了！今年度最特大号、最高度期待的专辑——《周杰伦:哎呦,不错哦》，首波隆重登场的“鞋子特大号”，主角就是默片\r\n喜剧大师卓别林！留着一撇小胡子，穿着一件窄小的礼服、特大的裤子和特大的黑鞋、戴着一顶圆顶硬礼帽、手持一根棒棒糖拐杖，凭肢体语言就能逗笑观众的卓别\r\n麟，堪称是神级幽默，至今无人能超越，不仅是鞋子特大号，连幽默也要特大号！</p><p><strong><br/></strong></p><p><strong>歌词所写：</strong><br/>别什么你都想要，快乐却找不到，幽默是挫折中优雅的礼貌<br/>喜剧要百分之百的投入，不管演动物或植物，你一定都要演的让人家羡慕<br/>让你开心其实要一点头脑<br/>若生活需要微笑请看着我就好，将压力一股脑全部释放掉<br/><br/>卓别林用喜剧电影幽默生命的悲欢；周杰伦用他的音乐将世界诙谐成喜剧！<br/>世界再闷，生活再无聊，幸好我们还有周杰伦！<br/><br/><strong>专辑12首强打首波推荐：</strong><br/>鞋子特大号<br/>复古曲风+嘻哈饶舌元素+卓别林式幽默<br/><br/>随着其他11首曲目的曝光，更引起粉丝高度期待与乐坛的瞩目！包括“阳明山”、“窃爱”、“算什么男人”、“天涯过客”、“怎么了”、“一口气全念对”、“我爱夏天”、“手写的从前”、“听爸爸的话”、“美人鱼”、“听见下雨的声音”，在在引发粉丝热情的讨论。</p><p>《周杰伦 Jay Chou:哎呦 不错哦》久等了！年度特大号的期待～周杰伦最新专辑，JAY语录里最被流传模仿的一句，最周杰伦的一张创作。<br/><br/><img src=\"http://192.168.2.116/data/upload/ueditor/20150617/55812fff66b71.jpg\"/><br/><br/><a href=\"http://g-ec4.images-amazon.com/images/G/28/BOOK-Catalog/HBK/B00QW9H9B6_02_amzn.jpg\"><img src=\"http://192.168.2.116/data/upload/ueditor/20150617/558130001b403.jpg\" style=\"margin: 10px \" alt=\"周杰伦 Jay Chou:哎呦 不错哦\" width=\"400\" align=\"bottom\"/></a><a href=\"http://g-ec4.images-amazon.com/images/G/28/BOOK-Catalog/HBK/B00QW9H9B6_03_amzn.jpg\"><img src=\"http://192.168.2.116/data/upload/ueditor/20150617/55813000a0208.jpg\" style=\"margin: 10px \" alt=\"周杰伦 Jay Chou:哎呦 不错哦\" width=\"400\" align=\"bottom\"/></a><br/><br/><span style=\"color:red\"><strong>预购特大号惊喜！内地版包装规格同台版！<br/>精装版：特殊PC透明磁吸盒包装，内含有1CD＋歌词本。<br/>限量精装版预购礼：Jay Chou豹纹背袋</strong></span><br/><br/><img src=\"http://192.168.2.116/data/upload/ueditor/20150617/558130011b413.jpg\"/><br/><br/>专辑预购限量惊喜礼，特选两款花纹—豹纹、斑马纹，制作精美抽绳背带，时尚与实用兼具，乐迷必备收藏！<br/><br/><strong>以幽默拉开序幕，给你“鞋子特大号”！<br/>幽默是挫折中优雅的礼貌，给你Jay特大号的幽默！</strong><br/><br/>久\r\n等了！今年度最特大号、最高度期待的专辑——周杰伦《哎呦，不错哦》，首波隆重登场的“鞋子特大号”，主角就是默片喜剧大师卓别林！留着一撇小胡子，穿着\r\n一件窄小的礼服、特大的裤子和特大的黑鞋、戴着一顶圆顶硬礼帽、手持一根棒棒糖拐杖，凭肢体语言就能逗笑观众的卓别麟，堪称是神级幽默，至今无人能超越，\r\n不仅是鞋子特大号，连幽默也要特大号！<br/><br/>歌词所写：<br/>别什么你都想要，快乐却找不到，幽默是挫折中优雅的礼貌<br/>喜剧要百分之百的投入，不管演动物或植物，你一定都要演的让人家羡慕<br/>让你开心其实要一点头脑<br/>若生活需要微笑请看着我就好，将压力一股脑全部释放掉<br/><br/>卓别林用喜剧电影幽默生命的悲欢；周杰伦用他的音乐将世界诙谐成喜剧！<br/>世界再闷，生活再无聊，幸好我们还有周杰伦！<br/><br/><strong>首波主打：<br/>鞋子特大号<br/>复古曲风+嘻哈饶舌元素+卓别林式幽默</strong><br/><br/>“鞋\r\n子特大号”是由周杰伦作曲、方文山作词，两人在讨论这张新专辑歌曲时，想要写一首幽默的歌曲，让大家可以在生活中多点开心的元素；而卓别林是喜剧界的宗\r\n师，他的很多特色都具有“符号性”，像是宽大的鞋子、很窄的西装、手杖、帽子…，这些都变成了他幽默的标志；就像“双截棍”之于李小龙，“特大号的鞋子”\r\n就是卓别麟的个人风格之一，卓别林本身的视觉元素很丰富，方文山写这首歌时把这些视觉元素放进歌词里，非常丰富幽默，希望这首歌卓别麟式幽默的歌曲，可以\r\n让大家生活不那么紧张，开心一点。<br/><br/>在这张新专辑里，周杰伦多用低沉嗓音表现，前所未有呈现新的唱腔，而这首复古曲风加嘻哈饶舌元素的“鞋\r\n子特大号”，更是一首幽默诙谐的嘻哈饶舌歌曲，歌词有卓别麟式的幽默，而周杰伦更以一种诙谐、顽童的口吻演唱，声音表情千变万化，和声的安排细节之处更令\r\n人惊艳莞尔一笑；周杰伦的好友、同时也是杰伦演唱会总监——巨炮，在周杰伦的每张专辑中都会有一首歌加入O.S.，这已经变成了一个惯例，这首“鞋子特大\r\n号”，就有巨炮的O.S.作为开场，周杰伦认为巨炮很有特色的声音加入歌曲O.S.中，可以让这首幽默的歌曲更有趣。特别的是，巨炮的O.S.就如同歌曲\r\n中与周董的电话对话一样，巨炮就是打电话进录音室录的，非常具有临场感与独特的趣味。而这首歌的MV更用了许多错位的梗，重新诠释，黑白到彩色形成幽默的\r\n对比；从音乐出发，将视觉符号转化成歌词（文字）、再将歌曲转化成视觉，不断地扩大想象，这就是周杰伦的特大号魅力！</p><h3 class=\"productDescriptionSource\">特殊说明</h3><p>介质为：1CD+歌词本+特殊PC透明磁吸盒包装！\r\n &nbsp; &nbsp; &nbsp;\r\n &nbsp; &nbsp; &nbsp;</p><p><br/><br/><strong>周杰伦：</strong><br/>周\r\n杰伦，中国台湾华语流行歌手、著名音乐人、音乐创作家、作曲家、作词人、制作人、杰威尔音乐公司老板之一、导演，近年涉足电影行业。周杰伦是2000年后\r\n亚洲流行乐坛最具革命性与指标性的创作歌手，有“亚洲流行天王”之称。他突破原有亚洲音乐的主题、形式，融合多元的音乐素材，创造出多变的歌曲风格，尤以\r\n融合中西式曲风的嘻哈或节奏蓝调最为著名，可说是开创华语流行音乐“中国风”的先声。周杰伦的出现打破了亚洲流行乐坛长年停滞不前的局面，为亚洲流行乐坛\r\n翻开了新的一页！\r\n &nbsp; &nbsp; &nbsp;\r\n &nbsp; &nbsp; &nbsp;<br/></p>', '1', '1', '1', '1', '1', '0', '2015-06-17 11:05:29', '0', '1', '0', '1', '100.00', '2.00', '293', '周杰伦:哎呦,不错哦(CD 限量精装版 内地版 附歌词本+特殊PC透明磁吸盒包装)', '周杰伦 JAY CHOU:哎呦,不错哦 AIYO,NOT BAD', '周杰伦:哎呦,不错哦(CD 限量精装版 内地版 附歌词本+特殊PC透明磁吸盒包装)', '', '0', '1', '2015-06-18 11:29:02', '1', '1', '1', '黑膠唱碟 哎呦,不错哦 周杰伦 (Jay Chou)', '0', null), ('49', '26', '1', '李榮浩CD', '李榮浩CD：李榮浩模特 CD個人創作專輯', 'gs20150617000049', '128.00', '0.00', '0.16', '/data/upload/2015-06-17/55812daa974d7.jpg', '<p>《李榮浩:李榮浩》從默默無名到壹夕爆紅，2014年以黑馬之姿入圍第二十五屆金曲獎五項大獎。誰都和他不搭，他是自己的喜劇之王。李榮浩加盟華納音樂全 新創作大碟《李榮浩》，不落俗套爲苦悶日子解套，不唱高調好聽得無法低調。壹整年只等壹張李榮浩，全亞洲音樂人/媒體/樂迷屏息期盼。新時代的獨特，新音 樂的模特，加盟華納音樂全新創作大碟《李榮浩》。“音樂夠好，再低調都能發火發熱”，用這句話形容李榮浩的際遇再適合不過。去年，李榮浩以獨立發行模式推 出首張創作專輯《模特》，在沒有任何商業操作曝光下，音樂的口碑已在網絡上漸漸傳開，更在今年金曲獎壹舉入圍“最佳國語專輯獎”、“最佳國語男歌手獎”、 “最佳新人獎”、“最佳專輯制作人”、“最佳作詞人”最重要五項大獎後，以黑馬之姿，壹夕之間受到爆量的關注。最後衆望所歸獲得“最佳新人獎”，無疑讓他 立刻成爲新時代的創作新人王。挾著超高期待度，李榮浩終于將在11月28號推出個人第二張創作專輯《李榮浩》。相較上壹張《模特》，這次新專輯直接取名 《李榮浩》，因爲之中的十首作品，加入更多李榮浩自己對生活各面向與感情的觀點，強調“天生的最好”。如編曲的配制，盡量使用不插電樂器；歌詞以極寫實的 敘述，傳達真實的心情感受和人生狀態。歌王歌後指定攝影師黃中平攝影、天王天後禦用造型師韓忠偉打造、瑞士國際平面設計聯盟會員金獎最佳專輯包裝聶永真設 計、全新黑白極簡時尚李榮浩。<br/><br/>李榮浩加盟華納音樂全新創作大碟，不僅音樂夠份量，視覺團隊也十分重量級。專輯平面攝影由華語歌壇天王天後 都指定的黃中平操刀，場景選在台北極具代表性的景點陽明山，第壹個森林場景，在兩小時內，就巧遇三對即將結婚的新人同時在此地拍攝婚紗照，讓李榮浩啧啧稱 奇。而不時在樹林和草叢裏拍攝，工作人員也不時提醒要小心有蛇出沒，也讓李榮浩既期待又怕受傷害。李榮浩造型也找來林俊傑、張惠妹等天王天後禦用造型師韓 忠偉打造，穿出壹種極度簡約利落的風格，加上拍攝專輯封面當天，陽明山的壹種山雨欲來的陰天氛圍，索性最後將選出來的照片都調成黑白，再結合兩屆金曲獎最 佳專輯包裝得主聶永真極具巧思的設計，讓這張專輯的視覺呈現壹種李榮浩獨特式黑白基調的極簡時尚感，值得歌迷實體的收藏。<br/><br/>01 喜劇之王 King of Comedy<br/>02 落俗 Lacking Style<br/>03 作曲家 Composer<br/>04 不搭 Unsuited<br/>05 自拍 Autodyne<br/>06 哎呀 Ah!<br/>07 快讓我在雪地上撒點兒野 Wild In The Snow<br/>08 男女 Man And Woman<br/>09 天生 Born<br/>10 二三十 20s 30s<br/><br/>發行日期：2014年12月</p>', '1', '1', '1', '1', '1', '0', '2015-06-17 12:38:50', '0', '1', '0', '2', '70.00', '2.00', '120', '李榮浩CD：李榮浩模特 CD個人創作專輯', '李榮浩', '李榮浩CD：李榮浩模特 CD個人創作專輯', '', '0', '1', '2015-06-18 16:55:39', '1', '1', '1', '黑膠唱碟 李荣浩', '0', null), ('50', '26', '1', '林俊傑:新地球(CD)', ' 林俊傑:新地球(CD)附贈神秘禮+收納盒+明信片 套裝 ', 'gs20150617000050', '152.00', '130.00', '0.30', '/data/upload/2015-06-17/55812f57bb45e.jpg', '<p>《林俊傑:新地球》亞洲最強百冠王——JJ林俊傑，第11張全新視野之作《新地球》專輯，好評熱賣全亞洲！橫掃海內外所有實體、數字下載……等超過100 個金榜的No.1。不但在華語樂壇受到全面好評，與格萊美流行歌王——Jason Mraz共同創作的歌曲“I Am Alive”更受到國際樂壇矚目，讓《新地球》專輯登上全球最具權威性的美國告示牌（Billboard）世界專輯排行榜，並拿下衆多西洋榜的單曲點播冠 軍。而金曲歌王的國際合作不僅止于此，更令人驚喜的亞洲樂壇大消息——大陸特別版更收錄了與“韓國首席型男樂團”CNBLUE的靈魂人物——主唱鄭容和， 壹齊創作並合唱的熱血搖滾歌“Checkmate”。人氣、買氣沖破天際的天王氣勢，讓人驚歎金曲歌王的音樂能量持續發威，不斷帶給大家更多音樂新驚喜。 新壹代超人氣小天後——G.E.M.鄧紫棋，浪漫男女對唱曲——“手心的薔薇”，再創KTV對唱新經典！最期待x最震撼x最感動x壹張最值得收藏的專輯， 第10+1張專輯，累積從1到10的飽滿創作能量。JJ式全新創作，引領妳我進入突破無形壓力的音樂新次元。<br/><br/>最期待！<br/>跨 國際最優秀音樂人、歌手、錄音師、國家級弦樂團攜手合作：五月天阿信、吳青峰、林秋離、林夕、姚若龍、方文山、王雅君、林怡鳳以及格萊美級錄音大師 Brian Gardner、布拉格弦樂團等，共譜新地球最美樂章。3首跨國際合唱歌曲超驚喜呈獻：格萊美流行歌王——傑森瑪耶茲（Jason Mraz） x 林俊傑共同創作、共同合唱——“I Am Alive”用音樂教人活得更燦爛。<br/><br/>最震撼！<br/>首波專輯同名科幻寓言式主打—“新地球”，耗資百萬，曆時三個月，MV打造科幻電影般的未來世界。首播當日24小時內，突破視頻網站2百萬次點擊。萬名網友留言熱烈回響，盛贊：“新作帥出了壹個新高度！”<br/><br/>最感動！<br/>金曲歌王JJ林俊傑最心傷情歌“可惜沒如果”摯情摯深的自省自白，每壹句歌詞，都恰如每壹段在愛情中有過遺憾的心聲，最好聽好看的JJ式抒情主打。<br/><br/>贈品：<br/>1.燦爛時光炫酷收納盒&amp;神秘贈品x 1（首批誠意奉送，送完即止）<img src=\"http://192.168.2.116/data/upload/ueditor/20150617/55812eb6ed783.jpg\"/><br/><br/>2.“全封面”明信卡x 5（完整收錄台灣地區5版專輯封面，絕對唯壹）<img src=\"http://192.168.2.116/data/upload/ueditor/20150617/55812eb76062d.jpg\"/><br/><br/>01 回 Flashback<br/>02 新地球 Brave New World<br/>03 水仙 The Gardens<br/>04 浪漫血液 The Romantic<br/>05 黑鍵 Black Keys<br/>06 手心的薔薇 Beautiful（Feat.鄧紫棋）<br/>07 可惜沒如果 If Only…<br/>08 I Am Alive（Feat.Jason Mraz）<br/>09 愛的鼓勵 Woo<br/>10 茉莉雨 Raindrops<br/>11 生生 The Beacon<br/>12 Checkmate（Feat.鄭容和）<br/><br/>林俊傑：<br/>林 俊傑，2003年4月在台灣首發第壹張個人創作專輯《樂行者》，半年來，全亞洲銷量已突破70萬張，僅在內地銷量就達到了40多萬張的好成績，絕對稱得上 2003年度亞洲唱片市場的銷量小天王。是近年來新人發片取得開門紅的又壹領軍人物。原來在林俊傑出道之前的藝術經曆是爲他今天的發展奠定了良好的基礎。 林俊傑出身在音樂家，父母都是搞音樂的，在父母的引導下俊傑4歲就開始學習鋼琴，壹度曾經想放棄音樂的俊傑在父母的鼓勵下最後還是沒有離開。1996年， 年僅15歲的林俊傑就開始了在歌唱比賽中頻繁拿獎的道路，前後獲得多個詞曲創作和演唱大獎，99年的海碟歌手培訓班讓林俊傑受到了正規優秀的全方位藝人培 訓，從3500多入圍者中脫穎而出，成爲最後的勝出者。獲得這壹榮譽的只有兩個人，壹個是林俊傑另壹個是就阿杜。新加坡男孩都要有參軍的經曆，林俊傑亦不 例外，只不過由于他的特長他參加的是新加坡武裝部隊文工團，還是壹名文藝兵，在此期間積累了大量的舞台表演經驗。更多的思考時間讓俊傑的創作才華得以展 示，前前後後爲張惠妹、阿杜、瘐澄慶創作了多首主打歌曲，有了這些寶貴的經驗，俊傑爲自己的音樂專輯創作歌曲更是如魚得水。並被台灣媒體稱爲“新壹代的創 作魔手”。22歲的年輕創作歌手。擅長鍵盤與吉他。只要有機會坐在鍵盤前，不需幾分鍾，壹首美妙旋律，應指而生。在流行樂壇裏，邁克傑克遜、周傑倫、陶喆 都是俊傑崇拜的樂壇英雄。俊傑也是聽著他們的歌長大的！很自然的在俊傑的作品裏，妳或許會發現壹些些他們的影子。不過，俊傑的音樂風味自成壹格，尤其是他 的唱工，真假音的互換幾乎是完美，若我們把邁克傑克、周傑倫、陶喆和周治平融成壹體，妳說會是如何？是的，林俊傑的這壹股樂壇新聲力正蓄勢待發呢！近年 來，台灣流行樂壇人才輩出，這壹波潮流無可避免的，也感染了整個華人世界，陶吉吉、周傑倫的成功，更俨然是年輕壹代音樂人豔羨、圓夢的指標，俊傑更是其中 最努力的壹個，十八歲就成功發表第壹首作品，更在兩年之中完成個人專輯中的所有創作而還有剩。林俊傑壹直以來以豐盛不斷的創作能源，加上特殊的嗓音。更讓 大家對這個當時才22歲，新加坡能寫能唱的新生代歌手，多了更多的驚喜與期待。&nbsp;&nbsp;&nbsp;&nbsp;&nbsp;&nbsp;&nbsp;&nbsp;&nbsp;&nbsp;&nbsp; <br/></p>', '1', '1', '1', '1', '1', '0', '2015-06-17 16:24:28', '0', '2', '0', '3', '100.00', '2.00', '0', '林俊傑:新地球(CD)附贈神秘禮+收納盒+明信片 套裝 ', '林俊傑:新地球(CD)', '林俊傑:新地球(CD)附贈神秘禮+收納盒+明信片 套裝 ', '', '0', '1', '2015-06-17 17:25:25', '1', '1', '1', '黑膠唱碟 林俊傑 林俊杰', '0', null), ('89', '25', '1', '黃麗玲 A-Lin:罪惡感 Guilt(CD) ', '黃麗玲 A-Lin:罪惡感 Guilt(CD) ', 'gs20150617000090', '255.00', '210.00', '0.88', '/data/upload/2015-06-17/5581439556716.jpg', '<p><br/>《黃麗玲:罪惡感》等得太久，靈魂需要被撫慰。壹張牽動妳心的專輯，十首感同身受的好歌。2年沒有推出新專輯的A-Lin，在這七百多個日子裏，許多人都張大眼睛張著耳朵在等她，等得太久，太多渴愛的靈魂需要被撫慰，而今加盟了新的唱片公司索尼音樂，A-Lin即將帶著個人第七張專輯《罪惡感》，在2014年壓軸登場，這張專輯，探索愛情裏的罪惡感，尋找婚姻裏的平衡感，A-Lin以全新的心情和音樂，即將再壹次用她最富渲染力的歌聲感動大家，展現出專屬于她的歌姬本色。<br/><br/>“天生歌姬”2014華麗回歸，壓軸登場！<br/>衆家金曲級音樂人量身打造A-Lin黃麗玲，出道以來最精彩專輯《罪惡感》。10首最牽動妳心、感同身受的主打歌。讓妳怎麽聽著聽著就笑了，笑著笑著就哭了。這張專輯，醞釀精制了兩年，堪稱是A-Lin出道以來最精彩的壹次音樂呈現，專輯中的10首歌，邀來華語樂壇最具才華的音樂人爲她量身打造，華麗的詞曲制作陣容包括方大同、小宇、Matzka、林夕、黃偉文、陳建骐、徐世珍、邬裕康、葛大爲、嚴雲農、小寒、李榮浩等人，這些堪稱金曲奬等級的音樂人們與A-Lin攜手激蕩出壹張漂亮的成績單，而A-Lin也在這樣的火花中交出了壹首曲“平衡感”及壹首詞“我心已打烊”的創作，專輯中的音樂類型多元豐富，含括Ballad、Rock、Soul、Funk、電氣搖滾、舞曲等不同曲風，A-Lin壹把極具個人特色的動人嗓音在不同曲風中遊刃有余、完美展現，不只讓人再次聽證她“天生歌姬”的美名，而整張專輯的音樂水平整齊精彩，堪稱10首都是主打歌，絕對也能滿足大家的高標期待。<br/><br/>探索愛情裏的罪惡感，尋找婚姻裏的平衡感。站在婚姻愛情與事業夢想的天平上，A-Lin唱出每壹個身兼數職的現代女性最甜蜜的掙紮！<br/>這張名爲《罪惡感》的專輯，探索愛情裏的罪惡感，尋找婚姻裏的平衡感，將愛情、婚姻與時間這樣的龐雜命題，試圖透過專輯中的歌詞文字，進行壹場辯證與抒發。現代人的步調常常是忙盲茫，許多人的愛情與婚姻，因爲時間、因爲兩人日夜相處的過程、因爲越來越複雜的生活，而逐漸走上消磨耗盡、轉換質量的必然宿命。尤其很多在都會中打拼追夢的女人，既要兼顧自己的事業，又要維持感情的溫度，常常有時間不屬于自己、逐漸失去自我的懷疑，偶爾想要讓自己喘壹口氣，反而會因爲責任或是承諾，而湧現太自我、太自私的罪惡感。已經是人妻身分的A-Lin，對她而言，愛情、婚姻中的罪惡感又是什麽呢？因爲工作關系，A-Lin與老公、家人總是得分隔兩地，追求夢想的欲望和聚少離多的現實總是不斷拉扯著她。因爲心中懷著這樣的罪惡感，這些年來，她養成壹個習慣，即使她只身在台北或是國外工作時，她也自制地過著和家人壹樣的作息時間，她婉拒許多邀約聚會，每每工作結束後，總是趕著回家和老公、家人視訊聊聊。彷佛只要過著相同的生活步調，就可以感覺彼此距離沒有那麽遙遠。她努力走在夢想和家庭之間的平衡木上，渴望在每壹個不同的舞台上都能盡力完美演出。除了探索女人在愛情婚姻中這種敏銳的心理感受，專輯中的其他歌詞文字，也在“自我的獨立完整”與“角色的配合妥協”中，抛出壹個又壹個的辯證題。妳可以在“平衡感”這首歌中，聽見A-Lin唱著“幸福有如走鋼索手捧起夢想和生活”的自我拉扯；可以在“我值得”中聽見壹個向往自由、不再委屈自己的現代女人心；在“Gentlewoman”中，A-Lin優遊自在、強悍與溫柔同時並存；在“難得孤寂”中，她又唱出再華麗的武裝下，依舊會有藏不住的孤寂。整張專輯環繞著愛情婚姻這個複雜的主題，A-Lin唱出每壹個身兼數職的現代女性最甜蜜的掙紮，10首歌，牽動人心、感同身受，讓人再壹次在她的音樂中，聽著聽著就笑了，笑著笑著就哭了……<br/><br/>熱門推薦：<br/>01 All In<br/>愛妳成瘾，又何必清醒……創作才子小宇（宋念宇）作曲、編曲、制作傾力打造！愛盡壹切，不惜與世界爲敵。爲了愛，妳願不願意毫不保留賭上壹切？有些人愛得像焰火，越灼熱越痛快，在妳眼睛點亮壹萬顆星星。有些人愛得像流星，讓妳剛湧起幸福的感覺想要許願，壹眨眼它已經不見。有些人的愛像童話、像神話，像壹晌貪歡的遊戲，像加加減減的算計……愛的形式有千百種，而A-Lin的愛，愛上了，就成瘾。2006年A-Lin以《失戀無罪》專輯出道，她以渾厚動人的嗓音及完美演繹各種曲風的歌唱天賦，壹出道就被媒體及歌迷譽爲“天生歌姬”，A-Lin也以壹首又壹首唱進人心的動聽歌曲磨亮這個封號，在華語樂壇中站穩歌姬的壹席之地。就在她事業正要起飛的時刻，她卻因爲愛情而做了“結婚”這壹個人生中最重大的決定，有些人覺得婚姻、家庭會牽絆她，讓她分心；她的性格卻是愛上了，就願意爲這份愛情賭上壹切，她也相信著，有壹份安定的感情，會讓她在沖刺事業時更無後顧之憂。“許下承諾的那壹刻，我就付出所有、愛無反顧了。”對A-Lin來說，婚姻就是壹場讓愛All In的豪賭，每壹段關系裏都有著高低起伏、酸甜苦辣，當妳心中不去想任何退路，就會覺得愛情裏、婚姻裏的任何難關，都是可以克服的。因爲這樣傾盡壹切去愛的性格，A-Lin帶來了她全新專輯《罪惡感》中的第壹首單曲“All In”。“All In”由A-Lin的超級好友、創作才子小宇爲她量身打造，小宇壹手包辦這首歌的作曲、編曲、制作，在兩個人的好默契下，小宇精准地完成了這首盡顯A-Lin嗓音魅力的歌。這首“All In”是壹首電氣搖滾，這也是A-Lin首次嘗試的曲風，在小宇彌漫迷幻味道的旋律及編曲中，搭配知名作詞人嚴雲農極富意境的歌詞文字，呈現出A-Lin異于以往的全新面貌。<br/>雖然成果大家都非常滿意，但是A-Lin也分享了他們錄音時的趣事，原來雖然他們是超級好朋友，但是小宇壹進錄音室就會變身成超級嚴厲制作人，壹度因A-Lin聲音不夠進入狀況，小宇還“清場”把所有人趕出錄音室，兩人在裏面談心。這樣的錄音過程壹度讓氣氛變得緊張，但兩人畢竟很有默契，順利地找出專屬于他們的溝通方式，而錄完音後，A-Lin光是聽到尚未完成的半成品，竟感動到淚流滿面，讓她對小宇的音樂功力更加佩服。“All In”的MV特別邀請到金曲奬最佳音樂錄像帶導演比爾賈執導，爲了打造A-Lin歌姬華麗回歸的氣勢，索尼音樂狠花百萬，租下列車拍攝，還在攝影棚內搭出美到令人屏息的荒蕪星球景象，A-Lin表示，“真的很開心，沒想到來了壹列火車，加上特殊的燈光，感覺完全表達出歌詞中的情境，讓我對嘴時更能投入。”MV中A-Lin爲表現將感情All In的決心，崩潰目送火車遠離，還有壹段高難度內心戲，也讓她回想起過去經驗。A-Lin說：“往台東的火車票壹票難求，再加上我經常趕不上回台東的火車，如果錯過壹班快車，下壹班普通車回去可能就要6個小時，真的很崩潰。”她說，因台東景色太美，她就算只買到站位也會壹路站回家，“風景太漂亮，我壹邊戴著耳機聽音樂壹邊唱，還曾經唱到被列車長稱贊說，不錯哦！”列車也代表逐夢的過程，雖然拍攝MV過程非常辛苦，但A-Lin透露，短短幾分鍾的歌曲卻需要衆多工作人員完成，讓她深感合作的重要性，她謙稱：“他們非常辛苦，比起來我壹點都不辛苦。”<br/><br/>02 罪惡感<br/>覺得罪惡。妳給了我天堂，我卻只想逃亡。在愛情裏渴望自由，在自由裏想被捆綁，是誰謀殺了愛情，又是誰把承諾變成了懲罰？專輯同名主打“罪惡感”用音樂剖析愛情本質的忏情告白。繼超級好友小宇（宋念宇）爲A-Lin量身打造的迷幻電氣搖滾“All In”之後，A-Lin再推出專輯同名主打歌“罪惡感”，這首“罪惡感”是新生代創作才子金貴晟作曲，徐世珍、吳輝福連手填詞，由金曲奬最佳制作人陳建骐編曲、制作。A-Lin同時揉和著深情又疏離的嗓音，沒有過多的裝飾，赤裸得像壹把鋒利小刀，剖開糖衣包裝下的愛情本質。整首歌的編曲，由簡單的鋼琴開場，突顯A-Lin極富渲染力的音色，也帶出她情緒動人的輕唱，隨著曲式進行，情緒層叠，編曲漸濃漸重，好像受困的靈魂渴望解答、渴望方向的吶喊。愛情從來都不簡單，已經許下承諾的愛情尤其複雜艱難。“罪惡感”既是愛情渴望出口的歇斯底裏；也是午夜低回時，壹句不再閃躲、直視內心的問句。<br/><br/>01 我值得<br/>02 我笑到都哭了<br/>03 罪惡感<br/>04 難得孤寂<br/>05 All In 愛盡壹切<br/>06 平衡感<br/>07 我心已打烊<br/>08 Gentlewoman 男女不分<br/>09 拿走了什麽<br/>10 最後的晚餐 <br/></p>', '1', '1', '1', '1', '1', '0', '2015-06-17 17:50:37', '0', '2', '0', '3', '200.00', '1.00', '299', '', '', '', '', '0', '1', '2015-06-17 17:53:31', '1', '1', '1', '黑膠唱碟 黃麗玲', '0', null), ('52', '26', '1', '妳的愛(CD 正式版)', '妳的愛(CD 正式版)', 'gs20150617000052', '138.00', '0.00', '0.44', '/data/upload/2015-06-17/558136cd13c38.jpg', '<p>《王力宏:妳的愛》四年醞釀，累積愛的音樂能量。全新、全創作個人專輯《妳的愛》，回歸愛的原點，成全愛的失去，找回愛的勇氣。<br/><br/>無時無刻的華流正向能量！<br/>2015年1月16日上映的黑帽黑客Blackhat，是由王力宏、湯唯，以及“雷神”克裏斯漢斯沃所主演的好萊塢國際電影巨片，在拍片過程中，力宏對于大環境的現狀有感，因而在飯店創作出“就是現在”這首歌曲。<br/><br/>華流興起，世界關注！<br/>接 到導演麥可曼恩Michael Mann的電影劇本後，力宏對于世界時局有了壹些不同的認知與體悟，他發現西方世界對東方世界逐漸改觀，華人演員不再限于帶口音的英文，拳腳功夫的陪襯角 色，亦不會只淪于詭計的陰險反派。這個大躍進激起了力宏的創作靈感，爲此寫下了“就是現在”這首歌曲，洋溢了正向能量，並鼓舞了華人的內斂之心，傳達現在 時機正好，出就像是天文現象之中九星連成壹線般的難得，以及人應把握現狀的積極之心。<br/><br/>歌詞與譜曲的琢磨！<br/>這首詞曲由力宏壹手包辦，滿溢蓄勢待發的正能量，爲音樂本體增添戲劇效果的立體感，其中歌詞加入了友人章子怡與張震在電影臥虎藏龍中的劇中角色名，饒富趣味。<br/><br/>主打曲：就是現在<br/>我的夢不是未來 就是現在<br/>東方文化 日漸掘起<br/>華人潮流 躍升主流<br/>就是現在 華流站穩世界舞台<br/>夢不是未來<br/>夢就是現在<br/><br/>01 前奏<br/>02 天翻地覆<br/>03 裂心<br/>04 忘我<br/>05 妳的愛<br/>06 就是現在<br/>07 七十億分之壹<br/>08 In Your Eyes<br/>09 保護<br/>10 夢寐以求<br/>11 微博控<br/>12 愛壹點<br/>13 忘我（抒情版）<br/><br/>王力宏：<br/>1996 年，王力宏在台灣發行第壹張個人專輯，受到台灣流行樂壇和媒體的注意，華麗的舞台沒有影響到力宏玩學業的決心。1998年夏季，王力宏加盟新力音樂，這個 國際音樂事業的大家庭；新力對他的期望是國際化的實力創作型的偶想歌手，長程的規劃是推向國際性的音樂舞台。王力宏壹個20出頭的大男孩，其音樂事業的人 生才剛剛起步，就已交出了壹張漂亮的成績單；超過40多首的已發表的創作歌曲；6張個人專輯；1張合輯，累積台灣地區專輯銷售亦超過百萬張。王力宏在台灣 所發表的每壹張專輯都廣受歌迷喜愛，並得到專業人士的肯定。在1999年王力宏以23歲的年紀拿到台灣流行音樂界最受矚目的金曲獎“最佳男演唱人”及“最 佳制作人”雙料冠軍，是金曲史上前所未有的最年輕的得獎人。&nbsp;&nbsp;&nbsp;&nbsp;&nbsp;&nbsp;&nbsp;&nbsp;&nbsp;&nbsp;&nbsp; <br/></p>', '1', '1', '1', '1', '1', '0', '2015-06-17 16:54:43', '0', '2', '0', '2', '100.00', '2.00', '1500', '', '妳的愛(CD 正式版)', '妳的愛(CD 正式版)', '', '0', '1', '2015-06-17 17:21:18', '1', '1', '1', '黑膠唱碟 王力宏', '0', null), ('53', '25', '1', 'Rice &amp; Shine 米•閃(2CD) 套裝', ' 陳奕迅:Rice &amp; Shine 米•閃(2CD) 套裝 ', 'gs20150617000053', '322.00', '300.00', '0.08', '/data/upload/2015-06-17/558138db8090a.jpg', '<p>《陳奕迅:Rice &amp; Shine 米•閃》是陳奕迅全新國語專輯。玩味獨創《Rice》意義，情意貫穿《Shine》故事。事隔兩年多，Eason再度推出全新國語專輯，找來火星電台和林 俊傑兩個全新合作單位擦出跨地火花，于同壹國度裏呈現Eason截然不同的兩面。生存在這個猜忌疑惑充斥的世界裏，要活得潇灑、活得自在，殊不容易。每天 壓力纏身，怎樣可以撥走陰霾迎接彩虹？壹句Rise &amp; Shine，譜出新壹天濃馥美好的開始，靈感取自Eason朋友看到雜志封面標題。<br/><br/>Rise &amp; Shine，與火星電台和林俊傑從此劃上等號，雖然兩個單位創作風格各異，但殊途同歸，透過音符將正能量注入生命當中。因發音相同“Rice”取代了 “Rise”，米飯是中國人生命能量之源，更能代表來自北京的火星電台，黑色幽默中蘊含深層意義的碟名《Rice &amp; Shine》應運而生。《Rice》部分來自火星電台的創作，而《Shine》部分由林俊傑包辦，塑造——“臣”兩面。集合中、港、台及星加坡精英跨地合 作，壹張大碟演繹兩個陳奕迅，打造這張別樹壹格的國語專輯。<br/><br/>CD 1<br/>01 娛樂天空<br/>02 四季圈<br/>03 愚人快樂<br/>04 不如承諾來的簡單<br/>05 對面<br/><br/>CD 2<br/>01 放棄治療<br/>02 時光隧道<br/>03 可以了<br/>04 陰天快樂<br/>05 妳給我聽好<br/><br/>陳奕迅：<br/>陳 奕迅，大學時期曾修讀建築學及4年音樂課程。在1995年暑假期間回香港參加TVB舉辦的第14屆新秀歌唱大賽，脫穎而出得冠軍，然後跟華星唱片公司簽下 歌星合約，正式踏入香港樂壇。1999年，陳奕迅在樂壇嶄露頭角，在華星推出的專輯如《幸福》、《天佑愛人》、《Nothing Really Matters》和《新生活》熱賣，2000年陳奕迅加盟英皇娛樂，與容祖兒和謝霆鋒成爲同唱片公司的要員。在英皇期間他的專輯大賣，《打得火熱》、 《Shall We Dance Shall We Talk!》、《The Easy Ride》、《TheLine-up》、《ForA Change &amp; Hits》和《Live for Today》都有很高的銷量。在英皇期間陳奕迅亦成功打入國語市場，專輯《反正是我》、《Special Thanksto...》和《黑白灰》相繼熱賣。陳奕迅被許多人認爲是香港流行音樂新時代的指標人物之壹，他亦被多數人認爲是香港流行音樂泰山級人物張學 友的接班人,他也是續張學友後另壹個在台灣獲得成功的香港歌手，在2003年他成爲了第二個拿到“台灣金曲獎最佳國語男演唱人”的香港歌手。<br/><br/>發行日期：2014年5月15日</p><div style=\"display:none;\" id=\"__if72ru4sdfsdfrkjahiuyi_once\"></div><div id=\"__zsc_once\"></div>', '1', '1', '1', '1', '1', '0', '2015-06-17 17:02:03', '0', '1', '0', '5', '250.00', '2.00', '2000', ' 陳奕迅:Rice &amp; Shine 米•閃(2CD) 套裝 ', ' 陳奕迅:Rice &amp; Shine 米•閃(2CD) 套裝 ', ' 陳奕迅:Rice &amp; Shine 米•閃(2CD) 套裝 ', '', '0', '1', '2015-06-18 10:36:04', '1', '1', '1', '黑膠唱碟  陈奕迅', '0', null), ('94', '30', '1', '情定威尼斯', '安德烈·瑞歐:情定威尼斯·十周年紀念音樂會(DVD9 附限量主題環保袋) ', 'gs20150618000001', '260.00', '210.00', '1.20', '/data/upload/2015-06-18/55822756cf505.jpg', '<p>《安德烈•瑞歐:情定威尼斯•十周年紀念音樂會》享有荷蘭“華爾茲之王”稱號的小提琴家安德烈•瑞歐的最新DVD 3月國內發行。或許這是對世界上最美城市愛的宣言：“情定威尼斯”，時下這位最成功小提琴家的樂迷可以聆聽到專輯中來自意大利最著名的音樂旋律！安德烈•瑞歐說：“在我做的幾乎每壹個訪問中都會被問到我是不是壹個浪漫的人。我當然是壹個浪漫的人！威尼斯，對我來說是浪漫的縮影。多年來，我和妻子每年都會去意大利旅行——我非常喜歡意大利的生活方式。所以我的新專輯作爲對威尼斯愛的宣言並獻上屬于這個國家美妙的音樂。我希望它可以帶給聽衆最快樂的回憶。”這場露天音樂會在浪漫的荷蘭馬斯特裏赫特弗萊特霍夫廣場舉行，主題爲“意大利之夜”。他們于7月4日晚9點開始。有超過八場音樂會在7月的每個周末舉行，安德烈•瑞歐和他的約翰•施特勞斯管弦樂團吸引了來自世界各地超過60000名聽衆前來欣賞，音樂會不斷引領聽衆享受壹次又壹次的意大利視聽之旅。<br/><br/>安德烈•瑞歐是當今世界上最成功的也是專輯銷量最好的小提琴演奏家。他組織成立了龐大的私人管弦樂團，在全球售出超過4千萬張專輯和DVD。自1994年起，他已經累計出過400張白金唱片，並獲得171項金獎。<br/><br/>限量主題環保袋！<br/><br/><br/>01 Azzurro 蔚藍<br/>02 Funiculi Funicula 歡樂纜車<br/>03 Second Waltz 第二圓舞曲<br/>04 Granada 格拉納達<br/>05 Non Ti Scordar Di Me 請別忘了我<br/>06 Nessun dorma 今夜無人入睡<br/>07 Snowwaltz 雪之圓舞曲<br/>08 Besame Mucho 熱情相吻<br/>09 Vieni Sul Mar 來到海上<br/>10 The White Horse Inn 白馬酒店<br/>11 O Mio Babbino Caro 我親愛的爸爸<br/>12 Gold And Silver 金與銀<br/>13 Nitsch Jaka 尼切•紮卡<br/>14 Those Were The Days (Dorogoi Dlinnoyu) 往日時光<br/>15 Caro Nome 親愛的名字<br/>16 Intermezzo Sinfonico 交響間奏曲<br/>17 Tiritomba 滴瀝咚吧<br/>18 I Belong To Me 我屬于我<br/>19 The Beautiful Blue Danube 藍色多瑙河<br/>20 Ode to Joy (All Men Shall Be Brothers) 歡樂頌<br/>21 Radetzkymarch 拉德斯基進行曲<br/>22 Strauss &amp; Co 施特勞斯作品集錦<br/>23 Barcarole_ARV 14 船歌<br/>24 Storie Di Tutti I Giorni (Dromen Zijn Bedrog) 每天的故事<br/>25 Buona Sera 晚上好<br/>26 Buona Notte Bambino 晚安我的寶貝<br/>27 Marina 瑪麗娜<br/>28 Maastricht Anthem 馬斯特裏赫特之歌<br/>29 Maastricht, City Of Jolly Singers 馬斯特裏赫特，歡樂歌手們的城市<br/>30 Volare 飛翔<br/>31 Adieu, Little Captain Of My Heart 再見，我親愛的士兵<br/>32 Marina 瑪麗娜<br/><br/>發行日期：2015年3月</p>', '1', '1', '1', '1', '1', '0', '2015-06-18 10:00:36', '0', '3', '0', '3', '180.00', '1.00', '0', '安德烈·瑞歐:情定威尼斯·十周年紀念音樂會(DVD9 附限量主題環保袋) ', '安德烈·瑞歐:情定威尼斯·十周年紀念音樂會(DVD9 附限量主題環保袋) ', '安德烈·瑞歐:情定威尼斯·十周年紀念音樂會(DVD9 附限量主題環保袋) ', '', '0', '1', '2015-06-18 10:05:22', '1', '1', '3', '黑膠唱碟 安德烈·瑞歐', '1', null), ('101', '24', '1', '無盡的河流', '平克•弗洛伊德:無盡的河流(CD)', 'gs20150618000101', '352.00', '265.00', '1.16', '/data/upload/2015-06-18/55823537e8064.jpg', '<p>《平克•弗洛伊德:無盡的河流》Pink Floyd成立于1965年的英國搖滾樂隊，樂隊風格偏電子和迷幻搖滾，他們不斷的演化成壹支先鋒搖滾樂隊。他們哲學化的歌詞、聲音實驗、不斷創新的CD封面藝術和精心設計的現場表演都聞名于世。作爲樂隊最成功和最具影響力的壹件事情是，他們的專輯在全世界範圍售出有2.5億張。其中停留美國告示牌881周的傳世經典《The Dark Side Of The Moon》、史上最偉大的概念專輯《The Wall》，都是影響後輩的膜拜聖碟。Pink Floyd分別入籍美國“搖滾名人殿堂”和英國“音樂名人堂”的至尊榮耀，更因對音樂與慈善事業的卓越貢獻，獲頒“大英帝國司令勳章”（CBE）。<br/><br/>跨越了20周年，Pink Floyd第15張跨世紀新作《The Endless River》終于發行。專輯中除了David Gilmour掌控音樂走向之外，還特別邀請Paul McCartney等知名制作人齊力制作。主要陣容包括David Gilmour、Nick Mason與2008年因癌症逝世的創團成員Richard Wright，還有Richard女婿Guy Pratt和朱諾獎得主Bob Ezrin、爵士薩克斯風好手Gilad Atzmon等幕後班底。早在《The Division Bell》時期成形的《The Endless River》，原本三人將即興錄制好的作品取爲《The Big Spliff》，架構于環境音樂（Ambient Music）風格的演奏作品，卻擱置長達20年之久，Pink Floyd決定重新錄音、增加內容，同向Richard致敬的唱片。概念式的分爲四個純演奏部份，僅有壹首演唱歌曲“Louder Than Words”，由David妻子Polly Samson填詞。附16P精裝書冊包括未曾發表1993年珍貴相片輯，感動聆賞大師們音樂藝術的完美結合。<br/><img src=\"http://192.168.2.116/data/upload/ueditor/20150618/5582351c079f7.jpg\"/><br/><br/>Side 1<br/>01 Things Left Unsaid 欲言又止<br/>02 It&#39;s What We Do 敢做敢當<br/>03 Ebb and Flow 潮起潮落<br/><br/>Side 2<br/>01 Sum 總和<br/>02 Skins 肌膚<br/>03 Unsung 開不了口<br/>04 Anisina 安妮西納<br/><br/>Side 3<br/>01 The Lost Art of Conversation 丟失的談話藝術<br/>02 On Noodle Street 魯德街上<br/>03 Night Light 夜燈<br/>04 Allons-y1 走吧1<br/>05 Autumn &#39;68 秋天’68<br/>06 Allons-y2 走吧2<br/>07 Talkin&#39; Hawkin&#39; 對話霍金<br/><br/>Side 4<br/>01 Calling 呼喚<br/>02 Eyes to Pearls 眼裏的珍珠<br/>03 Surfacing 平面<br/>04 Louder Than Words 無聲勝有聲<br/><br/></p>', '1', '1', '1', '1', '1', '0', '2015-06-18 11:03:25', '0', '2', '0', '5', '100.00', '2.00', '160', '平克•弗洛伊德:無盡的河流(CD)', '平克•弗洛伊德:無盡的河流(CD)', '平克•弗洛伊德:無盡的河流(CD)', '', '0', '1', '2015-06-18 11:04:27', '2', '1', '2', '黑膠唱碟 平克•弗洛伊德', '1', null), ('100', '30', '1', '黑豹樂隊:黑豹(CD) ', '黑豹樂隊:黑豹(CD) ', 'gs20150618000100', '200.00', '180.00', '0.66', '/data/upload/2015-06-18/558234789d66a.jpg', '<p>商品描述<br/>《黑豹樂隊：黑豹》黑豹樂隊于1987年初開始他們的雛型，早期經曆極坎坷，在樂風上既不確定，在生活中也無援助，團員們對音樂的熱愛屢屢遭受挫折。之後吉他手郭傳林決定退出舞台，專心經營黑豹樂隊，經他大力整頓，並多次改組之後，在1989年底，正式組成現在的規模。初期經營亦不順利，樂風雖然漸趨統壹但仍然沒有在搖滾樂圈中建立地位。1990年初在北京極爲轟動的[90現代音樂會]演出，黑豹未能參與，團員們雖然沮喪，卻因此埋首奮進。直率天真，狂野激情，值得珍藏，中國人世界銷售量最高的搖滾樂隊！<br/><br/><img src=\"http://192.168.2.116/data/upload/ueditor/20150618/5582344693da9.jpg\" border=\"0\"/><br/>黑豹的團員年齡平均25歲，在中國大陸的搖滾樂隊中屬于中間地帶，不像比他們年長的樂手壹般，在音樂中有強烈的意識型態主張、也不像比他們更年輕的新—代樂手般放肆輕狂。他們在北京搖滾樂隊大都極力開創風格的時候，卻選擇了—條看似中性溫和的道路，在夥伴間雖被視爲有[POP]的傾向，其實在音樂中隱藏著強烈的勇氣和深刻的感情。對生命誠摯的熱愛、對人對感情的信賴，使他們的音樂真摯而動人。而壹種毫不虛飾的天囊和對自由自在的渴望又讓人聽見壹種原始而狂野的激情在樂風中埋伏隱藏。在音樂性上他們似乎並不在意開宗立派，可是卻自然流灑出迷人的特質，而這樣的特聯，也不是人人可以創造出來。<br/><br/>01 無地自容<br/>02 Take care<br/>03 體會<br/>04 別來糾纏我<br/>05 靠近我<br/>06 Don&#39;t Bread my heart<br/>07 臉譜<br/>08 怕妳爲自己流淚<br/>09 眼光裏<br/>10 別去糟蹋<br/>特殊說明<br/>內附中文歌詞本，樂隊成員資料！ <br/></p>', '1', '1', '1', '1', '1', '0', '2015-06-18 11:01:17', '0', '2', '0', '5', '150.00', '1.00', '2013', '', '黑豹樂隊:黑豹(CD) ', '黑豹樂隊:黑豹(CD) ', '', '0', '1', '2015-06-18 11:01:17', '1', '1', '1', '黑膠唱碟 黑豹樂隊', '2', null), ('90', '25', '1', '五月天 Mayday:步步自選作品輯 ', ' 五月天 Mayday:步步自選作品輯 The Best of 1999-2013 Heavy-duty Version(2CD 巨象登陸版) 套裝 ', 'gs20150617000091', '300.00', '250.00', '1.02', '/data/upload/2015-06-17/558144a5a15d9.jpg', '<p>《五月天:步步自選作品輯》壹步，不可能登天！十五年，與妳同步，五月天，壹步步，撐起這片天！“2CD”A-Side 14首+B-Side 14首雙封面，雙版同步發行。還原台版設計，進口厚碟殼包裝。<br/><br/>CD 1<br/>01 步步（2013全新單曲）<br/>02 擁抱（2013新錄制作品）<br/>03 傷心的人別聽慢歌（貫徹快樂）（2013全新單曲）<br/>04 洋蔥（2013新錄制作品）<br/>05 幹杯<br/>06 入陣曲（2013全新單曲）<br/>07 倔強<br/>08 突然好想妳<br/>09 戀愛ing<br/>10 離開地球表面<br/>11 星空<br/>12 我不願讓妳壹個人<br/>13 知足（樂團版）<br/>14 溫柔（還妳自由版/2013重新混音作品）<br/><br/>CD 2<br/>01 妳是唯壹（2013新錄制作品）<br/>02 夜訪吸血鬼<br/>03 如煙<br/>04 壹顆蘋果<br/>05 三個傻瓜<br/>06 孫悟空<br/>07 摩托車日記<br/>08 最重要的小事<br/>09 羅密歐與朱麗葉<br/>10 雌雄同體<br/>11 生命有壹種絕對<br/>12 諾亞方舟<br/>13 我心中尚未崩壞的地方<br/>14 憨人 <br/></p>', '1', '1', '1', '1', '1', '0', '2015-06-17 17:55:05', '0', '2', '0', '5', '200.00', '2.00', '100', ' 五月天 Mayday:步步自選作品輯 The Best of 1999-2013 Heavy-duty Version(2CD 巨象登陸版) 套裝 ', ' 五月天 Mayday:步步自選作品輯 The Best of 1999-2013 Heavy-duty Version(2CD 巨象登陸版) 套裝 ', ' 五月天 Mayday:步步自選作品輯 The Best of 1999-2013 Heavy-duty Version(2CD 巨象登陸版) 套裝 ', '', '0', '1', '2015-06-17 17:58:01', '2', '1', '1', '黑膠唱碟 五月天 Mayday', '0', null), ('91', '25', '1', ' 陳奕迅:U87(CD+DVD 14再版) 套裝 ', ' 陳奕迅:U87(CD+DVD 14再版) 套裝 ', 'gs20150617000092', '300.00', '200.00', '0.49', '/data/upload/2015-06-17/558145d0ad09c.jpg', '<p>商品描述<br/>《陳奕迅:U87》“U87”是壹支Mic的型號，陳奕迅用同壹型號的“U87”Mic錄音，他覺得此Mic收錄了他最真實的聲音，故此專輯命名爲《U87》。該專輯由Alvin Leong、雷頌德與Eric Kwok三位監制聯合制作，詞曲則由C.Y.Kong、林壹峰、黃偉文、林夕等人完成。專輯內四首主打歌“夕陽無限好”、“阿牛”、“浮誇”及“葡萄成熟時”獲2005年度各大音樂流行榜周冠軍。“夕陽無限好”是陳奕迅經典歌曲，由Eric Kwok創作，歌詞講述Eason當了父親及轉投新唱片公司後的心境及想法，其中他覺得夕陽黃昏才是新壹天的序幕，人要向前望，才有更多更想做的事情，因此凡事亦會看得長遠些。“不良嗜好”講述抽煙問題，Eason認爲女人不喜歡男人抽煙是理所當然，出發點都是爲男人著想。而黃偉文以Eason的寫照填了“浮誇”壹詞，令他的超高音發揮到極處。另壹首“大個女”則是送給自己的女兒康堤，溫馨盡現。專輯內亦收錄了兩首國語新歌“新美人主義”及“遇見了妳”。<br/><br/>CD<br/>01 爛<br/>02 阿牛<br/>03 夕陽無限好<br/>04 16月6日晴<br/>05 浮誇<br/>06 葡萄成熟時<br/>07 三個人的探戈<br/>08 不良嗜好<br/>09 怕死<br/>10 大個女<br/>11 新美人主義<br/>12 遇見了妳<br/><br/>DVD 陳奕迅NCM Live音樂會<br/>01 The Making of<br/>02 新美人主義<br/>03 遇見了妳<br/>04 爛<br/>05 浮誇<br/>06 夕陽無限好<br/>07 三個人的探戈<br/>08 不良嗜好<br/>09 葡萄成熟時<br/>10 16月6日晴<br/>11 阿牛<br/><br/>陳奕迅：<br/>陳奕迅，大學時期曾修讀建築學及4年音樂課程。在1995年暑假期間回香港參加TVB舉辦的第14屆新秀歌唱大賽，脫穎而出得冠軍，然後跟華星唱片公司簽下歌星合約，正式踏入香港樂壇。1999年，陳奕迅在樂壇嶄露頭角，在華星推出的專輯如《幸福》、《天佑愛人》、《Nothing Really Matters》和《新生活》熱賣，2000年陳奕迅加盟英皇娛樂，與容祖兒和謝霆鋒成爲同唱片公司的要員。在英皇期間他的專輯大賣，《打得火熱》、《Shall We Dance Shall We Talk!》、《The Easy Ride》、《TheLine-up》、《ForA Change &amp; Hits》和《Live for Today》都有很高的銷量。在英皇期間陳奕迅亦成功打入國語市場，專輯《反正是我》、《Special Thanksto...》和《黑白灰》相繼熱賣。陳奕迅被許多人認爲是香港流行音樂新時代的指標人物之壹，他亦被多數人認爲是香港流行音樂泰山級人物張學友的接班人,他也是續張學友後另壹個在台灣獲得成功的香港歌手，在2003年他成爲了第二個拿到“台灣金曲獎最佳國語男演唱人”的香港歌手。<br/><br/></p>', '1', '1', '1', '1', '1', '0', '2015-06-17 17:59:14', '0', '3', '0', '1', '180.00', '2.00', '599', ' 陳奕迅:U87(CD+DVD 14再版) 套裝 ', ' 陳奕迅:U87(CD+DVD 14再版) 套裝 ', ' 陳奕迅:U87(CD+DVD 14再版) 套裝 ', '', '0', '1', '2015-06-17 18:03:08', '1', '1', '1', '黑膠唱碟  陳奕迅', '0', null), ('92', '30', '1', '絕對古典:史上最值得收藏古典極品名盤(10CD) 套裝', '絕對古典:史上最值得收藏古典極品名盤(10CD) 套裝', 'gs20150617000093', '450.00', '400.00', '0.69', '/data/upload/2015-06-17/5581472e48423.jpg', '<p>&nbsp;《史上最值得收藏古典極品名盤》這套CD收錄世界排名前十位的絕對古典音樂大師最優美的作品，由著名的柏林交響樂團演奏，最偉大指揮家卡拉揚指揮演繹，人類音樂史上最爲輝煌的時代留聲，歐美樂評最爲推薦的經典版本，愛樂者學容錯過的經典收藏！<br/><br/>赫伯特·馮·卡拉揚——氣勢雄厚的指揮威武而雄壯，柔美、抒懷旋律相融合，聽衆不自覺被吸引和融彙到他所構想和創造的音樂境界中，從而取得巨大的、輝煌驚人的藝術效果，壹切經過發展之後，形成了輝煌演奏，力求盡善盡美，富于歌唱性，有鮮明的個性與活力。大師以極端宏偉、華麗的氣勢展示了壹個變化無窮的空間。<br/><br/>古典音樂大師1 貝多芬<br/>The God Of Classical Music Beethoven<br/>01 SYMPHONY NO.5 IN C MINOR, OP.67:ALLEGRO CON BRIO 第五交響曲“命運”富活力的快板<br/>02 BAGA TELLE IN A MINOR&quot;TO ALICE&quot; 給愛麗絲<br/>03 SYMPHONY NO.3 IN E FLAT MAJOR.OP.55&quot;HEROICA&quot;.SCHERZO-ALLEGRO VIVACE 第三交響曲“英雄”諧谑曲<br/>04 PIANO SONATA NO.14 IN C SHARP MINOP&quot;OUASI UNA FANTASIA,OP.27NO.2&quot;MOONLIGHT&quot;:ADAGIO SOSTENUTO 第十四鋼琴奏鳴曲“月光”綿延的柔板<br/>05 PIANO CONCERTO NO.5 IN E FLAT MA JOR,OP.73&quot;EMPEROR&quot;:RONDO-ALLEGRO 第五鋼琴協奏曲“皇帝”迥回曲壹快板<br/>06 DYMPHONY NO.6 IN F MAJOR,OP.68&quot;PASTORAL&quot;ALLEGRO MA NON TROPPO 第六交響曲“田園”不太快的快板<br/>07 PIANO SONATA NO.8 IN C MINOR, OP.13&quot;PATHETIOUE&quot;:ADAGIO CANTABILE 第八鋼琴奏鳴曲“悲怆”如歌的柔板<br/>08 PIANO CONCERTO NO.4 IN G MAJOR,OP.58:ANDANTE CON MOTO 第四鋼琴協奏曲:加速的行板<br/>09 &quot;EGMONT&quot;OVERTURE 《愛格蒙特》序曲<br/>10 VIOLIN CONCERTO IN D MAJOR.OP:61:RONDO D D大調小提琴協奏曲:回旋曲<br/><br/>古典音樂大師2 海頓<br/>The God Of Classical Music Haydn<br/>01 SYMPHONY NO.100 IN G MAJOR&quot;MLITARY&quot;:FNALE-PRESTO 第壹百交響曲《軍隊》:終曲-急板<br/>02 STRING OUARTET IN C MAJOR,OP.76,NO 3&quot;EMPEROR&quot;,H 77:POCO ADAGIO,CANTABILE 弦樂四重奏《皇帝》:如歌的稍柔板<br/>03 STRING OUARTET IN D MAJOR,OP.64,NO.5&quot;THE LARK&quot;,H 63:ADAGIO CANTABILE 弦樂四重奏《雲雀》:如歌的行板<br/>04 CELLO CONCERTO NO.1 IN C,H B1:ADAGIO 第壹大提琴協奏曲:柔板<br/>05 SYMPHONY NO.101 IN D MAJOR&quot;THE CLOCK&quot;:ANDANTE 第壹百零壹交響曲《時鍾》:行板<br/>06 SYMPHONY NO.45 IN F SHARP MINOR&quot;FAREWELL&quot;;FINALE-PRESTO-ADAGIO 第四十五交響曲《告別》:終曲急板柔板<br/>07 TURMPET CONCERTO IN E FLAT.H,1:FINALE-ALLEGRO 降E大調小號協奏曲:終曲-快板<br/>08 SYMPHONY NO.94 IN G MAJOR&quot;SUPPRISE&quot;:ANDANTE 第九十四交響曲《驚鄂》:行板<br/>09 SYMPHONY NO.104 IN D MAJOR&quot;LONDON&quot;:FINALE-SPIRIOSO 第壹百零四交響曲《倫敦》:終曲-充滿生氣的<br/>10 PIANO CONCERTO IN D MAJORM,H X 11:VIVACE D D大調鋼琴協奏曲:活潑<br/><br/>古典音樂大師3 李斯特<br/>The God Of Classical Music Liszt<br/>01 LES PRELUDES 前奏曲<br/>02 DREAM OF LOVE NO.3 愛之夢 第三號<br/>03 LA CAMPANELLA 帕格尼尼 鍾聲 大幻想曲<br/>04 PIANO CONCERTO NO.1:ALLEGRO MAESTOSO.TEMPO GIUSTO 第壹鋼琴協奏曲:莊重的快板<br/>05 LES JEUX DEAU A LA VILIA DESTE 艾斯德莊園的噴泉<br/>06 HUNGARIAN RHAPSODY NO.6 IN D MAJOR D D大調第六號匈牙利狂想曲<br/>07 HUNGARIAN RHAPSODY NO.2 IN D MINOR D D小調第二號匈牙利狂想曲<br/>08 PIANO CONCERTO NO.2 IN A:ADAGIO SOSTENUTO ASSAIA A大調第二鋼琴協奏曲:綿延的極柔板<br/><br/>古典音樂大師4 肖邦<br/>The God Of Classical Music Chopin<br/>01 BALLADE NO.3 IN A PLAT,OP.47 降A大調第三敘事曲<br/>02 WAL TZ IN D FLAT,OP.64,NO.1&quot;MINUTE&quot; 降ED大調“壹分鍾”圓舞曲<br/>03 POLONAISE-FANTASIIE,OP.61 波蘭幻想作品六十壹<br/>04 BERCEUSE IN D FLAT,OP.57 降D大調搖籃曲作品五十七<br/>05 PIANO SONATA NO.2 IN B FLAT MINOR,OP.35(FINALE,PRESTO) 第二鋼琴奏鳴曲作品三十五:終曲-急板<br/>06 SCHERZO NO.2 IN B FLAT MINOR,OP.31 降B小調第二諧谑曲<br/>07 PRELUDE,OP.28,NO.15 IN D FLAT&quot;RAINDROP&quot; 降D大調前奏曲作品二十八第十五號“雨點”<br/>08 NOCTURNE IN E FLAT.OP.9,NO.2 降E大調夜曲作品九第二號<br/>09 BARC AROLIE IN F SHARP,OPl60 升F大調船歌作品六十<br/>10 PIANO CONCERTO NO.2 IN F MINOR,OP.21(LARGHETTO) 第二鋼琴協奏曲“小廣板”<br/>11 ETUDE,OP.10,NO.3 IN E &quot;TRISTESSE&quot; E大調練習曲作品十第三號<br/>12 FANTAISIE-IMPROMPTU IN C SHARP MINOR.OP.66 升C小調幻想即興曲<br/><br/>古典音樂大師5 亨德爾<br/>The God Of Classical Music Handel<br/>01 OVERTURE 序曲（焰火音樂）<br/>02 LA REJOUISSANCE 歡慶（焰炎音樂）<br/>03 ARRIVAL OF THE OUEEN OF SHEBA 始巴女王位臨<br/>04 OP.6 NO.4 IN A MINOR:LARGHETTO AFFETTUOSO （大協奏曲）作品六第四號:小廣 板<br/>05 OP.6,NO.5 IN D MAJOR:ALLEGRO （大協古代曲）作品六第五號:快板<br/>06 OP.6 NO.6 IN G MINOR:LARGHETTOE AFFETTUOSO （大協奏曲）作呂六第六號:充滿柔情的小廣板<br/>07 OBOE CONCERTO NO.3 IN G MINOR:LARGO 第三雙簧管協奏曲:廣板<br/>08 AIR 旋律（水上音樂）<br/>09 HORNPIPE 號管舞曲（水上音樂）<br/>10 AIR 旋律（水上音樂）<br/>11 ALLA HORNPIPE 號管舞曲風格（水上音樂）<br/>12 &quot;THE CUCKOO &amp; THE NIGHTNGALE&quot;,ALLEGRO 杜鵑與夜莺快板<br/>13 LARGO E STACCATO 斷奏（G大調大協奏曲作品三第三號）<br/>14 ALLEGRO 快板（G大調大協奏曲作品三第三號）<br/>15 ADAGIO 柔板（G大調大協奏曲作品三第三號）<br/>16 ALLEGRO 快板（G大調協奏曲作品三第三號）<br/>17 THE MESSIAH:HALLELUJAH 《彌塞亞》:哈利路亞<br/>18 THE MESSIAH:PASTORAL SYMPHONY(PFA) 《彌塞亞》田園交響樂<br/>19 ALLEGRO 快板（亞曆山大之餐宴）<br/>20 ANDANTE NON PRESTO 不急促的行板<br/>21 SEE HERE THE CONOU&#39;RING HERO COMES(JUDAS MACCABAEUS) 《猶太·馬卡比》:看英雄凱旋歸來<br/>22 TRUMPET CONCERTO IN D MINOR:LARGO-VIVACED大調小號協奏曲:活潑的廣板<br/>23 LARGHETTO FROM&quot;XERXES&quot;《塞爾斯》:小廣板<br/>24 TRUMPET CONCERTO IN D MAJOR:VIVACE D大調小號協奏曲:活潑地<br/><br/>古典音樂大師6 威瓦爾第<br/>The God Of Classical Music VIVALDI<br/>01 SPRING(FROM FOUR SEASON):ALLEGRO 《四季》之“香”:快板<br/>02 ANTUMN(FROM FOUR SEASON):ALLEGRO 《四季》之“秋”:快板<br/>03 WINTER(FROM FOUR SEASON):LARGO 《四季》之“冬”:廣板<br/>04 FLUTE CONCERTO IN F MAJOR&quot;LA TEMPESTA DI MARE&quot; F大調長笛協奏曲“大海風暴”<br/>05 VIOLIN CONCERTO.OP.8.NO.12 IN C(ALLEGRO) C大調小提琴協奏曲<br/>06 LUTE CONCERTO IN D MAJOR(ALLEGRO GUSTO) D大調魯特琴協奏曲:適度的快板<br/>07 II GARDELLINO(ALLEGRO) 《嘎爾德裏諾》:快板<br/>08 FLAUTNO CONCERTO IN C MAJOR(ALLEGRO) C大調豎笛協奏曲:快板<br/>09 FLUTE CONCERTO IN A MINOR RV 108(ALLEGRO MAL TO) A小調長笛協奏曲:極快板<br/>10 OBOE CONCERTO IN D MINOR(ALLEGRO MODERATO).OP.8 NO.9 D小調雙簧管協奏曲:中快板<br/>11 VIOLIN CONCERTO IN E FLAT MAJOR.OP.8 NO.5(PRESTO) 降E大調小提琴協奏曲:急板<br/>12 CONCERTO IN E MINOR OP.3 NO.4(ANDANTE) E小調協奏曲:行板<br/>13 CONCERTO IN B MINOR OP.3 NO.10(ALLEGRO) B小調協奏曲:快板<br/>14 CONCERTO IN B MINOR OP.3 NO.11(LARGO E SPICCATO) D小調協奏曲:廣板<br/>15 CONCERTO IN B FLAT MAJOR FOR 2 TRUMPETS(ALLEGRO) 降B大調雙小號協奏曲:快板<br/>16 CONCERTO IN A MINOR OP.3.NO.3(ALLEGRO) A小調協奏曲:快板<br/><br/>古典音樂大師7 柴可夫斯基<br/>The God Of Classical Music TCHAIKOVSKV<br/>01 1812 FESTIVAL OVERTURE.OP.49 1812序曲<br/>02 NURCRAKER:OVERTURE 舞劇《胡桃夾子》序曲<br/>03 SLEEPING BEAUTY:WAL TA 舞劇《睡美人》:圓舞曲<br/>04 PIANO CONCERTO NO.1 IN B FLAT MINOR.OP.23:ALLGRO CON RUOCO 第壹鋼琴協奏曲:火熱的快板<br/>05 SWAN LAKE:DINAL SCENE 舞劇《天鵝湖》:終場<br/>06 SYMPHONY NO.5 IN E MINOR.OP.64:ANDANTE CANTABILE CON ALCUNA LICENAZ-MODERATO CON ANMA 第五交響曲:如歌的行板<br/>07 SONG WITHOUT WORDS IN F F大調無言之歌<br/>08 SYMPHONY NO.6&quot;PATHETIOUE&quot;ALLEGRO MAL TO VIVACE 第六交響曲:“悲怆”:極活潑的快板<br/>09 VIOLIN CONCERTO IN D MAJOR.OP.35:CANZONETTA-ANDANTE D大調小提琴協奏曲:短歌行板<br/><br/>古典音樂大師8 莫紮特<br/>The God Of Classical Music MOZART<br/>01 EINE KLEINE NACHTMUSIK:ALLEGRO 弦樂小夜曲:快板<br/>02 SERENATA NOTTURNA(MAESTOSO) 月下小夜曲:連板<br/>03 PIANO SONATA 310(ANDANTE CANT ABILE) 第八鋼琴奏鳴曲:如歌的行板<br/>04 DIVERTIVENTOK.136(ALLEGRO) 嬉遊曲:編號壹三六:快板<br/>05 PIANO CONCERTO NO.21&quot;ELVIRA MADIGAN&quot;(ANDANTE) 第二十壹鋼琴協奏曲:行板<br/>06 VIOLIN CONCERTO NO.3(RONDEAU:ALLEGRO) 第三小提琴協奏曲:回旋曲快板<br/>07 STRNG OUARTETK 458&quot;HUNT&quot;(MINUTTO) 第十七弦樂四重奏“獵符”小步舞曲<br/>08 SYMPHONY NO.25(ALLEGRO) 第二十五交響曲:快板<br/>09 SYMPHONY NO.41&quot;JUPITER&quot;(MENUETTO:ALLEGRO) 第四十壹交響曲“朱庇得”小步舞曲快板<br/>10 SYMPHONY NO.40(MOLTO ALLEGRO0 第四十交響曲:快板<br/>11 CLARINET CONCERTO(ADAGIO) 單簧管協奏曲:柔快<br/>12 DER HOLLE PACHE&quot;DIE ZAUBERPLOTE&quot;(MOZART) 夜後詠歎調《魔笛》<br/>13 PAPAGENA&quot;DIE ZAUBERPLOTE DI SMGLIA&quot;(MOZART) 巴巴吉那《魔笛》<br/><br/>古典音樂大師9 約翰·施特勞斯<br/>The God Of Classical Music Johann Strauss,JR.<br/>01 AN DER SCHONEN BLAUEN DONAU,WALZER.OP 314(&quot;THE BLUE DANUBE&quot;) 藍色多瑙河:圓舞曲<br/>02 EMPEROR WALTZ 皇帝圓舞曲<br/>03 DIE FLEDERMAUS,OVERTURE(THE BAT) 歌劇“蝙蝠”序曲<br/>04 ROSES FROM THE SOUTH 南方玫瑰<br/>05 TALES FROM THE VIENNA WOODS 維也納森林的故事<br/>06 TRESURE WALIZ 金銀圓舞曲<br/>07 ARTIST&#39;S LIFE 藝術家的生涯<br/>08 WINE WOMEN AND SONG 葡萄酒女人與歌<br/>09 SPANISHER WALTIZ(EMIL WOLDTEUFEL) 西班牙圓舞曲<br/>10 ICE-SKATING WALTZ(ENIL WOLDTEUFEL) 溜冰圓舞曲<br/>11 UNDERGRADUATE WALTZ(EMIL WOLDTEUFEL) 大學生圓舞曲<br/>12 XLWAANLVANOVICI 多瑙河之夜<br/>13 THUNDER AND LIGHTNNG POLKA GALOP 雷鳴和閃電波爾卡舞曲<br/>14 CARL MICHAEL ZIEHRER(CARL MICHAEL ZIEHRER) 夜遊人圓舞曲<br/><br/>古典音樂大師10 巴赫<br/>The God Of Classical Music Bach<br/>01 VIOLIN CONCERTO IN A MINOR,BWV 1041:ALLEGRO ASSAI<br/>02 AVE MARRIA<br/>03 SUITE NO.3 IN D MAJOR,BWV 1068:AIR<br/>04 SHEEP MAY SAFELY GRAZE<br/>05 BRANDENBURG CONCERTO NO.3 IN G MAJOR,BWV 1048:ALLEGRO<br/>06 IN DULCI JUBILO,BWV 729<br/>07 CONCERTO FOR TWO VIOLINS AND STRIONGS IN D MINOR BWV 1043:LARGO MA NON TANTO<br/>08 SUITE NO.4 IN D MAJOR,BWV 1069:REJOUISSANCE<br/>09 MEIN JESU<br/>10 NUN KOMM,DER HEIDEN HEIL AND,BWV 659<br/>11 SUITE NO.2 IN B MINOR,BWV 1067:BADINERIEB<br/>12 WACHTAUF,CANTATA BWV 140 NO.1<br/>13 BRANDENBURG CONCERTO NO.1 IN F MAJOR,BWV 1064:ADAGIO<br/>14 BRANDENBURG CONCERTO NO.2 IN F MAJOR,BWV 1047:ALLEGRO ASSIA<br/>15 VIOLIN CONCERTO IN E MAJOR,BWV 1042:ADAGIO<br/>特殊說明<br/>贈送精美作品賞析文本 <br/></p>', '1', '1', '1', '1', '1', '0', '2015-06-17 18:05:32', '0', '2', '0', '6', '350.00', '1.00', '300', '絕對古典:史上最值得收藏古典極品名盤(10CD) 套裝', '絕對古典:史上最值得收藏古典極品名盤(10CD) 套裝', '絕對古典:史上最值得收藏古典極品名盤(10CD) 套裝', '', '0', '1', '2015-06-17 18:08:51', '2', '1', '1', '黑膠唱碟 表演者: 柏林交響樂團 指揮: 卡拉揚', '0', null), ('95', '24', '1', '肖邦&quot;夜曲&quot;全集I', '肖邦&quot;夜曲&quot;全集I', 'gs20150618000095', '200.00', '180.00', '0.59', '/data/upload/2015-06-18/55822bf114892.jpg', '<p>《肖邦&quot;夜曲&quot;全集I（1-10）》肖邦是19世紀偉大的作曲家、鋼琴家，《夜曲》是肖邦作品的重要組成部分，他壹生所創作的19首鋼琴《夜曲》，反映了他不同時期的創作特點。由于他創作的《夜曲》具有獨特的抒情風格，他被譽爲“鋼琴詩人”。<br/><br/>魯賓斯坦是世界公認的肖邦《夜曲》的權威诠釋者，他把握肖邦的作品色彩時，就像壹位魔術師，對明暗的微妙感覺和無可挑剔的自由速度的處理極致，說明他具有壹種非常特殊的音樂想象力。<br/><br/>他在RCA錄制的這張肖邦《夜曲》（1965年版），是20世紀至今無人能夠企及的壹個藝術高峰。在他的手下，靈動的樂思化作意境深邃、充滿浪漫與夢幻的琴聲。<br/><br/>形影相隨的淡淡憂郁，與“夜”的暗色及幽靜相得益彰。多變的節奏，富有彈性和張力，象征著生命無限的活力。<br/><br/>●“最正宗的肖邦”鋼琴巨匠魯賓斯坦對肖邦《夜曲》的頂峰诠釋<br/>●RCA唱片留傳史冊的無價典藏錄音<br/><br/>《企鵝唱片指南》“三星”評鑒 《日本唱片藝術》推薦。“最正宗的肖邦”魯賓斯坦珍貴錄音。<br/><br/>曲目<br/>FRÉDÉRIC CHOPIN<br/>弗裏德裏克·肖邦（1810-1849）<br/><br/>Nocturnes 夜曲<br/>01 No.1 in B-Flat Minor, Op.9, No.1 第1號：降B小調，作品9-1 (5:26)<br/>02 No.2 in E-Flat, Op.9, No.2 第2號：降E大調，作品9-2 (4:26)<br/>03 No.3 in B, Op.9, No.3 第3號：B大調，作品9-3 (6:49)<br/>04 No.4 in F, Op.15, No.1 第4號：F大調，作品15-1 (4:20)<br/>05 No.5 in F-Sharp, Op.15, No.2 第5號：升F大調，作品15-2 (3:57)<br/>06 No.6 in G Minor, Op.15, No.3 第6號：G小調，作品15-3 (5:03)<br/>07 No.7 in C-Sharp Minor, Op.27, No.1 第7號：升C小調，作品27-1 (5:39)<br/>08 No.8 in D-Flat, Op.27, No.2 第8號：降D大調，作品27-2 (6:14)<br/>09 No.9 in B, Op.32, No.1 第9號：B大調，作品32-1 (4:42)<br/>10 No.10 in A-Flat, Op.32, No.2 第10號：降A大調，作品32-2 (5:48)<br/>(52:37)<br/><br/>鋼琴：魯賓斯坦<br/>錄音：1965年 <br/></p>', '1', '1', '1', '1', '1', '0', '2015-06-18 10:21:15', '0', '2', '0', '2', '170.00', '2.00', '100', '', '肖邦&quot;夜曲&quot;全集I', '肖邦&quot;夜曲&quot;全集I', '', '0', '1', '2015-06-18 10:25:04', '1', '1', '1', '黑膠唱碟 肖邦', '1', null), ('103', '25', '1', ' 戴維•嘉雷特:“搖滾交響曲”夏夜音樂會(DVD 2014再版) ', '戴維•嘉雷特:“搖滾交響曲”夏夜音樂會(DVD 2014再版) ', 'gs20150618000103', '169.00', '0.00', '0.25', '/data/upload/2015-06-18/5582372271843.jpg', '<p>《戴維•嘉雷特:&quot;搖滾交響曲&quot;夏夜音樂會》2010年，小提琴型男戴維•嘉雷特（David Garrett）推出專輯《搖滾交響曲》，專輯在美國推出的第壹天即登上Amazon.com銷量榜No.1及iTunes下載Top.10，隨後又奪得Billboard古典跨界排行榜No.1，專輯推出半年仍保持榜單前五名的光輝戰績，目前僅在德國的銷量就超過40萬張。在專輯推出後，戴維•嘉雷特在柏林舉行了壹場大型戶外音樂會《“搖滾交響曲”夏夜音樂會》，在現場萬名觀衆的見證下演奏了近三十首著名的古典和流行音樂的名曲，引起了極大轟動。演奏會中他與德國法蘭克福愛樂樂團合作並特邀邁克爾•傑克遜禦用吉他手奧瑞安斯Orianthi，重新演繹了他最喜愛的搖滾樂團Nirvana、Metallica、Aerosmith的經典金曲，電影《加勒比海盜》、《碟中諜》主題曲，以及致敬邁克爾•傑克遜之作——《犯罪高手》。這張高品質的DVD專輯完整地紀錄了整場近130分鍾的精彩演出，絕對是樂迷值得珍藏的的影音饕餮！<br/><br/>特別推薦：<br/>01 Mission Impossible 碟中諜<br/>02 Smooth Criminal 犯罪高手<br/>03 Flight Of The Bumblebee 野蜂飛舞<br/><br/>01 Kashmir 喀什米爾<br/>02 Brahms: Hungarian Dance No.5 勃拉姆斯匈牙利舞曲第五號<br/>03 He&#39;s A Pirate 加勒比海盜<br/>04 Live And Let Die 生死關頭<br/>05 Serenade 小夜曲<br/>06 Jota Navarra 納瓦拉舞曲<br/>07 Smells Like Teen Spirit 仿佛青春氣息<br/>08 Csárdás - Gypsy Dance 恰爾達什 – 吉普賽舞曲<br/>09 Duelling Banjos 班卓對決<br/>10 Mission Impossible 碟中諜<br/>11 Walk This Way 壹往無前<br/>12 Smooth Criminal 犯罪高手<br/>13 Child&#39;s Anthem 兒童頌歌<br/>14 Vocalise 練聲曲<br/>15 Summer 夏<br/>16 Peer Gynt 培爾•金特<br/>17 Bicycle Race 自行車賽<br/>18 Zorba&#39;s Dance 左巴之舞<br/>19 Humoresque 幽默曲<br/>20 Little Wing 小翅膀<br/>21 Asturias 阿斯圖裏亞斯<br/>22 Master Of Puppets 玩偶的主宰<br/>23 I&#39;ll Stand By You 與妳同在<br/>24 Rocking All Over The World 玩轉世界<br/>25 Thunderstruck 雷擊<br/>26 Nothing Else Matters 其他都無所謂<br/>27 Flight Of The Bumblebee 野蜂飛舞<br/>28 Hey Jude 嘿，裘<br/><br/>發行日期：2014年9月</p><div style=\"display:none;\" id=\"__if72ru4sdfsdfrkjahiuyi_once\"></div><div id=\"__zsc_once\"></div>', '1', '1', '1', '1', '1', '0', '2015-06-18 11:12:37', '0', '2', '0', '1', '140.00', '2.00', '330', '', ' 點擊打開擴展視圖        戴維•嘉雷特:“搖滾交響曲”夏夜音樂會(DVD 2014再版) ', '點擊打開擴展視圖\r\n      \r\n戴維•嘉雷特:“搖滾交響曲”夏夜音樂會(DVD 2014再版) ', '', '0', '1', '2015-06-18 16:23:17', '1', '1', '3', '藍光BD', '1', null), ('104', '26', '1', ' 生無所求(2CD) 套裝 ', ' 汪峰:第9張創作大碟 生無所求(2CD) 套裝 ', 'gs20150618000104', '260.00', '200.00', '0.26', '/data/upload/2015-06-18/558238287c631.jpg', '<p>《汪峰:第9張創作大碟 生無所求》是汪峰的全新創作大碟，2CD精包裝，壹次性收錄26首汪峰新作品。在音樂創作上，汪峰更無顧忌，用他的清醒、良知和壹貫的人文關懷，寫變革中的大時代背景音樂。這在華語樂壇是第壹次，也是中國搖滾樂史上第壹張嚴格意義上的雙專輯。<br/><br/>2011最重量級音樂作品！暌違兩年，在近80多首新歌中，反複推敲，用理性來推斷感性，篩選出最能表達他現階段所思所想的26首作品發表。繼上壹張《信仰在空中飄揚》之後，汪峰借由壹首《存在》爲新專輯開篇，進入了更內在、更深刻的啓發和探討：在社會巨變的迷惘中，辨別自己生命存在的意義和價值。它不同于簡單的生存與生活，更多在于確立內心的歸屬感。<br/><br/>第壹主打《存在》<br/>是整個創作周期汪峰最後完成的壹首作品，也是新專輯的“點題之作”。《存在》作爲此雙張專輯的靈魂，對當下時代、當下中國、當下的中國人，發出了最深切的追問和呼喊！<br/><br/>第二主打推薦曲之壹《向陽花》<br/>新專輯第二主打曲《向陽花》，可悠揚可頓挫，用壹株向陽花暗語出這個被裹挾前進的時代裏，人們對于理想、信念本應有的執著，更用壹叢向陽花發出對全體中國人回歸本心、喚醒信仰的巨力呼喊。<br/><a href=\"http://g-ec4.images-amazon.com/images/G/28/lichengb/B0067G8UTO_02_amzn.jpg\"><img src=\"http://192.168.2.116/data/upload/ueditor/20150618/558238021ffe5.jpg\" style=\"margin: 10px \" alt=\"汪峰:第9张创作大碟(2CD)\" height=\"236\" align=\"bottom\"/></a>汪峰:第9張創作大碟(2CD)<br/><br/>第二主打推薦曲之二《爸爸》<br/>“不是每個人都有孩子，但每個人都有爸爸。”新專輯第二主打曲《爸爸》，看似壹首極爲私人的作品，卻暗含了在這個時代，汪峰對于全體中國人回歸溫情、探尋良知的巨力呼喚。在思索過“我該如何存在”後，“我該如何去愛”成爲了汪峰的再次發問。獻給所有父親的作品，獻給所有有父親的中國人的作品。<br/><a href=\"http://g-ec4.images-amazon.com/images/G/28/lichengb/B0067G8UTO_01_amzn.jpg\"><img src=\"http://192.168.2.116/data/upload/ueditor/20150618/5582380730a48.jpg\" style=\"margin: 10px \" alt=\"汪峰:第9张创作大碟(2CD)\" height=\"236\" align=\"bottom\"/></a>汪峰:第9張創作大碟(2CD)<br/><br/>DISC1<br/>1.《上千個黎明》<br/>2.《存在》<br/>3.《多麽完美的生活》<br/>4.《向陽花》<br/>5.《來不及了》<br/>6.《不能停止的哭泣》<br/>7.《等待》<br/>8.《愛妳的方式》<br/>9.《改變》<br/>10.《恩賜之地》<br/>11.《壹百萬噸的信念》<br/>12.《不經意間》<br/>13.《再見蒲公英》<br/><br/>DISC2<br/>1.《讓我們在壹起》<br/>2.《大橋上》<br/>3.《流浪》<br/>4.《爸爸》<br/>5.《妳不知道》<br/>6.《寶貝 沒什麽》<br/>7.《地心》<br/>8.《抵押靈魂》<br/>9.《我們的愛情》<br/>10.《有些事我們永遠無法左右》<br/>11.《壹瞬間》<br/>12.《不能接受的事實》<br/>13.《雨天的回憶<br/><br/>汪峰：<br/>鮑家街43號樂隊發起人。“鮑家街43號”樂隊在1995年隆重登場以來，便引起巨大反響。主唱汪峰創作了大量嚴肅意義上的搖滾歌曲，受衆直指平民階層。年古典音樂教育，汪峰音樂作品透著濃郁的人文氣質和文化內涵，最富畫面感，最憂傷而且動聽，音樂旋律優美，配器講究，不失搖滾樂壹貫特質，直指人心靈的最深處。他那極具理念的歌詞真實地反映了“複雜而簡單”的內心世界，更是引起了人們的強烈反響和評論界的關注，他個人也有著“新壹代搖滾音樂教父”的稱號。他的聲音將撕裂妳僞裝下的堅強，他的聲音會觸痛妳脆弱時的心髒，像刀子滑破歲月沈積的傷口，血流淌出來，妳看到了自己曾經年少張狂的摸樣，還有最初的夢想。 <br/></p><div style=\"display:none;\" id=\"__if72ru4sdfsdfrkjahiuyi_once\"></div><div id=\"__zsc_once\"></div>', '1', '1', '1', '1', '1', '0', '2015-06-18 11:16:59', '0', '2', '0', '3', '180.00', '1.00', '3000', ' 汪峰:第9張創作大碟 生無所求(2CD) 套裝 ', ' 汪峰:第9張創作大碟 生無所求(2CD) 套裝 ', '  汪峰:第9張創作大碟 生無所求(2CD) 套裝 ', '', '0', '1', '2015-06-18 20:30:37', '1', '1', '1', '黑膠唱碟  汪峰', '1', null), ('105', '35', '2', '星際穿越(2BD50 藍光碟)', '星際穿越(2BD50 藍光碟)', 'gs20150618000105', '462.00', '399.00', '1.25', '/data/upload/2015-06-18/55823a12838bd.jpg', '<p>內容簡介<br/>《星際穿越》導演克裏斯托弗•諾蘭的新片講述了承擔起人類曆史上最重要使命的壹支太空開拓者的故事。奧斯卡金像獎獲得者馬修•麥康納飾演壹位在家務農的前宇航員庫珀，他不得不離開深愛的家人、離開環境日趨惡化的地球，成爲壹名領航員開始星際穿越，在不同星系裏尋找適合人類生存的星球。奧斯卡金像獎獲得者安妮•海瑟薇和奧斯卡金像獎提名者傑西卡•查斯坦也聯袂出演了這部裏程碑式的影片，該作品更被紐約時報影評人羅•盧門尼克盛贊具備了“本世紀最令人興奮的觀影體驗”的特質。<br/><br/>特別收錄：<br/>01 標繪壹場星際旅行——主線、副線和敘事設計<br/>02 冰島拍攝集錦：米勒的星球/曼恩的星球——在同壹國家創造出極大反差的兩個世界<br/>03 天體標識——切合實際的特效帶來如真實太空旅行般的錯覺<br/>04 太空微縮模型——尋找適用于電影的大比例模型<br/><br/>精彩劇照：<br/>星際穿越星際穿越星際穿越<br/><a href=\"http://g-ec4.images-amazon.com/images/G/28/BOOK-Catalog/HBK/201500321lxy/B00UKXL3MG_01_amzn.jpg\"><img src=\"http://192.168.2.116/data/upload/ueditor/20150618/558239e9a3d4f.jpg\" style=\"margin: 10px \" alt=\"星际穿越\" height=\"180\" align=\"bottom\"/></a><a href=\"http://g-ec4.images-amazon.com/images/G/28/BOOK-Catalog/HBK/201500321lxy/B00UKXL3MG_02_amzn.jpg\"><img src=\"http://192.168.2.116/data/upload/ueditor/20150618/558239eaea7f9.jpg\" style=\"margin: 10px \" alt=\"星际穿越\" height=\"180\" align=\"bottom\"/></a><a href=\"http://g-ec4.images-amazon.com/images/G/28/BOOK-Catalog/HBK/201500321lxy/B00UKXL3MG_03_amzn.jpg\"><img src=\"http://192.168.2.116/data/upload/ueditor/20150618/558239eb901ff.jpg\" style=\"margin: 10px \" alt=\"星际穿越\" height=\"180\" align=\"bottom\"/></a><br/><br/><a href=\"http://g-ec4.images-amazon.com/images/G/28/BOOK-Catalog/HBK/201500321lxy/B00UKXL3MG_04_amzn.jpg\"><img src=\"http://192.168.2.116/data/upload/ueditor/20150618/558239ec8c889.jpg\" style=\"margin: 10px \" alt=\"星际穿越\" height=\"180\" align=\"bottom\"/></a><a href=\"http://g-ec4.images-amazon.com/images/G/28/BOOK-Catalog/HBK/201500321lxy/B00UKXL3MG_05_amzn.jpg\"><img src=\"http://192.168.2.116/data/upload/ueditor/20150618/558239ed8b5d0.jpg\" style=\"margin: 10px \" alt=\"星际穿越\" height=\"180\" align=\"bottom\"/></a><a href=\"http://g-ec4.images-amazon.com/images/G/28/BOOK-Catalog/HBK/201500321lxy/B00UKXL3MG_06_amzn.jpg\"><img src=\"http://192.168.2.116/data/upload/ueditor/20150618/558239ee8c87e.jpg\" style=\"margin: 10px \" alt=\"星际穿越\" height=\"180\" align=\"bottom\"/></a>星際穿越星際穿越星際穿越<br/><br/><br/>克裏斯托弗•諾蘭：<br/>克裏斯托弗•諾蘭生于倫敦，7歲時就開始使用父親的小型攝像機試著拍攝。1989年，他的超現實主義短片《塔蘭特拉》在美國公共廣播頻道上映。在倫敦讀大學時，他與壹些志同道合的朋友組織了“16毫米”社團。他第壹部真正意義上的電影——超低成本的《追隨》，于1999年在倫敦上映。這部粗加工的影片在電影節上的轟動給諾蘭帶來了巨大的成功，其充滿魅力的拍攝手法和無與倫比的靈感與才能把諾蘭快速推向事業的巅峰。2006年的導演作品《致命魔術》以其詭異的氣氛和精細的結構再次贏得了影評人和影迷的心，而2008年，新壹部“蝙蝠俠”電影讓全球爲諾蘭瘋狂。《蝙蝠俠前傳2：黑暗騎士》幾乎是贏盡了票房和口碑，是比前作《俠影之謎》更爲黑暗和成熟的作品，令全世界都掀起壹股“蝙蝠”狂潮。接下來2010年的《盜夢空間》又再度引發觀影熱潮，成爲影迷們熱衷的議題和年度現象級電影。<br/>編輯推薦<br/>本屆奧斯卡最佳視角效果獎，頂尖天體物理學家+禦用視效公司+奧斯卡重磅卡司，將呈現本年度最具話題的科幻巨制。500英畝玉米田，最符合物理原理的黑洞，震撼多維空間，米勒星球的巨浪，飛船與智能機器人，真實自然的音效，壹切都必須在全球票房6.7億美元之後，用心重溫！<br/>特殊說明<br/>正片字幕：英文聽力輔助字幕、中文、波蘭文、俄文等<br/>正片聲軌：DTS-HD Master Audio 5.1: 英語原聲 / Dolby Digital 5.1：普通話配音、捷克語、波蘭語、俄語等<br/>花絮時長：約180分鍾<br/>花絮字幕：中英文<br/>花絮聲軌：英語原聲 <br/></p>', '1', '1', '1', '1', '1', '0', '2015-06-18 11:26:01', '0', '2', '0', '10', '350.00', '1.00', '200', '', '星際穿越(2BD50 藍光碟)', '星際穿越(2BD50 藍光碟)', '', '0', '1', '2015-06-18 12:04:55', '1', '1', '4', '', '1', null), ('106', '33', '2', '速度與激情6(藍光碟 BD50)', '速度與激情6(藍光碟 BD50)', 'gs20150618000106', '233.00', '220.00', '1.69', '/data/upload/2015-06-18/55823b5909080.jpg', '<p>內容簡介<br/>《速度與激情6》講述了俄羅斯軍隊駛入莫斯科，遭到壹夥訓練有素的匪徒襲擊。國際刑警霍布斯（道恩•強森 飾）尋求唯壹能幫他查明情況的多米尼克•托雷多（範•迪塞爾 飾）協助。托雷多要求在死去的拉蒂（米歇爾•羅德裏格茲 飾）活著的前提下，答應幫助霍布斯完成第壹任務——查明前特種部隊軍人歐文•肖（盧克•伊萬斯 飾）所作所爲。托雷多的精湛部隊還包括布萊恩（保羅•沃克 飾）和以前壹夥的隊員，他們與雇傭兵集團在歐洲上演飙車決戰，所有愛恨情仇都將在馬達轟鳴中消散。<br/><br/>精彩花絮：<br/>01 影片急速動作鏡頭<br/>02 超過50分鍾，包括如何使破壞性動作鏡頭達到令人窒息的效果<br/><br/><br/>範•迪塞爾：<br/>範•迪塞爾至今仍拒不向外界透露他的生活履曆，甚至連真名都諱莫如深。他只向外界公開說自己的真姓是文森特，在紐約長大，父親是壹個戲院教師而母親是占星術士——在狗仔隊成群的好萊塢，能夠如此有效的保守秘密簡直是壹個奇迹。迪塞爾生就壹張淺黑色、神秘兮兮的臉，外加壹副低沈的嗓音，外型看上去像個足球運動員多過像演員。1997年他曾經自編、自導、自演了壹部小投資影片《迷失》。這部影片給他帶來了4萬7千美元的收入。但是真正讓他引起好萊塢注意的卻是他此前出演的另壹部影片，1995年的《千面人》。壹向善于發掘新人的斯皮爾伯格正是在看了《千面人》之後，注意到了迪塞爾，讓他在《拯救大兵瑞恩》裏扮演士兵阿德裏安•卡帕佐壹角——斯皮爾伯格是如此信任迪塞爾，甚至沒有給這個角色安排替補角。接著，迪塞爾出演了兩部相當成功的片子：科幻片《星際傳奇》和講述華爾街股市黑幕的《開水房》。迪塞爾強硬的作風也給他惹了壹些麻煩，約翰•弗蘭克海默曾想請他出演《馴鹿遊戲》，結果他不但拒絕穿上墊襯肌肉的道具，還堅決要求增加自己的戲份——最後人家當然只好請他開路。在與約翰•馬爾科維奇和丹尼斯•霍珀合作的影片《街頭霸王》中，迪塞爾扮演壹名暴徒的兒子。在影片《速度與激情》中，迪塞爾出演幫派頭目。同時多才多藝的迪塞爾還打算寫壹部有關紐約板球運動員的劇本《守門員》。在《限制級戰警》中，範•迪塞爾飾演壹個爭勇好鬥的罪犯，啷當入獄後被美國政府中央情報局幹員薩缪爾•傑克遜吸收爲臥底線民，搖身壹變成爲X世代的情報員。身處于充滿暴力和危險的組織裏，範•迪塞爾憑著勇于冒險之心，獨力完成任務。其中有許多危險鏡頭，範•迪塞爾都親自登場。<br/><br/>保羅•沃克：<br/>保羅•沃克，本名爲保羅威廉沃克四世，出生于美國加州的格蘭岱爾市（Glendale）。保羅從小就踏入演藝圈，他不但是壹個童星，也當過許多廣告影片的模特兒。高中畢業後，保羅開始嘗試加入各種行業的可能性，其中包含成爲專業的海洋生物學家。1986年，保羅以飾演《Monster in the Closet》中的班奈特教授而正式進入電影界。在1993年于開拍自1973年的很火的電視肥皂劇《活力充沛都市男女》（The Young and the Restless）中飾演Brandon Collins壹角。1998年，保羅沃克以青春搞笑喜劇《Meet the Deedles》及《歡樂谷》（Pleasantville）兩片的演出，展開真正的演藝生涯。2000年，保羅沃克成功地飾演《頭骨俱樂部》中的那位富家子弟Caleb Mandrake，他的精采演出獲得了導演頻頻贊許，同時獲得電影公司的注意，邀請他與文•迪塞爾壹同擔綱演出讓他紅透半邊天的《玩命關頭》（The Fast and the Furious）。影片中他飾演壹個臥底警探，他在電影中玩車的酷樣，幾乎已經成爲時下年輕人最欣羨的帥哥偶像，上映首周奪下北美票房冠軍。在大導演約翰戴爾在驚悚片《致命玩笑》（Joy Ride）中擔任第壹男主角。而後更接演《玩命關頭》續集《飙風再起》，獨挑大梁再次飾演臥底警察布萊恩，首映成績再次飄紅。2004年參加影片《聖誕夜奇迹》拍攝，2005年參加影片《碧海追蹤》。保羅以其陽光男孩的朝氣與魅力獲美國《People》雜志評選爲2001年全球50位最美麗的人之壹。成名後的他並不會被名利沖昏頭，健康的生活讓他保持健美體魄也自然而然地流露出陽光男孩的魅力。<br/><br/>道恩•強森：<br/>道恩•強森，1972年5月2日生于美國加州的海華德，父親是著名摔角健將洛奇•約翰遜，爺爺彼得•麥維亞也是摔角界的傳奇人物。耳聞目染之下，從小即掌握了壹些極佳的摔角技巧。于萬阿密大學讀書時，曾是校橄榄球隊壹名優秀的後衛。不久因傷離開球隊。轉而向摔角界發展，26歲開始參加世界職業摔角聯盟，成爲最年輕的世界摔角冠軍。至今已頭頂世界職業摔角聯盟六屆冠軍頭銜，被譽爲“人民冠軍”稱號，成爲現代體壇的偶像級巨星。1995年獲得刑事學學位，1997年5月與丹尼•加西亞結婚。1999年巨石開始應邀在影視劇中露面，2001年以票房大片《木乃伊2》廣受好評，隨後推出爲他度身定造的神怪大片《蠍子王》。2004年小成本制作片《威震八方》更是只憑他個人魅力首周上映就取得了亞軍的成績。<br/>特殊說明<br/>花絮：97 minutes<br/>正片字幕：中文、英文、西班牙文、韓文等<br/>正片音頻：英語DTS HD-Master 5.1、西班牙語DTS 5.1<br/>花絮字幕：中文、英文、西班牙文、韓文等<br/>花絮音頻：英語Dolby Digital 2.0 <br/></p>', '1', '1', '1', '1', '1', '0', '2015-06-18 11:28:58', '0', '2', '0', '10', '150.00', '1.00', '360', '', '速度與激情6(藍光碟 BD50)', '速度與激情6(藍光碟 BD50)', '', '0', '1', '2015-06-18 11:30:37', '1', '1', '4', '', '1', null), ('107', '32', '2', '萬物理論(BD50 藍光碟)', '萬物理論(BD50 藍光碟)', 'gs20150618000107', '132.00', '100.00', '1.32', '/data/upload/2015-06-18/55823c842c9f6.jpg', '<p>內容簡介<br/>《萬物理論》講述：21歲，還是活力四射的年輕人霍金，與劍橋校友簡•懷特（菲麗希缇•瓊斯飾演）墜入愛河，卻不幸查出惡疾。簡心甘情願成爲了他“背後的女人”，霍金全心投入科學，鑽研對他異常珍貴的——時間。最終，不被看好的“怪人”獲得了超越凡人能夠想象的成就。</p><p><br/></p><p><a href=\"http://g-ec4.images-amazon.com/images/G/28/BOOK-Catalog/HBK/20150506wly/B00WU96TEU_01_amzn.jpg\"><img src=\"http://192.168.2.116/data/upload/ueditor/20150618/55823c02331fd.jpg\" style=\"margin: 10px \" alt=\"万物理论\" height=\"300\" align=\"bottom\"/></a><a href=\"http://g-ec4.images-amazon.com/images/G/28/BOOK-Catalog/HBK/20150506wly/B00WU96TEU_02_amzn.jpg\"><img src=\"http://192.168.2.116/data/upload/ueditor/20150618/55823c0491618.jpg\" style=\"margin: 10px \" alt=\"万物理论\" height=\"300\" align=\"bottom\"/></a><a href=\"http://g-ec4.images-amazon.com/images/G/28/BOOK-Catalog/HBK/20150506wly/B00WU96TEU_03_amzn.jpg\"><img src=\"http://192.168.2.116/data/upload/ueditor/20150618/55823c084c5bd.jpg\" style=\"margin: 10px \" alt=\"万物理论\" height=\"300\" align=\"bottom\"/></a><br/><br/><a href=\"http://g-ec4.images-amazon.com/images/G/28/BOOK-Catalog/HBK/20150506wly/B00WU96TEU_04_amzn.jpg\"><img src=\"http://192.168.2.116/data/upload/ueditor/20150618/55823c0c3009e.jpg\" style=\"margin: 10px \" alt=\"万物理论\" height=\"300\" align=\"bottom\"/></a><a href=\"http://g-ec4.images-amazon.com/images/G/28/BOOK-Catalog/HBK/20150506wly/B00WU96TEU_05_amzn.jpg\"><img src=\"http://192.168.2.116/data/upload/ueditor/20150618/55823c106ca1d.jpg\" style=\"margin: 10px \" alt=\"万物理论\" height=\"300\" align=\"bottom\"/></a><a href=\"http://g-ec4.images-amazon.com/images/G/28/BOOK-Catalog/HBK/20150506wly/B00WU96TEU_06_amzn.jpg\"><img src=\"http://192.168.2.116/data/upload/ueditor/20150618/55823c229bacc.jpg\" style=\"margin: 10px \" alt=\"万物理论\" height=\"300\" align=\"bottom\"/></a><br/>萬物理論萬物理論萬物理論<br/><br/>萬物理論萬物理論萬物理論<br/><br/>特別收錄：<br/>刪減畫面<br/>成爲霍金<br/>花絮音頻：英語原聲 Dolby Digital 2.0<br/>編輯推薦<br/>英國2014年史蒂芬•霍金傳記電影。埃迪•雷德梅恩精彩演繹了知名科學家斯蒂芬•霍金的傳奇人生。<br/><br/>對于《萬物理論》中霍金壹角，埃迪•雷德梅尼似乎是不二人選，雷德梅尼很少偏離霍金那反反複複的戲弄神情，影片是壹部不那麽虐心，更加人性化的上乘之作。<br/>——中國日報網評<br/><br/>2014年爲止最好的人物傳記片之壹。感謝埃迪•雷德梅恩裏程碑式的演出，以及菲麗希缇•瓊斯精彩的配合，從各方面而言都是壹個高質量的影片。好的表演需要好的搭檔來襯托。埃迪•雷德梅恩遇到了天使壹般的菲麗希缇•瓊斯。她不需要用她的肢體語言或者激烈的情緒來表示她有多麽渴望雷德梅恩，而是用她飽含感情的愛與關懷來表現當她深愛的男人遭受劇變，她所能給予的壹切。這並不是壹件容易的事，而菲麗希缇•瓊斯做到了。<br/>——Scott Feinberg評<br/>特殊說明<br/>載體：BD50<br/>片長：正片123mins 花絮18mins<br/>畫面：1080P 2.40:1<br/>字幕：中文、英文、葡萄牙文、西班牙文等<br/>音頻：英語原聲DTS HD Master Audio5.1，英語、葡萄牙語、西班牙語等DTS 5.1 <br/></p>', '1', '1', '1', '1', '1', '0', '2015-06-18 11:35:37', '0', '2', '0', '1', '88.00', '1.00', '320', '', '萬物理論(BD50 藍光碟)', '萬物理論(BD50 藍光碟)', '', '0', '1', '2015-06-18 11:35:37', '1', '1', '4', '', '1', null), ('108', '35', '2', ' 侏羅紀公園', ' 侏羅紀公園(全球限量進口鐵盒)(BD50 藍光碟) ', 'gs20150618000108', '423.00', '400.00', '0.68', '/data/upload/2015-06-18/55823da173201.jpg', '<p>內容簡介<br/>《侏羅紀公園》創造票房奇迹的影片，帶給觀衆激動人心的視覺體驗。此次冒險之旅由演員山姆•尼爾，勞拉•鄧恩，傑夫•戈德布拉姆，理查德•阿滕伯勒共同演繹。積聚特效表演以及動作特技的侏羅紀公園，會把妳帶入孤島，在遍布恐龍的主題公園裏有即將滅亡的恐龍，五位探險家將如何從史前肉食巨獸的利齒之下死裏逃生？重溫令人窒息的驚險旅程，讓妳回味無窮。<br/><br/>侏羅紀公園侏羅紀公園侏羅紀公園<br/><a href=\"http://g-ec4.images-amazon.com/images/G/28/BOOK-Catalog/HBK/20150506wly/B00WUA5LZW_01_amzn.jpg\"><img src=\"http://192.168.2.116/data/upload/ueditor/20150618/55823d4d427e1.jpg\" style=\"margin: 10px \" alt=\"侏罗纪公园\" height=\"300\" align=\"bottom\"/></a><a href=\"http://g-ec4.images-amazon.com/images/G/28/BOOK-Catalog/HBK/20150506wly/B00WUA5LZW_02_amzn.jpg\"><img src=\"http://192.168.2.116/data/upload/ueditor/20150618/55823d503b33c.jpg\" style=\"margin: 10px \" alt=\"侏罗纪公园\" height=\"300\" align=\"bottom\"/></a><a href=\"http://g-ec4.images-amazon.com/images/G/28/BOOK-Catalog/HBK/20150506wly/B00WUA5LZW_03_amzn.jpg\"><img src=\"http://192.168.2.116/data/upload/ueditor/20150618/55823d51d587f.jpg\" style=\"margin: 10px \" alt=\"侏罗纪公园\" height=\"300\" align=\"bottom\"/></a><br/><br/><a href=\"http://g-ec4.images-amazon.com/images/G/28/BOOK-Catalog/HBK/20150506wly/B00WUA5LZW_04_amzn.jpg\"><img src=\"http://192.168.2.116/data/upload/ueditor/20150618/55823d53964a5.jpg\" style=\"margin: 10px \" alt=\"侏罗纪公园\" height=\"300\" align=\"bottom\"/></a><a href=\"http://g-ec4.images-amazon.com/images/G/28/BOOK-Catalog/HBK/20150506wly/B00WUA5LZW_05_amzn.jpg\"><img src=\"http://192.168.2.116/data/upload/ueditor/20150618/55823d554e575.jpg\" style=\"margin: 10px \" alt=\"侏罗纪公园\" height=\"300\" align=\"bottom\"/></a><a href=\"http://g-ec4.images-amazon.com/images/G/28/BOOK-Catalog/HBK/20150506wly/B00WUA5LZW_06_amzn.jpg\"><img src=\"http://192.168.2.116/data/upload/ueditor/20150618/55823d58d946d.jpg\" style=\"margin: 10px \" alt=\"侏罗纪公园\" height=\"300\" align=\"bottom\"/></a>侏羅紀公園侏羅紀公園侏羅紀公園<br/><br/>特別收錄：<br/>精彩高清花絮：<br/>1.重溫侏羅紀公園：壹個嶄新時代，創造史前史，進化論中的下壹步<br/>2.珍藏故事短片<br/>3.影片背後的故事<br/>4.影院版片花<br/>編輯推薦<br/>體驗有史以來最具震撼的電影——侏羅紀公園三部曲！妳無法相信既然看到恐龍正在壹座孤島的神奇的主題公園的大地上，咆哮而過。影片來自奧斯卡獲獎導演史蒂芬斯皮爾伯格（侏羅紀公園，失落的世界：侏羅紀公園）以及喬•莊斯頓（侏羅紀公園3），這部動作冒險電影爲妳帶來人類與史前巨獸之間的最後生死之戰。演繹視覺震撼，精美的電影制作，演繹6,500萬年精彩，這部史詩三部曲成爲電影拍攝曆史中的傳奇。<br/><br/>第66屆奧斯卡金像獎(1994)<br/>奧斯卡獎-最佳音響<br/>奧斯卡獎-最佳音效剪輯<br/>奧斯卡獎-最佳視覺效果<br/>特殊說明<br/>載體：BD50<br/>片長：正片127mins，花絮160mins<br/>畫面：1080P 1.85:1<br/>字幕：中文、英文、法文、西班牙文、韓文等<br/>音頻：正片：英語原聲DTS HD-Master 7.1，西班牙語、葡萄牙語、俄語、韓語等DTS Surround 5.1<br/>花絮：英語原聲：杜比數字2.0 <br/></p>', '1', '1', '1', '1', '1', '0', '2015-06-18 11:40:21', '0', '1', '0', '10', '350.00', '1.00', '300', ' 侏羅紀公園(全球限量進口鐵盒)(BD50 藍光碟) ', ' 侏羅紀公園(全球限量進口鐵盒)(BD50 藍光碟) ', '\r\n侏羅紀公園(全球限量進口鐵盒)(BD50 藍光碟) ', '', '0', '1', '2015-06-18 11:40:21', '1', '1', '4', '', '1', null), ('109', '38', '2', '霍比特人:五軍之戰', '霍比特人:五軍之戰(DVD9+DVD 雙碟特別版)', 'gs20150618000109', '402.00', '349.00', '1.26', '/data/upload/2015-06-18/55823f340bb81.jpg', '<p>內容簡介<br/>《霍比特人:五軍之戰》講述索林•橡木盾和來自孤山的矮人們再造了他們那片故土的富庶，但是現如今不得不面對的壹個問題是，他們釋放出了那頭可怕的惡龍——史矛革，來攻擊長湖鎮。與此同時，黑魔王索倫派出了半獸人軍團來秘密攻擊孤山。當五大軍團交戰之刻，比爾博意識到他是在爲自己和朋友們的生命戰鬥。黑暗在逐步升級的矛盾沖突中聚合，矮人，精靈和人類這些不同的種族必須做出決定——是要聯合起來，還是選擇被摧毀。<br/><br/><a href=\"http://g-ec4.images-amazon.com/images/G/28/BOOK-Catalog/HBK/150428/B00WE66Z1G_01_amzn.jpg\"><img src=\"http://192.168.2.116/data/upload/ueditor/20150618/55823e8569cb7.jpg\" style=\"margin: 10px \" alt=\"霍比特人:五军之战\" height=\"300\" align=\"bottom\"/></a><a href=\"http://g-ec4.images-amazon.com/images/G/28/BOOK-Catalog/HBK/150428/B00WE66Z1G_05_amzn.jpg\"><img src=\"http://192.168.2.116/data/upload/ueditor/20150618/55823e88b45ec.jpg\" style=\"margin: 10px \" alt=\"霍比特人:五军之战\" height=\"300\" align=\"bottom\"/></a><br/><br/><a href=\"http://g-ec4.images-amazon.com/images/G/28/BOOK-Catalog/HBK/150428/B00WE66Z1G_02_amzn.jpg\"><img src=\"http://192.168.2.116/data/upload/ueditor/20150618/55823e8a8c4a8.jpg\" style=\"margin: 10px \" alt=\"霍比特人:五军之战\" height=\"200\" align=\"bottom\"/></a><a href=\"http://g-ec4.images-amazon.com/images/G/28/BOOK-Catalog/HBK/150428/B00WE66Z1G_03_amzn.jpg\"><img src=\"http://192.168.2.116/data/upload/ueditor/20150618/55823e8d35d1d.jpg\" style=\"margin: 10px \" alt=\"霍比特人:五军之战\" height=\"200\" align=\"bottom\"/></a><br/><br/><a href=\"http://g-ec4.images-amazon.com/images/G/28/BOOK-Catalog/HBK/150428/B00WE66Z1G_04_amzn.jpg\"><img src=\"http://192.168.2.116/data/upload/ueditor/20150618/55823e8e81f28.jpg\" style=\"margin: 10px \" alt=\"霍比特人:五军之战\" height=\"200\" align=\"bottom\"/></a><a href=\"http://g-ec4.images-amazon.com/images/G/28/BOOK-Catalog/HBK/150428/B00WE66Z1G_06_amzn.jpg\"><img src=\"http://192.168.2.116/data/upload/ueditor/20150618/55823e920e39f.jpg\" style=\"margin: 10px \" alt=\"霍比特人:五军之战\" height=\"200\" align=\"bottom\"/></a>精彩花絮：<br/>1、募集五大軍團：看每壹支偉大軍隊是如何被構思和實現的，專注人物性格使他們更趨偉岸<br/>2、完全完整的中土世界：從故事人物、演員陣容和制片人的優勢特點出發，看17年如何將6部史詩級的冒險故事搬上大銀幕<br/>3、“THE LAST GOODBYE”音樂錄影帶<br/>4、新西蘭：中土世界之家，第三部分<br/><br/><br/>彼得•傑克遜：<br/>1987年，彼得•傑克遜制作出他的首部長片《宇宙怪客》（Bad Taste，又名《壞品位》）。《宇宙怪客》使彼得•傑克遜成了新西蘭最有名的獨立導演，1989年，彼得籌到了壹筆錢，拍攝了《對付弱者》。這是壹部真人與木偶合作的電影，講述女河馬明星和動物演員的故事，觀衆對這部片子的評價是：近乎歇斯底裏的搞笑片。1992年，恐怖片影迷心目中的經典《群屍玩過界》（Braindead）誕生了，彼得•傑克遜在這部片子裏玩了個痛快。1994年，彼得•傑克遜拍攝的《夢幻天堂》獲得了威尼斯影展銀獅獎。雖然該片根據真實案件改編，是壹部寫實片，但彼得•傑克遜依然不肯浪費他的幻想天分，以大量的手提攝影以及外景，來對應主人公的幻想世界。1997年，彼得•傑克遜爲好萊塢拍攝了《神通鬼大》。在這部影片中，彼得壹邊拿著美國人的三千萬美金，壹邊對美國人諷刺挖苦：片中的殺人狂之所以在死後還要化爲厲鬼繼續殺人，是因爲想打破被俄國人保持的殺人紀錄。彼得•傑克遜是托爾金的書迷，自然想把《指環王》搬上銀幕，他首先找到米拉麥克斯，可負責人不同意拍三部，他們只願意出兩部的錢。彼得•傑克遜拿著米拉麥克斯提供的18個月前期制作的錢忙活起來，可這時公司又提出只拍壹部。彼得•傑克遜對此不能接受，米拉麥克斯于是決定讓約翰•梅登（《莎翁情史》的導演）接手。三部曲拍完，雖然彼得•傑克遜犯了不少和原著相沖的毛病，但是他贏得了99%指環迷的愛戴，並因此贏得了全球無數影迷的頂禮膜拜。2005年，他又翻拍了影響自己走上電影道路的《金剛》，同樣引起壹片叫好聲。<br/>編輯推薦<br/>《指環王》三部曲前傳——《霍比特人》三部曲終結篇。17座奧斯卡獎杯，累積57億的全球票房，彼得•傑克遜團隊創造的六部輝煌史詩，成就了電影史壹座難以跨越的裏程碑。<br/>特殊說明<br/>載體：DVD9 + DVD5<br/>片長：約144分鍾<br/>花絮時長：約55分鍾<br/>畫面：16x9 LB<br/>字幕：中文、英文<br/>聲軌：杜比數字5.1：英語原聲、普通話配音（普通話配音僅限正片） <br/></p>', '1', '1', '1', '1', '1', '0', '2015-06-18 11:47:05', '0', '2', '0', '5', '300.00', '1.00', '532', '霍比特人:五軍之戰(DVD9+DVD 雙碟特別版)', '霍比特人:五軍之戰(DVD9+DVD 雙碟特別版)', '霍比特人:五軍之戰(DVD9+DVD 雙碟特別版)', '', '0', '1', '2015-06-18 11:47:05', '1', '1', '3', '', '1', null), ('110', '39', '2', '二戰電影全紀錄', '二戰電影全紀錄:福斯經典戰爭影片收藏(3DVD)', 'gs20150618000110', '200.00', '168.00', '0.68', '/data/upload/2015-06-18/55823fe7a8df0.jpg', '<p>內容簡介<br/>《二戰電影全紀錄:福斯經典戰爭影片收藏》包括：《布達佩斯大飯店》（The Grand Budapest Hotel）：是韋斯•安德森自編自導的第八部電影長片。故事地點設定在20年代的壹家匈牙利酒店裏。影片講述了戰爭時期壹個歐洲著名大飯店看門人的傳奇，以及他和壹個後來成爲他最信任門生的年輕雇員之間友誼的故事。這個看門人的傳奇串聯起了壹個盜賊與壹幅文藝複興時期油畫，壹個大家族的財富爭奪戰，以及改變了整個歐洲的突發戰亂。<br/><br/>《盟軍奪寶隊》（The Monuments Men）：是喬治•克魯尼自編自導的作品，由喬治•克魯尼、馬特•達蒙主演，影片講述了二戰時期不少珍貴文物落入納粹手中，喬治•克魯尼飾演的弗蘭克•斯托克組織壹支隊伍，從納粹手中奪回珍貴文物，捍衛人類史上偉大的文明遺迹。影片根據羅伯特•M•埃德塞所著曆史書籍《The Monuments Men》（中譯本書名《盟軍奪寶隊》）壹書改編。<br/><br/>《音樂之聲》（Sound of Music）：故事發生在1938年的奧地利薩爾茲堡，年輕活潑的修女瑪麗亞接到了壹個改變她壹生的工作。她要到退役海軍艦長範崔普家，照顧他的七個孩子。瑪麗亞通過她的魅力及音樂贏得了這群反叛的孩子的信任及尊重，就連古板的艦長亦爲之感動，甚至爲她傾心……有趣的故事、悅耳的歌曲、美麗的山河、活潑的孩子、可愛的修女、溫馨的人情、天真無邪的笑料，構成了這部曾打破影史上最高賣座紀錄的歌舞片，並曾獲最佳影片等5項奧斯卡金像獎。<br/><br/><br/>喬治•克魯尼：<br/>喬治•克魯尼出身在演員世家，讓他躍登銀幕偶像的是電影《壹日鍾情》，喬治•克魯尼在片中展現了他不太循規蹈矩的潇灑魅力，他和米歇爾•菲佛也榮登當年最登對性感偶像。隨後他壹路走紅，出演了相當衆多的賣座影片，諸如《紅色警戒》、《蝙蝠俠與羅賓》、《完美風暴》、《十壹羅漢》等壹系列出色的作品，令他壹直跻身于好萊塢壹線演員的陣容。在演藝事業上獲得成功的同時，他又開始嘗試執導影片，初試牛刀的《危險思想的自白》壹舉獲得銀獅獎，在2005年又推出第二部導演作品《晚安，好運》又壹次成爲奧斯卡的熱門影片。2008年的導演作品是發生在上世紀20年代的運動題材影片《愛情達陣》。2008年再次與科恩兄弟聯手，在他們的黑色喜劇《閱後即焚》中扮演了壹個看似潇灑其實與其他人壹樣可悲的風流官員。而接下來克魯尼的工作則包括：爲韋斯•安德森的動畫片《了不起的狐狸爸爸》配音，主演《朱諾》導演賈森•雷特曼的新片《懸而未決》、喬•卡納漢的犯罪題材影片《白色爵士》、以及與伊萬•麥克格雷格和凱文•史派西主演曆史題材影片《以眼殺人》。<br/><br/>韋斯•安德森：<br/>韋斯•安德森，美國電影導演兼編劇。出生于德克薩斯州的休斯敦市，安德森被稱作是“作者導演”，他全面介入了自己電影制作的各個層面，編劇，攝影，美術設計，配樂選曲等等。<br/><br/>馬特•達蒙：<br/>馬特•達蒙，從名不見經傳的小角色到好萊塢金童之壹，他只用了幾年的時間。他與本•阿弗萊克共編共演的《心靈捕手》令他們兩人壹夜成名。他們因此片而分享了奧斯卡最佳原創劇本獎，馬特•達蒙也確立了在好萊塢的當紅小生地位。在次年他便得以在兩部大片中擔任重要角色。第壹部便是由約翰•道爾執導的《賭王之王》。他在片中飾演壹個賭場高手，不顧老夥計的誘惑，壹心改邪歸正。盡管此片演員陣容強大，先期宣傳也非常有力，但無論評論界還是觀衆都對本片較爲失望。不過，達蒙同年主演的《拯救大兵瑞恩》卻是壹個巨大的成功。達蒙分享了來自各界對這部影片及其全明星陣容的溢美之辭。1999年，達蒙又主演了引人注目的《天才雷普利》和《天條》。達蒙飾演的瑞普利先生是壹個精神異常的雙性戀殺人狂，與他配戲的則是三位大牌明星：凱特•布蘭切特、格溫妮斯•帕特洛、裘德•洛。而《天條》則使馬特突破了壹貫飾演的正面角色，與本•阿弗萊克飾演壹對墮落天使。該片成爲1999年最具爭議性的影片之壹。2002年馬特•達蒙以驚險間諜片《諜影重重》成功轉型動作片，並在續集中繼續出演角色。馬特雖然外型並不算出衆，但是他獨特的氣質和橫溢的才華都讓他被衆多影迷喜愛。2006年，馬特•達蒙與萊昂納多•迪卡普裏奧合作，出演大導演馬丁•斯科塞斯翻拍自香港影片《無間道》的影片《無間行者》。<br/>編輯推薦<br/>紀念第二次世界大戰勝利70周年，反英雄主義的戰場生存之道，對于生命價值的重新思考。 <br/></p>', '1', '1', '1', '1', '1', '0', '2015-06-18 11:48:15', '0', '2', '0', '0', '100.00', '1.00', '2635', '二戰電影全紀錄:福斯經典戰爭影片收藏(3DVD)', '二戰電影全紀錄:福斯經典戰爭影片收藏(3DVD)', '二戰電影全紀錄:福斯經典戰爭影片收藏(3DVD)', '', '0', '1', '2015-06-18 11:50:03', '1', '1', '3', '', '1', null), ('111', '38', '2', '冰雪奇緣(DVD)', '冰雪奇緣(DVD)', 'gs20150618000111', '350.00', '348.00', '0.62', '/data/upload/2015-06-18/558240f71c39c.jpg', '<p><br/>&nbsp;&nbsp;&nbsp;&nbsp; &nbsp;<br/>內容簡介<br/>《冰雪奇緣》故事講述壹個嚴冬咒語令王國被冰天雪地永久覆蓋，樂觀無畏的安娜和熱愛冒險的山民阿克以及他的馴鹿搭檔組隊出發，展開壹段魔法層出不窮、旅程峰回路轉的大冒險，以尋找安娜的姐姐——冰雪皇後艾莎，破解她的冰封魔咒。壹路上他們遇到搞笑的神奇雪人、各式奇幻精靈、意想不到的魔法迷陣，更在雪崩冰裂中步步驚心……他們最終能否拯救王國？<br/><br/>特別收錄：國內公映配音<br/>編輯推薦<br/>本劇榮獲第86屆奧斯卡最佳動畫、最佳歌曲雙料影片，且超越《玩具總動員3》登頂影史最賣座的動畫電影，也是世界影史第三賣座的非續集類電影。 <br/></p>', '1', '1', '1', '1', '1', '0', '2015-06-18 11:52:09', '0', '1', '0', '2', '300.00', '2.00', '326', '', '冰雪奇緣(DVD)', '冰雪奇緣(DVD)', '', '0', '1', '2015-06-18 12:05:10', '1', '1', '3', '', '1', null);
INSERT INTO `sp_goods` VALUES ('112', '35', '2', '阿凡達', '阿凡達(2D+3D藍光碟 BD50 特別禮品版)', 'gs20150618000112', '632.00', '466.00', '1.68', '/data/upload/2015-06-18/5582616a93c22.jpg', '<p>內容簡介<br/>《阿凡達》講述了在未來世界中，人類爲取得另壹個星球的資源，開啓阿凡達計劃，以人類與納美人的DNA混血，培養出身高近3米高的阿凡達。壹名受傷的退役軍人傑克，接受實驗並以他的阿凡達來到天堂般的潘多拉星球。傑克背負重任，身處險境中，與納美人首次的意外接觸後，雖然開啓了溝通的可能性，但在多元族群的利益沖突中，卻也即將面臨壹場意想不到、浩瀚壯烈的世紀沖突與空前啓示。<br/><br/>精彩劇照：<br/><a href=\"http://g-ec4.images-amazon.com/images/G/28/BOOK-Catalog/content/B00I0JF0IK_01_amzn.jpg\"><img src=\"http://g-ec4.images-amazon.com/images/G/28/BOOK-Catalog/content/B00I0JF0IK_01_amzn.jpg\" style=\"margin: 10px \" alt=\"阿凡达\" height=\"180\" align=\"bottom\"/></a><a href=\"http://g-ec4.images-amazon.com/images/G/28/BOOK-Catalog/content/B00I0JF0IK_02_amzn.jpg\"><img src=\"http://g-ec4.images-amazon.com/images/G/28/BOOK-Catalog/content/B00I0JF0IK_02_amzn.jpg\" style=\"margin: 10px \" alt=\"阿凡达\" height=\"180\" align=\"bottom\"/></a><a href=\"http://g-ec4.images-amazon.com/images/G/28/BOOK-Catalog/content/B00I0JF0IK_03_amzn.jpg\"><img src=\"http://g-ec4.images-amazon.com/images/G/28/BOOK-Catalog/content/B00I0JF0IK_03_amzn.jpg\" style=\"margin: 10px \" alt=\"阿凡达\" height=\"180\" align=\"bottom\"/></a><br/><br/><a href=\"http://g-ec4.images-amazon.com/images/G/28/BOOK-Catalog/content/B00I0JF0IK_04_amzn.jpg\"><img src=\"http://g-ec4.images-amazon.com/images/G/28/BOOK-Catalog/content/B00I0JF0IK_04_amzn.jpg\" style=\"margin: 10px \" alt=\"阿凡达\" height=\"180\" align=\"bottom\"/></a><a href=\"http://g-ec4.images-amazon.com/images/G/28/BOOK-Catalog/content/B00I0JF0IK_05_amzn.jpg\"><img src=\"http://g-ec4.images-amazon.com/images/G/28/BOOK-Catalog/content/B00I0JF0IK_05_amzn.jpg\" style=\"margin: 10px \" alt=\"阿凡达\" height=\"180\" align=\"bottom\"/></a><a href=\"http://g-ec4.images-amazon.com/images/G/28/BOOK-Catalog/content/B00I0JF0IK_06_amzn.jpg\"><img src=\"http://g-ec4.images-amazon.com/images/G/28/BOOK-Catalog/content/B00I0JF0IK_06_amzn.jpg\" style=\"margin: 10px \" alt=\"阿凡达\" height=\"180\" align=\"bottom\"/></a>詹姆斯•卡梅隆：<br/>詹姆斯•卡梅隆，1954年8月16日生于加拿大，著名的電影導演，擅長拍攝動作片以及科幻電影。他導演的這些電影經常超出預定計劃以及預算，不過都很賣座。1984年推出自編自導的科幻片《魔鬼終結者》後，使他壹夜成名。除了當導演以外，也是編劇還是制作和剪輯，他的電影主題往往試圖探討人類本身和技術之間的關系。目前電影票房史上最賣座的電影《泰坦尼克號》是他執導的作品。2012年3月29日，詹姆斯•卡梅隆進行了首次單人下潛至馬裏亞納海溝最深處的探險，其透露潛水器因海底巨大壓力縮短了7厘米。<br/><br/>薩姆•沃辛頓：<br/>薩姆•沃辛頓，1976年8月2日出生于西澳洲的珀斯。他在西澳洲的羅金漢姆地區成長，並於位在費裏曼圖的約翰•寇汀表演藝術學校取得學位，接著在雪梨的國家藝術戲劇學院修習表演課程。沃辛頓的國際演藝生涯從接演壹系列好萊塢電影的小角色開始，包括《阿凡達》、《哈特戰爭》和《搶救前線》等。<br/><br/>佐伊•索爾達娜：<br/>佐伊•索爾達娜，1978年生于美國新澤西州，後在紐約皇後區長大的佐伊•索爾達娜擁有芭蕾女生的優雅氣質，在2003年憑借《加勒比海盜：黑珍珠號的詛咒》中性格強硬的女海盜Anamaria壹角而爲觀衆所熟悉在小有名氣之後她又接下了《幸福終點站》、《下流高校》以及《男生女生黑白配》等電影。佐伊•索爾達娜的最新大銀幕作品分別是JJ艾布斯的《星艦迷航》和詹姆斯•卡梅隆的《阿凡達》。<br/><br/>上映時間：2010年1月4日<br/>編輯推薦<br/>《阿凡達》由《泰坦尼克號》導演詹姆斯•卡梅隆執導，薩姆•沃辛頓、佐伊•薩爾達娜等主演的動作科幻大片，帶領我們壹起走入美麗奇幻的潘多拉星球。<br/>特殊說明<br/>聲軌：漢語普通話（數字杜比5.1）、英語（DTS 5.1）、日語（DTS 5.1）<br/>字幕：簡體中文、英語、印地語、泰國語 <br/></p>', '1', '1', '1', '1', '1', '0', '2015-06-18 11:56:37', '0', '3', '0', '8', '400.00', '2.00', '358', '阿凡達(2D+3D藍光碟 BD50 特別禮品版)', '阿凡達(2D+3D藍光碟 BD50 特別禮品版)', '阿凡達(2D+3D藍光碟 BD50 特別禮品版)', '', '0', '1', '2015-06-18 14:13:05', '1', '1', '4', '', '1', null), ('113', '41', '2', '獅子王(DVD 鑽石珍藏版)', '獅子王(DVD 鑽石珍藏版)', 'gs20150618000113', '765.00', '699.00', '1.38', '/data/upload/2015-06-18/5582655ec386b.jpg', '<p>內容簡介<br/>《獅子王》講述當太陽從水平線上升起時，非洲大草原蘇醒了，萬獸群集，榮耀歡呼，共同慶賀獅子王木法沙和王後沙拉碧産下的小王子辛巴的誕生。小辛巴在衆多熱情忠心的朋友的陪伴下，不但經曆了生命中最光榮的時刻，也遭遇了最艱難的挑戰，曆經了生、死、愛、責任等生命中種種的考驗，最後終于登上了森林之王的寶座，也在周而複始生生不息的自然中體驗出生命的真義。<br/><br/>精彩劇照（點擊看大圖）<br/><a href=\"http://g-ec4.images-amazon.com/images/G/28/lichengb/B006LD6SV0_01_amzn.jpg\"><img src=\"http://192.168.2.116/data/upload/ueditor/20150618/558264e6d71a7.jpg\" style=\"margin: 10px \" alt=\"狮子王(DVD 钻石珍藏版)\" height=\"120\" align=\"bottom\"/></a><a href=\"http://g-ec4.images-amazon.com/images/G/28/lichengb/B006LD6SV0_02_amzn.jpg\"><img src=\"http://192.168.2.116/data/upload/ueditor/20150618/558264e7302e5.jpg\" style=\"margin: 10px \" alt=\"狮子王(DVD 钻石珍藏版)\" height=\"120\" align=\"bottom\"/></a><a href=\"http://g-ec4.images-amazon.com/images/G/28/lichengb/B006LD6SV0_03_amzn.jpg\"><img src=\"http://192.168.2.116/data/upload/ueditor/20150618/558264e7dae1f.jpg\" style=\"margin: 10px \" alt=\"狮子王(DVD 钻石珍藏版)\" height=\"120\" align=\"bottom\"/></a><br/></p><p>特別收錄：<br/>01 獅子王：回憶錄-唐漢恩<br/>02 跟隨丁滿與彭彭壹起探索3D藍光<br/><br/>上映時間：1994年6月24日<br/>編輯推薦<br/>迪士尼不朽的巅峰之作，體驗愛與冒險的生命感動，榮獲1994年奧斯卡最佳原著音樂獎和最佳電影主題曲獎！<br/><br/>小獅子王辛巴在衆多熱情的朋友的陪伴下，不但經曆了生命中最光榮的時刻，也遭遇了最艱難的挑戰，最後終于成爲了森林之王！<br/>特殊說明<br/>菜單：動態菜單！ <br/></p>', '1', '1', '1', '1', '1', '0', '2015-06-18 14:27:00', '0', '2', '0', '10', '500.00', '2.00', '268', '', '獅子王(DVD 鑽石珍藏版)', '獅子王(DVD 鑽石珍藏版)', '', '0', '1', '2015-06-18 14:29:57', '1', '1', '3', '', '1', null), ('114', '41', '2', '飛屋環遊記(DVD9)', '飛屋環遊記(DVD9)', 'gs20150618000114', '326.00', '300.00', '0.67', '/data/upload/2015-06-18/5582663c47d60.jpg', '<p>內容簡介<br/>《飛屋環遊記》講述了寡居的78歲卡爾老先生，爲了信守對愛妻的承諾，決心帶著他與艾莉打造的房屋壹飛沖天，往他與艾莉小時候設下的終極目標——“仙境瀑布”前進！可是這場世紀之旅卻出現了壹個意外人物——壹名樂于助人但笨手笨腳的8歲小童子軍小羅。幾千尺高空上，老卡爾不得不同小羅壹起展開壹場生死未蔔的冒險。在旅程中，精力過盛、頑皮搗蛋的小羅讓孤僻頑固的老卡爾很頭痛，先是引來了壹只傳說中的珍禽異雀，又收留了壹只會說人話的小狗。其間他們更遇到重重意想不到的險阻。<br/><br/>特別收錄：<br/>01 暴力雲與送子鶴：劇院版短片 5分50秒 配音：英語（DD5.1）；字幕：無字幕<br/>02 逗逗的特殊使命：全新的短片 4分43秒 配音：英語（DD5.1）；字幕：無字幕<br/>03 冒險就要開始了 22分17秒 配音：英語（DD2.0）；字幕：中文/無字幕<br/>04 另類場景：蒙茲的其他結局 4分56秒 配音：英語（DD2.0）；字幕：中文/無字幕<br/><br/>上映時間：2009年8月4日<br/>編輯推薦<br/>看點壹：皮克斯的首部3D動畫長片<br/>皮克斯永遠不會讓我們失望，3D時代正猛然而至，皮克斯更不會甘心落在兩大競爭對手夢工廠動畫和藍天工作室後面。這部《飛屋環遊記》，作爲皮克斯的第壹部3D長片，來頭就相當可觀。<br/><br/>影片是皮克斯的第十部動畫長片，而且是戛納電影節60多年曆史上的第壹部動畫開幕片。導演爲皮克斯宿將，曾執導《怪物公司》的彼得·道克特。<br/><br/>除此之外，該片還是皮克斯第壹部以普通人爲主角的長片，很多人因此對其賣座前景頗有疑慮。然而在北美上映後，《飛屋》的強勢表現令這些疑慮煙消雲散，該片全球票房超過6.67億美元，爲皮克斯影片中僅次于《海底總動員》的二號賣座片，當然這也與3D電影相對較高的票價有著剪不斷理還亂的關系。與皮克斯的前作壹樣，《飛屋》口碑絕佳，在IMDB網站上排名第64位，這在所有動畫電影中位居第二。影評人也完全被其折服，爛番茄網站上該片的好評率是恐怖的98%。著名影評人羅傑·艾伯特給出了四星的滿分。《洛杉矶時報》的影評人約翰·霍恩更認爲：《飛屋》是所有皮克斯影片中，最有雄心壯志的壹部。<br/><br/>看點二：怪老頭胖小孩忘年交真摯動人<br/>皮克斯電影總能以情動人，這部《飛屋》也不例外。影片有兩個主角，壹個是78歲的退休氣球零售商老卡爾，導演的說法是，這個角色的靈感來自于傳奇影星斯賓塞·屈賽，另壹個是10歲的亞裔小男孩羅素。<br/><br/>老卡爾在妻子艾莉去世後，變得孤僻起來，還當起了最牛釘子戶，因爲他不肯把地賣給開發商。開發商每天軟磨硬泡，讓他煩躁不已。就在這時候，胖小子羅素找上門來，爲了得到壹枚幫助老人徽章跟他糾纏不休。老卡爾爲了實現艾莉到南美勝地仙境瀑布壹遊的夢想，用上萬個氣球打造了飛屋，可是上天之後，才發現羅素居然搭了他的順風屋。最初，老卡爾並不喜歡羅素，他自己沒有孩子，所以也不太了解孩子，而且這個胖小孩要求太多，壹會兒要收養巨鳥，壹會兒又喊累。但逐漸地，兩人成了好朋友……<br/><br/>老卡爾和小羅素之間化學反應是這部影片的情感發動機，兩人之間真摯動人的忘年交給這部影片注入了強大的情感力量。只有極少數影片能夠讓人在會心壹笑之後，深深地感動，而《飛屋》就是其中之壹。<br/><br/>看點三：黃金獵犬當黃金綠葉<br/>《飛屋》中有兩個主要配角，都是動物。壹個是巨鳥凱文，另壹個是黃金獵犬道格。凱文是南美洲的壹種不會飛的神秘大鳥，它樂觀又調皮，最喜歡吃巧克力，跟羅素第壹次見面就成了好朋友，更重要的是，如果沒有它，就不會有老卡爾和羅素在南美的那壹大段冒險故事。<br/><br/>而黃金獵犬道格，是冒險家蒙茨爲捕獲巨鳥而訓練的狗部隊中的壹員，因爲佩戴了發聲項圈，所以能口吐人言，比起當蒙茨的忠仆來，道格更喜歡的是跟老卡爾和羅素交朋友。這兩個動物角色，都非常的惹人喜愛，尤其是道格，開始的時候有點膽小，後來就變得勇敢起來，尤其是它給惡狗阿爾法裝上恥辱圈那壹段，令人感到異常的暢快。其實，在凱文和道格之外，《飛屋》還有個重要配角，也就是老卡爾和妻子艾莉的夢想之地，南美委內瑞拉境內的獨特地貌——大峽谷上的仙境瀑布。皮克斯動畫師們在來到實地采風之後，結合高超的計算機成像計算，讓景色極其壯麗的仙境瀑布生動地呈現在我們眼前。<br/><br/>看點四：絕妙細節連綿不斷<br/>皮克斯電影的壹大王牌是，總能設計出壹些出人意料，令人拍案叫絕的細節。在這部《飛屋》裏，這樣的細節就比比皆是，比如影片開頭部分的儲錢罐，代表著卡爾和妻子艾莉的夢想，可是每次儲錢罐快要裝滿的時候，就會出現意外事件讓其清零，這就爲老卡爾後來的飛屋冒險埋下了伏筆。還有老卡爾的飛屋升到天上不久，他就迷失了方向，這時胖小孩羅素便拿出GPS獻寶，可是他剛炫耀完這寶貝的用處，就失手將它扔到了窗外，也就是說，他們不可能用它導航了，這壹細節勝在喜劇效果十足。此外還有那些狗脖子上的高科技項圈，既是定位通訊裝置，又能讓狗說人話，壹舉解決了狗不能與人類溝通的壹大難題。甚至就連老卡爾手杖上的四個網球，本來毫不起眼，卻也在關鍵時刻發揮了奇妙的作用。<br/><br/>看點五：驚險場面更勝特效大制作<br/>所有皮克斯電影中都會有壹大段驚險的追逐場面，這應該算是皮克斯的獨家專利，像2008年的《機器人瓦力》中那場太空城追逐戲，瓦力被壹大群警察機器人窮追不舍，就既張力十足又妙趣橫生；前年的《美食總動員》，天才的鼠大廚第壹次來到他景仰已久的奧古斯都餐廳的廚房，就陷入了廚師們的飛刀大陣，此外還要逃過廚房裏的各種明湯暗火，好不驚險嚇人。 <br/></p>', '1', '1', '1', '1', '1', '0', '2015-06-18 14:32:15', '0', '2', '0', '3', '269.00', '1.00', '312', '', '飛屋環遊記(DVD9)', '飛屋環遊記(DVD9)', '', '0', '1', '2015-06-18 14:33:35', '1', '1', '3', '', '1', null), ('115', '44', '2', '舌尖上的中國(第2季)(8DVD) ', '舌尖上的中國(第2季)(8DVD) ', 'gs20150618000115', '235.00', '200.00', '2.30', '/data/upload/2015-06-18/558266dca1e1d.jpg', '<p>《舌尖上的中國(第2季)》依然作爲壹部美食紀錄片，將延續第壹季的主題，探討中國人與食物的關系。150多個人物，300余種美食，壹張張餐桌，見證生命的誕生、成長、相聚、別離。通過美食，使人們可以有滋有味地認知這個古老的東方國度。<br/><br/>第壹集：腳步<br/>“路菜”是先人保存食物的智慧，進而被演化成標志性的中國美食。味覺記憶的強大，往往讓人們對故鄉食物的迷戀十分牢固，甚至被賦予“鄉愁”這樣的文學語彙。本集將跟隨那些奔波在路上的人們，品嘗辛勞與汗水中的苦辣酸甜。“腳步”包含兩層含義，壹方面，每壹種食物的獲取都要經過漫長的曆程。這壹集中的主人公，壹對養蜂夫婦追尋、收獲蜂蜜的路程，就與蜜蜂們采集花蜜同樣艱辛。據計算，蜜蜂生産壹公斤蜂蜜需要采400萬朵花。另壹方面，食物本身也會跟隨人們的腳步，在各地流轉、變化。從青海的鹽湖，到西藏的密林深處，無不镌刻著人與食物遷徒的足迹。<br/><br/>第二集：心傳<br/>中國傳統烹饪在手藝上無比神秘繁複，它的傳承和流變往往以家族或師徒的形式承載。這種心口相傳，延續了家的味道，也傳承了千百年來中國人飲食文化的基因。本集《心傳》，引領我們再次面向民間，尋找那些消失了的和即將消失的美味。中國人關于食物與味道的傳承有時是通過家族延續，比如湖南山中的人家制作蕨根粉，通常是爺爺傳給孫子；也有時是通過師徒之間傳習，比如面點、糕團的制作。甚至有時，人們在不知不覺中便繼承了特定的味覺基因以及加工食物的習慣……<br/><br/>第三集：時節<br/>“不時，不食”是中國人飲食最重要的特征。在四季分明的國度，不同的時節，呈現出千姿百態的美食。本集《時節》，將通過捕捉節令美食，展現傳統中國人對自然的依賴與敬畏，表達我們對氣候變幻的敏銳感知。中國人對于時節的關注，首先著眼于糧食的生産。依存于土地的人們世代春種秋收，而時節囊括了農業文明的24節氣與72物候。此外，節氣變化也意味著許多獨特節令美食的出現，比如這壹集中即將呈現的美味，雁來蕈——這種相傳只有在大雁飛來時才會出現的神奇菌子，與節氣有著怎樣的關系？您是否了解，只在春雷滾滾時生長的雷筍，是轉瞬即逝的難得食材？<br/><br/>第四集：家常<br/>古人說，治大國若烹小鮮。家常菜，在每日的煎炒烹煮中，蘊藏著中國人最平實質樸的生活期許與處世之道。每壹張家庭餐桌都是了解中國人家庭觀念的最好樣本。本集《家常》，走進壹戶戶平凡人家，與他們壹同品味日常生活中的人間百味。《家常》壹集所展現的，除了紅燒肉等廣爲人們所喜愛的家常菜，更多的是家所代表的倫常與親情，以及家庭成員之間的微妙關系。就像古詩中描繪的：“三日入廚下，洗手作羹湯”，這羹湯中所飽含的，遠不止日常的柴米油鹽。<br/><br/>第五集：秘境<br/>隱秘美食，這壹集關注的是“飲食的末梢地區”，也就是那些受現代文明影響較小而得以保存食物原味的地方。在許多少數民族的聚居地，如雅魯藏布江大峽谷的深處，以及沙漠中最幹旱的地帶，壹些不爲人知的食材，恰恰是不可多得的美味。<br/><br/>第六集：相逢<br/>食物與人的每次攜手，《相逢》講述的不僅是人與人的相逢，更是食材與食材的相遇。比如，辣椒與花椒的邂逅開啓了麻辣美味的篇章。又如，在年輕的移民城市深圳，來自全國各地的人們的相會，也爲嶄新美食的誕生創造了機遇。<br/><br/>第七集：三餐<br/>中國人的壹粥壹飯。高速緊張的生活使許多人無法像父輩們壹樣花費大量時間煲湯煮飯。本集將展示現代中國社會中，從摩登都市到中小城鎮，人們通過每日飲食享受生活的方式。<br/><br/>第八集：花絮<br/>講述鏡頭背後的拍攝任務。 <br/></p>', '1', '1', '1', '1', '1', '0', '2015-06-18 14:36:15', '0', '3', '0', '5', '180.00', '2.00', '366', '', '舌尖上的中國(第2季)(8DVD) ', '舌尖上的中國(第2季)(8DVD) ', '', '0', '1', '2015-06-18 14:36:15', '1', '1', '3', '', '1', null), ('116', '37', '2', '伸冤人(BD50 藍光碟)', '伸冤人(BD50 藍光碟)', 'gs20150618000116', '352.00', '330.00', '2.30', '/data/upload/2015-06-18/558267bc4fd20.jpg', '<p>內容簡介<br/>《伸冤人》講述麥考爾（丹澤爾•華盛頓飾）將他謎壹樣的過去抛諸身後，開始了壹段全新的平靜生活。可當他遇到泰利（科洛•莫瑞茲飾），發現這個年輕女孩被俄國幫派以暴力控制，他再不能袖手旁觀。隱藏的好身手令他開啓了與惡勢力的血腥對戰，麥考爾伸張正義的欲望終于再度爆發。如果任何人遇到問題，如果情況對他們不利，如果他們無處可去，麥考爾將給予幫助。因爲他就是伸冤人。<br/><br/><a href=\"http://g-ec4.images-amazon.com/images/G/28/BOOK-Catalog/HBK/150428/B00WFRHOZK_01_amzn.jpg\"><img src=\"http://192.168.2.116/data/upload/ueditor/20150618/5582677fb8cf2.jpg\" style=\"margin: 10px \" alt=\"伸冤人\" height=\"200\" align=\"bottom\"/></a><a href=\"http://g-ec4.images-amazon.com/images/G/28/BOOK-Catalog/HBK/150428/B00WFRHOZK_02_amzn.jpg\"><img src=\"http://192.168.2.116/data/upload/ueditor/20150618/5582678044ba8.jpg\" style=\"margin: 10px \" alt=\"伸冤人\" height=\"200\" align=\"bottom\"/></a><a href=\"http://g-ec4.images-amazon.com/images/G/28/BOOK-Catalog/HBK/150428/B00WFRHOZK_03_amzn.jpg\"><img src=\"http://192.168.2.116/data/upload/ueditor/20150618/55826780b971a.jpg\" style=\"margin: 10px \" alt=\"伸冤人\" height=\"200\" align=\"bottom\"/></a><br/><br/><a href=\"http://g-ec4.images-amazon.com/images/G/28/BOOK-Catalog/HBK/150428/B00WFRHOZK_04_amzn.jpg\"><img src=\"http://192.168.2.116/data/upload/ueditor/20150618/5582678154b17.jpg\" style=\"margin: 10px \" alt=\"伸冤人\" height=\"200\" align=\"bottom\"/></a><a href=\"http://g-ec4.images-amazon.com/images/G/28/BOOK-Catalog/HBK/150428/B00WFRHOZK_05_amzn.jpg\"><img src=\"http://192.168.2.116/data/upload/ueditor/20150618/55826781d06ab.jpg\" style=\"margin: 10px \" alt=\"伸冤人\" height=\"200\" align=\"bottom\"/></a><a href=\"http://g-ec4.images-amazon.com/images/G/28/BOOK-Catalog/HBK/150428/B00WFRHOZK_06_amzn.jpg\"><img src=\"http://192.168.2.116/data/upload/ueditor/20150618/5582678257c61.jpg\" style=\"margin: 10px \" alt=\"伸冤人\" height=\"200\" align=\"bottom\"/></a>藍光獨家花絮——特別收錄：<br/>1.丹澤爾•華盛頓和安東尼•福奎阿的複仇模式：從羅伯特•麥考爾視角出發，丹澤爾•華盛頓和導演安東尼•福奎阿視角分解《伸冤人》中每壹個致命的動作<br/>2.丹澤爾•華盛頓：另類的超級英雄<br/>3.伸冤人的想象：安東尼•福奎阿<br/>4.走進《伸冤人》<br/>5.壹夫當關：訓練和戰鬥<br/>6.劇照壹覽<br/>7.家庭超市：照顧好每壹顆螺絲<br/>8.黑夜之子<br/><br/><br/>丹澤爾•華盛頓：<br/>丹澤爾•華盛頓是當今美國影壇最具影響力的黑人巨星，是壹位罕見的表演奇才。他出生于紐約州的弗農山，他的父親是壹位牧師，母親是個美容師。到他14時，他父母親的關系開始惡化，丹澤爾和他的姐姐被送進了壹所寄宿學校。家庭的影響使華盛頓從小就養成了壹種靜默沈實的性格，他不像其他小孩壹樣調皮愛胡鬧，而是喜愛看書，他在少年時就給人壹種老成穩重的感覺。1989年的《光榮》讓他第壹次聲名遠播，隨後他的電影作品壹部接著壹部推出，1993年的《費城故事》和《塘鵝暗殺令》，1995年的《赤色風暴》，1996年的《生死豪情》，他在藝術影片與商業影片兩個領域都有著不俗的表現。2001年丹澤爾•華盛頓主演的影片《訓練日》終于讓他成爲了第二位獲得奧斯卡影帝的黑人演員。近來事業壹直保持良好狀態，作品不斷。<br/>編輯推薦<br/>《訓練日》導演安東尼•福奎阿最新作品。<br/><br/>爲了“伸張正義”非出手不可。<br/><br/>“丹澤爾不壹樣經典再現”——喬爾•阿莫斯《MOVIEFANATIC.COM》<br/>特殊說明<br/>載體：BD50<br/>片長：128分鍾<br/>畫面：1080p HD / 2.40:1<br/>字幕：中文、英文、泰文、韓文、葡萄牙文、西班牙文 等多種字幕<br/>聲軌：英語 DTS-HD Master Audio 7.1、葡萄牙語DTS-HD Master Audio 5.1、西班牙語、泰語、韓語 5.1 等多種語言 <br/></p>', '1', '1', '1', '1', '1', '0', '2015-06-18 14:40:11', '0', '2', '0', '3', '300.00', '1.00', '305', '', '伸冤人(BD50 藍光碟)', '伸冤人(BD50 藍光碟)', '', '0', '1', '2015-06-18 14:40:11', '1', '1', '4', '', '1', null), ('117', '32', '2', '想明白了再結婚(14DVD) ', '想明白了再結婚(14DVD) ', 'gs20150618000117', '210.00', '199.00', '1.10', '/data/upload/2015-06-18/5582684b41fa3.jpg', '<p>《想明白了再結婚》講述北京青年龍夏和青島白領于小魚，同期遭遇了背叛。兩個心灰意冷的人在北京相遇並且成爲合租密友，合租期間互幫互助産生了深厚的感情，在雙方家長的強勢逼婚下，兩人在沒有想明白的前提下，稀裏糊塗地步入了婚姻殿堂，婚後于小魚發現自己和龍夏壓根就不是壹路人，首先“價值觀”就有天壤之別。于小魚務實、有明確生活目標；龍夏務虛，哥們義氣嚴重。之前龍夏的優點，在婚後全部變成了缺點。小魚陷入迷茫他認爲這個婚結得太草率了。龍夏和小魚的矛盾日益加劇在婚姻的城堡即將倒塌之時，小魚和龍夏終于想明白了婚姻的真谛：婚姻需要的是堅守，經過重重的情感考驗龍夏和小魚在生活中成長了，他們開始學會包容和理解對方並且學會爲對方改變，結婚不是兒戲想明白了再結婚！最終堅守愛情的兩人還是走到了壹起幸福的過著他們的婚姻生活。 <br/></p>', '1', '1', '1', '1', '1', '0', '2015-06-18 14:42:22', '0', '2', '0', '3', '150.00', '1.00', '320', '', '想明白了再結婚(14DVD) ', '想明白了再結婚(14DVD) ', '', '0', '1', '2015-06-18 14:42:22', '1', '1', '3', '', '1', null), ('118', '31', '2', '查理和巧克力工廠(DVD9)', '查理和巧克力工廠(DVD9)', 'gs20150618000118', '452.00', '436.00', '1.26', '/data/upload/2015-06-18/558269108ee50.jpg', '<p>內容簡介<br/>《查理和巧克力工廠》由蒂姆·波頓導演，約翰尼·德普、弗雷迪·海默主演的精彩影片改編自羅·達爾的經典兒童名著。它將成爲妳的巧克力金券，爲妳開啓壹個充滿創意與想象力的世界，妳肯定不會願意錯過這場誘人的視覺盛宴！妳將在威利·旺卡的糖果工廠裏經曆怎樣的奇遇呢？妳將在巧克力河上航行，或是被巨大的吸管吸到不知何方。妳會在薄荷糖草地上跋涉，轉眼又上了壹艘巨大的藍莓飛艇。妳會遇見頑皮的歐帕倫帕人，還會被壹支狂熱的松鼠軍團劫持……這裏有大把的樂趣，配上少許的驚險以及與魔鬼蛋糕壹樣甜美而危險的探險之旅……<br/><br/>精彩劇照（點擊看大圖）<br/><a href=\"http://g-ec4.images-amazon.com/images/G/28/BOOK-Catalog/HBK/0723/B0086ZGCJE_01_amzn.jpg\"><img src=\"http://192.168.2.116/data/upload/ueditor/20150618/558268e78799a.jpg\" style=\"margin: 10px \" alt=\"查理和巧克力工厂(DVD9)\" width=\"350\" align=\"bottom\"/></a><a href=\"http://g-ec4.images-amazon.com/images/G/28/BOOK-Catalog/HBK/0723/B0086ZGCJE_02_amzn.jpg\"><img src=\"http://192.168.2.116/data/upload/ueditor/20150618/558268e80bf10.jpg\" style=\"margin: 10px \" alt=\"查理和巧克力工厂(DVD9)\" width=\"350\" align=\"baseline&quot;\"/></a><a href=\"http://g-ec4.images-amazon.com/images/G/28/BOOK-Catalog/HBK/0723/B0086ZGCJE_03_amzn.jpg\"><img src=\"http://192.168.2.116/data/upload/ueditor/20150618/558268e84f702.jpg\" style=\"margin: 10px \" alt=\"查理和巧克力工厂(DVD9)\" width=\"350\" align=\"baseline&quot;\"/></a><br/>配音：英語（DD2.0）；字幕：中文/英文/隱藏字幕<br/>01 松鼠大進攻 9分49秒<br/>02 達爾先生 17分42秒<br/>03 我們都是歐帕倫帕人 7分17秒<br/>04 精彩組合<br/><br/>導演：蒂姆·波頓<br/>1981年他執導了第壹部卡通短片，之後又以第二導演的身份參加了劇情短片《小科學怪人》的拍攝，然後導演的電視片是《阿拉丁神燈》，這壹系列在影視界的逐步嘗試培養了他的信心和能力。1985年蒂姆·波頓有機會執導他的第壹部長篇劇情片：《荒唐小混蛋奇遇記》，這部影片由華納公司出品，該片獲得業界人士好評，使他更爲信心大增。《甲殼蟲汁》則是蒂姆·波頓第壹部裏程碑式的作品。不過壹般認爲蒂姆·波頓最重要的影片還是1990年的《剪刀手愛德華》。影片雖然是講述壹個不容人世的例行愛情故事，但蒂姆·波頓卻用他擅長的獨特視角、聲光構圖以及特技畫面使影片打動人心，蒂姆·波頓似乎也開始從只炫耀奪目畫面到重視人物心理活動和道德轉變，愛德華在片中的內心活動過程就是最好的例證。這也是波頓首次與性格演員約翰尼·德普合作，兩人性格相投，之後展開了長期合作，是爲影迷津津樂道的完美組合之壹。在2001年，蒂姆·波頓又因爲《決戰猩球》的重拍而再次成爲人們的焦點，當時竟奪這部影片執導權的還有另兩位著名導演奧利弗·斯通和詹姆斯·卡梅隆。之後波頓又陸續推出《大魚》（2003）、《查理和巧克力工廠》（2005）、《僵屍新娘》（2005）等片。波頓並非十分高産，卻部部可圈可點，更爲自己在世界範圍內贏得了壹大批忠實影迷。波頓1989年2月24日與Lena Gieseke結婚，1991年12月31日離婚，後在拍攝《決戰猩球》過程中與英國女演員海倫娜·伯翰·卡特相識並開始交往，海倫娜從此也成爲他的缪斯女神，這之後的每部作品都會爲海倫娜安排角色，現在正在進行中的《理發師陶德》的男女主角就是約翰尼·德普和海倫娜。<br/><br/>演員：約翰尼·德普<br/>美國好萊塢明星，曾經獲得過3次奧斯卡獎提名、10次金球獎提名，並于2008年憑借《理發師陶德》中陶德壹角獲得金球獎最佳男主角。《剪刀手愛德華》是他的成名作，被很多人推崇爲愛情經典，從2003年開始出演《加勒比海盜》系列，讓他在好萊塢踏入當紅影星的行列。代表作品有：《加勒比海盜》、《查理和巧克力工廠》、《天生愛情狂》、《來自地獄》、《不壹樣的天空》、《斷頭谷》、《太空異種》、《忠奸人》、《濃情巧克力》。<br/><br/>上映日期：2005年7月15日<br/>編輯推薦<br/>“奇妙！妳肯定沒看過這樣的電影！”——AQ·斯科特《紐約時報》<br/><br/>“壹場視覺與想像力的盛宴。”——倫納德·馬爾廷“今夜娛樂” <br/></p>', '1', '1', '1', '1', '1', '0', '2015-06-18 14:45:40', '0', '1', '0', '6', '380.00', '1.00', '320', '', '查理和巧克力工廠(DVD9)', '查理和巧克力工廠(DVD9)', '', '0', '1', '2015-06-18 14:45:40', '1', '1', '3', '', '1', null), ('119', '36', '2', '教父三部曲(3DVD 珍藏版) ', '教父三部曲(3DVD 珍藏版) ', 'gs20150618000119', '765.00', '659.00', '2.36', '/data/upload/2015-06-18/558269dd2d533.jpg', '<p>內容簡介<br/>《教父三部曲》是電影史上最偉大的黑幫電影，被譽爲男人的聖經，曾獲得奧斯卡金像獎的最佳影片、最佳男主角、最佳男配角、最佳導演、最佳編劇、最佳改編劇本、最佳配樂等多項大獎。故事主要講述黑手黨的起源及黑手黨家族的三代教父，如何在壹個弱肉強食的世界中生存、如何爲人處世。整部故事實際上構成了美國20世紀的社會文化史，壹個家族的長篇編年史。<br/><br/>精彩花絮：導演隨片評論<br/><br/>永垂不朽的傳世傑作。<br/>——Edward Guthmann,《舊金山紀事報》<br/><br/>好萊塢頂尖電影時代的標志。<br/>——Michael Wilmington,《芝加哥論壇報》<br/><br/><br/>馬龍•白蘭度：<br/>馬龍•白蘭度，美國演員，當代最偉大的演員之壹。944年開始登上百老彙舞台，三年後以《欲望號街車》的爆炸性演出成爲劇壇巨星。40年代後期，他加入大導演伊利亞•卡贊領導的“演員工作室”成爲最早的成員之壹。1950年以《男兒本色》躍進銀幕，接著拍電影版《欲望號街車》令他成爲好萊塢巨星。1954年，他以《岸上風雲》獲得奧斯卡、紐約影評人協會及戛納電影節影帝三項大獎。1967年後退隱，1973年複出主演的《教父》再度榮獲奧斯卡最佳男主角獎，在歐洲拍的《巴黎最後的探戈》則引起極大爭議。之後的《超人》、《現代啓示錄》和《血染的季節》等片，也獲得了壹致的好評。其中，《血染的季節》又壹次讓他獲得奧斯卡獎的提名。進入90年代後，年邁的白蘭度依然演出了頗具水准的影片《唐璜德馬科》和《人魔島》，再壹次向人們展示了他那爐火純青的演技。馮小剛的《大腕》曾計劃邀請他出演，但因身體狀況未能參與。2004年7月1日，這位壹生頗富傳奇色彩的好萊塢“教父”與世長辭，享年八十歲。<br/><br/>阿爾•帕西諾：<br/>阿爾•帕西諾，1966年進著名的“演員工作室”進修，1969年因舞台劇《老虎是否戴項鏈？》獲托尼獎。同年演出第壹部影片《我，娜塔莉》。後被導演弗朗西斯•福特•科波拉看中，在《教父》中扮演邁克爾，並以此獲奧斯卡最佳男配角提名。此後，以《謝皮科》（1973）、《教父續集》（1974）、《炎熱的下午》（1975）三片連續獲得奧斯卡男主角提名。1992年終以《聞香識女人》奪取第65屆奧斯卡影帝。以表演具有爆發力著稱。多年來作品不斷，佳作叠出。<br/><br/>詹姆斯•凱恩：<br/>詹姆斯•凱恩1963年踏上銀幕，在銀幕處女作《愛瑪姑娘》中充當壹個不起眼的角色，打拼了十余年均無大突破，直至1972年在科波拉的名片《教父》中飾演火爆凶猛的教父長子桑尼，身價才扶搖直上，成爲獨當壹面的明星。1980年首執導簡推出《傲骨柔情》，但反應平平。凱恩90年代的作品以《米賽麗》和《昨天、今日、永遠》中的表現最爲出色。曾與Dee Jay Mattis、Sheila Ryan、Ingrid Hajed有過三段婚姻，先後育有壹女二子。1995年與現任妻子Linda Stokes再婚，育有兩子。近年參演的作品有2000年的《槍之道》和《家族情仇》，2003年的《狗城》和《聖誕精靈》等。<br/>編輯推薦<br/>本片榮獲奧斯卡金像獎“最佳影片”、“最佳男主角”、“最佳男配角”、“最佳導演”、“最佳改編劇本”、“最佳配樂”等多項大獎。長期占據IMDB史上最佳電影榜三甲！ <br/></p>', '1', '1', '1', '1', '1', '0', '2015-06-18 14:49:04', '0', '2', '0', '6', '600.00', '2.00', '32', '', '教父三部曲(3DVD 珍藏版) ', '教父三部曲(3DVD 珍藏版) ', '', '0', '1', '2015-06-18 14:49:04', '1', '1', '3', '', '2', null), ('120', '34', '2', '生化危機5:懲罰(DVD9)', '生化危機5:懲罰(DVD9)', 'gs20150618000120', '260.00', '220.00', '0.63', '/data/upload/2015-06-18/55826a7675e51.jpg', '<p>內容簡介<br/>《生化危機5:懲罰》在上壹集中，愛麗絲救出了被保護傘公司冷凍的人類幸存者，正在衆人要撤離之際卻遭到從天而降的雇傭兵襲擊。保護傘公司發明的人工智能“紅皇後”接管了公司僅存的設施，妄圖消滅人類毀滅地球，現在唯壹能夠阻止紅皇後的只有愛麗絲。而此刻，被解除生化異能的愛麗絲被紅皇後囚禁在深海的實驗基地中。威斯克侵入了基地的安保系統，釋放了愛麗絲，他們必須冰釋前嫌共同抵抗更強大的敵人。愛麗絲與前來接應的保護傘公司前特工艾達•王並肩突圍，同時愛麗絲昔日的戰友們也組成了壹個營救小分隊。<br/><br/>保護傘公司在海底建造了逼真的模擬城市，並使用克隆人作爲T病毒的實驗對象，爲了逃離基地，愛麗絲壹行人必須穿越東京、紐約、莫斯科等多座模擬城市，而每座城市中都有紅皇後布置的無法預測的危險敵人……<br/>編輯推薦<br/>《生化危機》是好萊塢僵屍片中非常成功的壹個系列電影，經過前四部的血腥混戰後，第五部《DVD-9生化危機&lt;5&gt;(懲罰)》(簡稱《生化危機5》)繼續使用3D技術拍攝。《DVD-9生化危機&lt;5&gt;(懲罰)》是繼第四部後又壹部采用3D規格制作的電子遊戲改編的電影。<br/>在上壹集中，愛麗絲救出了被保護傘公司冷凍的人類幸存者，正在衆人要撤離之際卻遭到從天而降的雇傭兵襲擊。保護傘公司發明的人工智能“紅皇後”接管了公司僅存的設施，妄圖消滅人類毀滅地球，現在唯壹能夠阻止紅皇後的只有愛麗絲。而此刻，被解除生化異能的愛麗絲被紅皇後囚禁在深海的實驗基地中。威斯克侵入了基地的安保系統，釋放了愛麗絲，他們必須冰釋前嫌共同抵抗更強大的敵人。愛麗絲與前來接應的保護傘公司前特工艾達·王並肩突圍，同時愛麗絲昔日的戰友們也組成了壹個營救小分隊…… <br/></p>', '1', '1', '1', '1', '1', '0', '2015-06-18 14:51:39', '0', '2', '0', '3', '200.00', '2.00', '325', '', '生化危機5:懲罰(DVD9)', '生化危機5:懲罰(DVD9)', '', '0', '1', '2015-06-18 14:51:39', '1', '1', '3', '', '1', null), ('121', '32', '2', '仙履奇緣(DVD9)', '仙履奇緣(DVD9)', 'gs20150618000121', '531.00', '452.00', '1.26', '/data/upload/2015-06-18/55826b2c212fd.jpg', '<p>《仙履奇緣》講述母親的早逝令仙度瑞拉再也感受不到母愛的溫暖，後母和她的兩個女兒無時無刻不在虐待仙德瑞拉，給她糟糕的住處、做不完的家務。壹次偶然的機會，仙度瑞拉得到了魔法相助，變身爲衣著華麗的傾城佳人，在選妃舞會上與王子翩翩起舞。12點的鍾聲敲響魔法即將消失，是否這壹切的美好只能是昙花壹現呢？<br/><br/>特別收錄：<br/>01 音樂與其他：“夢想是妳真心的願望”迪士尼群星MV<br/>02 刪減片斷：介紹；仙度瑞拉的勞動歌；雲中舞<br/>03 迪士尼後台：“從貧窮到富裕”《仙履奇緣》的幕後制作；夢想是妳真心的願望；鼠與九大元老；永遠的音樂；《仙履奇緣》的原創構思 <br/></p>', '1', '1', '1', '1', '1', '0', '2015-06-18 14:54:41', '0', '1', '0', '6', '400.00', '2.00', '236', '', '仙履奇緣(DVD9)', '仙履奇緣(DVD9)', '', '0', '1', '2015-06-18 14:54:41', '1', '1', '3', '', '1', null), ('122', '35', '2', '機械公敵(3DBD50 藍光碟 3D兼容2D) ', '機械公敵(3DBD50 藍光碟 3D兼容2D) ', 'gs20150618000122', '356.00', '300.00', '1.25', '/data/upload/2015-06-18/55826c45cbd34.jpg', '', '1', '1', '1', '1', '1', '0', '2015-06-18 14:59:22', '0', '2', '0', '5', '260.00', '2.00', '326', '', '機械公敵(3DBD50 藍光碟 3D兼容2D) ', '機械公敵(3DBD50 藍光碟 3D兼容2D) ', '', '0', '1', '2015-06-18 21:27:01', '1', '1', '4', '', '2', null), ('123', '45', '2', '安德魯•韋伯:曠世三部曲(3BD50 藍光碟)', '安德魯•韋伯:曠世三部曲(3BD50 藍光碟)', 'gs20150618000123', '562.00', '500.00', '1.26', '/data/upload/2015-06-18/55826d034e4d7.jpg', '<p>商品描述<br/>《安德魯•韋伯:曠世三部曲》安德魯•韋伯爲百老彙和倫敦西區劇院創作了大量的作品。他壹共創作了13部音樂劇、壹部音樂套歌、壹組變奏曲，兩首原創電影作品和壹部彌撒曲。他爲此獲得了衆多的榮譽，包括3座托尼獎，3座格萊美獎，1座奧斯卡金像獎，1座國際艾美獎，6座勞倫斯•奧利維爾獎，1座金球獎以及2006年榮獲的肯尼迪中心榮譽獎。<br/><br/>精彩劇照：<br/><a href=\"http://g-ec4.images-amazon.com/images/G/28/BOOK-Catalog/content/B00P5QWR96_01_amzn.jpg\"><img src=\"http://192.168.2.116/data/upload/ueditor/20150618/55826cda13c7b.jpg\" style=\"margin: 10px \" alt=\"安德鲁•韦伯:旷世三部曲\" height=\"180\" align=\"bottom\"/></a><a href=\"http://g-ec4.images-amazon.com/images/G/28/BOOK-Catalog/content/B00P5QWR96_02_amzn.jpg\"><img src=\"http://192.168.2.116/data/upload/ueditor/20150618/55826cda58063.jpg\" style=\"margin: 10px \" alt=\"安德鲁•韦伯:旷世三部曲\" height=\"180\" align=\"bottom\"/></a><a href=\"http://g-ec4.images-amazon.com/images/G/28/BOOK-Catalog/content/B00P5QWR96_03_amzn.jpg\"><img src=\"http://192.168.2.116/data/upload/ueditor/20150618/55826cdaae1f1.jpg\" style=\"margin: 10px \" alt=\"安德鲁•韦伯:旷世三部曲\" height=\"180\" align=\"bottom\"/></a> &nbsp;<br/><br/><a href=\"http://g-ec4.images-amazon.com/images/G/28/BOOK-Catalog/content/B00P5QWR96_04_amzn.jpg\"><img src=\"http://192.168.2.116/data/upload/ueditor/20150618/55826cdb0c1e1.jpg\" style=\"margin: 10px \" alt=\"安德鲁•韦伯:旷世三部曲\" height=\"180\" align=\"bottom\"/></a><a href=\"http://g-ec4.images-amazon.com/images/G/28/BOOK-Catalog/content/B00P5QWR96_05_amzn.jpg\"><img src=\"http://192.168.2.116/data/upload/ueditor/20150618/55826cdb9f95e.jpg\" style=\"margin: 10px \" alt=\"安德鲁•韦伯:旷世三部曲\" height=\"180\" align=\"bottom\"/></a><a href=\"http://g-ec4.images-amazon.com/images/G/28/BOOK-Catalog/content/B00P5QWR96_06_amzn.jpg\"><img src=\"http://192.168.2.116/data/upload/ueditor/20150618/55826cdc1664a.jpg\" style=\"margin: 10px \" alt=\"安德鲁•韦伯:旷世三部曲\" height=\"180\" align=\"bottom\"/></a>爲了紀念安德魯•韋伯創作《歌劇魅影：25周年紀念版》，卡梅隆•麥金托什制作了壹部編排獨特、場面宏大的音樂劇。這部《歌劇魅影英國皇家劇院25周年現場版》的靈感來自原制作人哈普林斯和編舞吉利安•林恩。擁有豪華陣容、全景舞台的音樂劇，在倫敦富麗堂皇的維多利亞皇家劇院上演。其中多達200人的劇目表演和演奏團隊，以及特別嘉賓，完美的展現“魅影”魅力所在。<br/><br/>精彩花絮：<br/>01 不歸路：魅影25周年幕後花絮<br/>02 《真愛不死》預告片<br/><br/>音樂劇《貓》在倫敦西區首演，從此壹炮打紅，並成爲百老彙有史以來最成功、連續公演最久的音樂劇。安德魯•韋伯的大作《貓》是有史上最著名的音樂劇。1981年首次出現在倫敦西區的舞台上，其中的名曲之壹《回憶》（Memory），迅速在全世界走紅。自此之後，《貓》被灌錄成唱片，征服了全世界。本片運用最先進的技術，將這部劇院傳奇之作的壹切驚喜、恐懼、浪漫與暧昧被悉數收錄。令人屏息凝神的畫面與豐滿的數碼音質（由壹支70人交響樂團重新灌錄）將帶妳進入神秘的貓的世界。《貓》，壹部千載難逢的絕世佳作——令人迷醉而又神秘莫測，遠遠超乎妳的想像！<br/><br/>精彩花絮：<br/>01 對原制作團隊的采訪<br/>02 《貓》的制作<br/>03 演員化妝短片<br/><br/>從巴黎歌劇院失蹤已超過十年的“魅影”，原來輾轉流落于紐約哥尼島壹個華麗荒誕卻大受歡迎的遊樂勝地。“魅影”于性感歌舞表演與畸形怪秀之間重新找到立足點，繼續揮灑音樂才華。然而他始終對畢生最愛的克莉絲汀念念不忘。爲了找回她的芳心，“魅影”匿名邀請克莉絲汀、她的丈夫以及兒子遠赴奢華的哥尼島，然而他們卻不知隨後將會發生什麽……沒有欣賞過影片，影迷無法想象《安德魯•韋伯：真愛不死》將會帶來些什麽。<br/><br/>精彩花絮：<br/>01 安德魯•韋伯-真愛不死的制作<br/>編輯推薦<br/>安德魯•韋伯曠世三部曲集結了韋伯的代表性的歌曲：《歌劇魅影：25周年紀念版》二十七年來屢獲殊榮，1986奧利弗獎-最佳音樂劇獎；1988托尼獎-最佳音樂劇獎；2002 奧利弗獎-最受觀衆歡迎劇目獎；《倫敦標准晚報》戲劇大獎-最佳音樂劇。《貓》1983年托尼獎，最佳音樂劇，最佳導演，最佳女配角，最佳劇本，最佳詞曲，最佳服裝，最佳燈光；1983年Drama Desk Award傑出燈光，傑出服裝，傑出作曲；1981年奧立佛獎最佳音樂劇；年度特別獎：（編舞）。<br/>特殊說明<br/>正片聲軌：英語原聲DTS HD Master Audio5.1<br/>正片字幕：中文、英文、法文、意大利文等<br/>花絮聲軌：Dolby Digital 2.0 <br/></p><div style=\"display:none;\" id=\"__if72ru4sdfsdfrkjahiuyi_once\"></div><div id=\"__zsc_once\"></div>', '1', '1', '1', '1', '1', '0', '2015-06-18 15:02:30', '0', '2', '0', '6', '400.00', '2.00', '125', '', '安德魯•韋伯:曠世三部曲(3BD50 藍光碟)', '安德魯•韋伯:曠世三部曲(3BD50 藍光碟)', '', '0', '1', '2015-06-18 21:26:34', '1', '1', '4', '', '1', null), ('124', '33', '2', '堅不可摧(BD50 藍光碟)', '堅不可摧(BD50 藍光碟)', 'gs20150618000124', '356.00', '145.00', '1.25', '/data/upload/2015-06-18/55826de85e457.jpg', '<p>內容簡介<br/>《堅不可摧》講述當他還是個孩子時，路易（傑克•奧康奈爾飾演）是個麻煩不斷的搗蛋鬼，然而在他哥哥的規勸下，他把精力全都投入到運動中，並壹舉成爲1936年奧運會長跑冠軍。二戰爆發，路易應征入伍。在壹次任務中，戰機不幸墜毀，他與兩個戰友在海上漂泊了漫長而又可怕的47天，最終被日軍抓獲，送去戰俘營。此時，他卻因爲曾是奧運冠軍而受到日本軍官殘忍虐待……壹部發人深省、強人不敗、逆境不倒的真實電影。<br/><a href=\"http://g-ec4.images-amazon.com/images/G/28/BOOK-Catalog/HBK/150428/B00WFRHKB8_01_amzn.jpg\"><img src=\"http://192.168.2.116/data/upload/ueditor/20150618/55826dc887997.jpg\" style=\"margin: 10px \" alt=\"坚不可摧\" height=\"180\" align=\"bottom\"/></a><a href=\"http://g-ec4.images-amazon.com/images/G/28/BOOK-Catalog/HBK/150428/B00WFRHKB8_02_amzn.jpg\"><img src=\"http://192.168.2.116/data/upload/ueditor/20150618/55826dc8be2e3.jpg\" style=\"margin: 10px \" alt=\"坚不可摧\" height=\"180\" align=\"bottom\"/></a><a href=\"http://g-ec4.images-amazon.com/images/G/28/BOOK-Catalog/HBK/150428/B00WFRHKB8_03_amzn.jpg\"><img src=\"http://192.168.2.116/data/upload/ueditor/20150618/55826dc912ac6.jpg\" style=\"margin: 10px \" alt=\"坚不可摧\" height=\"180\" align=\"bottom\"/></a><br/><br/><a href=\"http://g-ec4.images-amazon.com/images/G/28/BOOK-Catalog/HBK/150428/B00WFRHKB8_04_amzn.jpg\"><img src=\"http://192.168.2.116/data/upload/ueditor/20150618/55826dca3cc89.jpg\" style=\"margin: 10px \" alt=\"坚不可摧\" height=\"180\" align=\"bottom\"/></a><a href=\"http://g-ec4.images-amazon.com/images/G/28/BOOK-Catalog/HBK/150428/B00WFRHKB8_05_amzn.jpg\"><img src=\"http://192.168.2.116/data/upload/ueditor/20150618/55826dcaaeac6.jpg\" style=\"margin: 10px \" alt=\"坚不可摧\" height=\"180\" align=\"bottom\"/></a><br/>安吉麗娜·朱莉：<br/>安吉麗娜·朱莉的壹切都是好萊塢的話題，她與父親的決裂，她的感情、婚姻和漫天的绯聞，她的慈善事業——這個女人的壹舉壹動都牽引著好萊塢的視線。朱莉1975年生于洛杉矶，因爲父親是名演員強·沃特，所以很早就開始接觸戲劇，她的生活好像壹直都充滿動蕩。小的時候因爲經濟窘迫她和媽媽與弟弟經常搬家，直到長大後她作了職業模特也是常常因爲忙于做巡演而在各大城市間飛來飛去。在對做模特感到厭煩後，她來到紐約，在李-斯特萊斯伯格戲劇院和紐約大學做了壹名普通的學生，之後便開始在劇院做表演。接著很快她便殺入演影圈。1993年她在《電子人2》中做了壹個跑龍套的小角色，接著1995年又跑到《黑客》中扮演了壹名計算機黑客。安吉麗娜清秀的面容和不俗的演技很快便引起了觀衆和導演的注意，並和戲中的男演員約翰·李·米勒結婚，這是她的第壹次婚姻。1997年安吉麗娜終于因爲在優秀的電視電影《喬治·華萊士》中演出喬治·華萊士的妻子而壹鳴驚人，獲得金球獎。緊接著她喜訊再至，壹部HBO的《吉娅》又爲她獲得艾米獎提名。年輕的安吉麗娜從此名聲鵲起，成爲好萊塢後起之秀中的佼佼者。1999年的安吉麗娜可謂風頭正足——她壹口氣拍了《空中塞車》、《神秘拼圖》和《移魂女郎》3部影片。2001年她出演了根據遊戲改編的影片《古墓麗影》，更是進壹步讓她廣受關注。2000年與比利·鮑伯·松頓閃電結婚，2003年5月離婚。這段爲時3年的婚姻成爲壹時間的熱門話題。2004年她風頭極勁，連續接演了許多影片，其中有《機動殺人》、《亞曆山大大帝》。2005年她和布拉德·皮特因爲影片《史密斯夫婦》傳出绯聞，皮特與妻子安妮斯頓離婚，和朱莉走到了壹起並生育了壹個女兒。加上朱莉之前領養的三個孩子，這壹家成了“多國大家庭”。朱莉的人氣並沒有因爲這段插曲而下降，反而是水漲船高，接拍的影片也部部有質量保證，她在2007年的《堅強的心》與2008年的《調包嬰兒》中的表演都獲得評論界的盛贊。08年她還主演了備受關注的動作片《通緝令》，並爲動畫片《功夫熊貓》配音。2008年7月，朱莉與皮特迎來新的家庭成員——壹對龍鳳胎。産後的朱莉經過短期休整，迅速地投入到新的工作中去，新作是2010年上映的動作片《特工紹特》。<br/>編輯推薦<br/>安吉麗娜•朱莉執導並制作了這部史詩傳記，跟隨奧運會長跑運動員以及戰爭英雄路易•贊貝裏尼的真實人生。<br/><br/>《堅不可摧》像雞湯，沒多少內涵，也沒太多營養，但成色光鮮，分量夠足，喝下去暖胃挺舒服。寒冬臘月裏，不寄經典之望，來上壹碗無妨。<br/>——騰訊網評<br/><br/>奧斯卡金像獎(2015；第87屆)提名：<br/>奧斯卡獎-最佳攝影羅傑•狄金斯 Roger Deakins<br/>奧斯卡獎-最佳音響效果 Frank A. Montaño David Lee<br/>奧斯卡獎-最佳音效剪輯 Becky Sullivan<br/>特殊說明<br/>載體：BD50<br/>片長：正片137mins 花絮 94mins<br/>畫面：1080P 2.40:1<br/>字幕：中文、英文、葡萄牙文、西班牙文等<br/>音頻：英語原聲DTS HD Master Audio5.1，英語、葡萄牙語、西班牙語等DTS 5.1<br/>花絮音頻：英語原聲 Dolby Digital 2.0 <br/></p><div style=\"display:none;\" id=\"__if72ru4sdfsdfrkjahiuyi_once\"></div><div id=\"__zsc_once\"></div>', '1', '1', '1', '1', '1', '0', '2015-06-18 15:06:19', '0', '2', '0', '3', '100.00', '1.00', '0', '', '堅不可摧(BD50 藍光碟)', '堅不可摧(BD50 藍光碟)', '', '0', '1', '2015-06-18 21:26:19', '1', '1', '4', '', '1', null), ('127', '119', '0', 'hu111', '', 'gs20150618000125', '0.00', '0.00', '0.00', '/data/upload/2015-06-18/5582c1f9f01e0.jpg', '<p>sss<br/></p><div style=\"display:none;\" id=\"__if72ru4sdfsdfrkjahiuyi_once\"></div><div id=\"__zsc_once\"></div>', '0', '0', '0', '0', '0', '0', '2015-06-18 21:05:04', '0', '0', '0', '0', '0.00', '0.00', '0', '', '', '', '', '0', '0', '2015-06-18 21:05:04', '0', '0', '0', '', '0', null);
COMMIT;

-- ----------------------------
--  Table structure for `sp_goods_attr`
-- ----------------------------
DROP TABLE IF EXISTS `sp_goods_attr`;
CREATE TABLE `sp_goods_attr` (
  `id` int(10) unsigned NOT NULL AUTO_INCREMENT,
  `goods_id` mediumint(8) unsigned NOT NULL DEFAULT '0',
  `attr_id` smallint(5) unsigned NOT NULL DEFAULT '0',
  `attr_value` text NOT NULL,
  `img_url` varchar(255) DEFAULT '',
  `attr_price` varchar(255) DEFAULT '',
  `listorder` int(5) NOT NULL DEFAULT '0' COMMENT '排序',
  `create_time` int(11) NOT NULL,
  PRIMARY KEY (`id`),
  KEY `goods_id` (`goods_id`) USING BTREE,
  KEY `attr_id` (`attr_id`) USING BTREE
) ENGINE=MyISAM AUTO_INCREMENT=313 DEFAULT CHARSET=utf8;

-- ----------------------------
--  Records of `sp_goods_attr`
-- ----------------------------
BEGIN;
INSERT INTO `sp_goods_attr` VALUES ('91', '41', '23', '爵士音樂', '', '0', '0', '0'), ('92', '41', '24', '1981', '', '0', '0', '0'), ('98', '41', '33', '爱你er', '', '0', '0', '0'), ('154', '49', '32', '李榮浩', '', '0', '0', '0'), ('97', '43', '33', '爱你一万年', '', '0', '0', '0'), ('222', '53', '34', ' 陈奕迅', '', '0', '0', '0'), ('100', '41', '34', '艺人er', '', '0', '0', '0'), ('101', '43', '24', '1981', '', '0', '0', '0'), ('102', '43', '23', '古典音樂', '', '0', '0', '0'), ('312', '103', '3', '藍光BD', '', '0', '0', '0'), ('104', '41', '3', '藍光BD', '', '', '0', '0'), ('120', '50', '3', '黑膠唱碟', '', '0', '0', '0'), ('106', '43', '35', '黑色', '', '1', '0', '0'), ('107', '43', '35', '白色', '', '22', '0', '0'), ('108', '48', '3', '黑膠唱碟', '', '0', '0', '0'), ('109', '48', '23', '流行音樂', '', '0', '0', '0'), ('110', '48', '33', '哎呦,不错哦', '', '0', '0', '0'), ('111', '48', '34', '周杰伦 (Jay Chou)', '', '0', '0', '0'), ('112', '49', '3', '黑膠唱碟', '', '0', '0', '0'), ('113', '49', '23', '流行音樂', '', '0', '0', '0'), ('114', '49', '29', '2015年1月19日', '', '0', '0', '0'), ('116', '49', '32', '李荣浩', '', '0', '0', '0'), ('117', '49', '34', '李荣浩', '', '0', '0', '0'), ('118', '49', '35', '红色', '', '', '0', '0'), ('121', '50', '23', '流行音樂', '', '0', '0', '0'), ('122', '50', '29', '2015年4月13日', '', '0', '0', '0'), ('158', '89', '3', '黑膠唱碟', '', '0', '0', '0'), ('124', '50', '32', '新地球', '', '0', '0', '0'), ('125', '50', '34', '林俊杰', '', '0', '0', '0'), ('126', '51', '3', '黑膠唱碟', '', '0', '0', '0'), ('127', '51', '23', '流行音樂', '', '0', '0', '0'), ('128', '51', '29', '2015年3月16日', '', '0', '0', '0'), ('152', '50', '31', '北京電視藝術中心有限公司', '', '0', '0', '0'), ('130', '51', '32', 'Play', '', '0', '0', '0'), ('131', '51', '34', '蔡依林', '', '0', '0', '0'), ('132', '51', '24', '1980', '', '0', '0', '0'), ('133', '52', '3', '黑膠唱碟', '', '0', '0', '0'), ('134', '52', '23', '流行音樂', '', '0', '0', '0'), ('135', '52', '29', '2015年2月4日', '', '0', '0', '0'), ('156', '43', '32', '专辑', '', '0', '0', '0'), ('137', '52', '32', '你的爱', '', '0', '0', '0'), ('138', '52', '34', '王力宏', '', '0', '0', '0'), ('139', '53', '3', '黑膠唱碟', '', '0', '0', '0'), ('140', '53', '23', '流行音樂', '', '0', '0', '0'), ('141', '53', '29', '2014年5月15日', '', '0', '0', '0'), ('151', '53', '31', '北京電視藝術中心有限公司', '', '0', '0', '0'), ('143', '53', '32', 'Rice & Shine', '', '0', '0', '0'), ('144', '53', '34', '  点击打开扩展视图        陈奕迅', '', '0', '0', '0'), ('147', '52', '31', '上海新索音樂有限公司', '', '0', '0', '0'), ('157', '43', '34', '艺人', '', '0', '0', '0'), ('159', '89', '23', '流行音樂', '', '0', '0', '0'), ('160', '89', '24', '1982', '', '0', '0', '0'), ('161', '89', '29', '2015年1月30日', '', '0', '0', '0'), ('162', '89', '31', '新彙集團上海聲像出版社', '', '0', '0', '0'), ('163', '89', '32', 'A-Lin:罪惡感 Guilt', '', '0', '0', '0'), ('164', '89', '34', '黃麗玲', '', '0', '0', '0'), ('165', '90', '3', '黑膠唱碟', '', '0', '0', '0'), ('166', '90', '23', '流行音樂', '', '0', '0', '0'), ('167', '90', '24', '1982', '', '0', '0', '0'), ('168', '90', '29', '2014年7月10日', '', '0', '0', '0'), ('169', '90', '31', '上海聲像出版社有限公司', '', '0', '0', '0'), ('170', '90', '32', '五月天 Mayday:步步自選作品輯 ', '', '0', '0', '0'), ('171', '90', '34', '五月天 Mayday', '', '0', '0', '0'), ('172', '91', '3', '黑膠唱碟', '', '0', '0', '0'), ('173', '91', '23', '流行音樂', '', '0', '0', '0'), ('174', '91', '24', '1982', '', '0', '0', '0'), ('175', '91', '29', '2015年4月26日', '', '0', '0', '0'), ('176', '91', '31', '北京電視藝術音像出版社', '', '0', '0', '0'), ('177', '91', '32', 'U87(CD+DVD 14再版', '', '0', '0', '0'), ('178', '91', '34', ' 陳奕迅', '', '0', '0', '0'), ('179', '92', '3', '黑膠唱碟', '', '0', '0', '0'), ('180', '92', '23', '古典音樂', '', '0', '0', '0'), ('181', '92', '24', '1982', '', '0', '0', '0'), ('182', '92', '31', '廣州正翔音像制品有限公司', '', '0', '0', '0'), ('183', '92', '32', '古典極品名盤', '', '0', '0', '0'), ('184', '92', '34', '表演者: 柏林交響樂團 指揮: 卡拉揚', '', '0', '0', '0'), ('185', '53', '35', '红色', '', '1', '0', '0'), ('186', '53', '35', '黑色', '', '2', '0', '0'), ('187', '53', '35', '白色', '', '3', '0', '0'), ('188', '53', '36', '1.3', '', '200', '0', '0'), ('189', '53', '36', '1.7', '', '8', '0', '0'), ('190', '53', '36', '1.6', '', '4', '0', '0'), ('191', '53', '36', '1.4', '', '2', '0', '0'), ('192', '53', '36', '1.5', '', '3', '0', '0'), ('193', '94', '3', '黑膠唱碟', '', '0', '0', '0'), ('194', '94', '23', '爵士音樂', '', '0', '0', '0'), ('195', '94', '24', '1982', '', '0', '0', '0'), ('196', '94', '29', '2015年3月', '', '0', '0', '0'), ('197', '94', '31', '北京東方影音公司', '', '0', '0', '0'), ('198', '94', '32', '情定威尼斯', '', '0', '0', '0'), ('199', '94', '34', '安德烈·瑞歐', '', '0', '0', '0'), ('200', '95', '3', '黑膠唱碟', '', '0', '0', '0'), ('201', '95', '23', '古典音樂', '', '0', '0', '0'), ('202', '95', '24', '1982', '', '0', '0', '0'), ('203', '95', '29', '2009年10月15日', '', '0', '0', '0'), ('204', '95', '31', 'SONY MUSIC ENTERTAINMENT China Holdings Limited.', '', '0', '0', '0'), ('205', '95', '32', '夜曲', '', '0', '0', '0'), ('206', '95', '34', '肖邦', '', '0', '0', '0'), ('207', '96', '3', '黑膠唱碟', '', '0', '0', '0'), ('208', '96', '23', '古典音樂', '', '0', '0', '0'), ('209', '96', '24', '1980', '', '0', '0', '0'), ('210', '96', '29', '2012年7月10日', '', '0', '0', '0'), ('211', '96', '32', '貝多芬交響曲全集', '', '0', '0', '0'), ('212', '96', '34', '貝多芬', '', '0', '0', '0'), ('213', '97', '3', '黑膠唱碟', '', '0', '0', '0'), ('214', '97', '23', '古典音樂', '', '0', '0', '0'), ('215', '97', '24', '1980', '', '0', '0', '0'), ('216', '97', '29', '2009年10月27日', '', '0', '0', '0'), ('217', '97', '31', '中國唱片上海公司', '', '0', '0', '0'), ('218', '97', '32', ' 巴赫:作品精選集(10CD) 套裝 ', '', '0', '0', '0'), ('219', '97', '34', ' 巴赫', '', '0', '0', '0'), ('220', '97', '35', '白色', '', '200', '0', '0'), ('221', '97', '36', '1.6', '', '200', '0', '0'), ('223', '98', '3', '黑膠唱碟', '', '0', '0', '0'), ('224', '98', '23', '爵士音樂', '', '0', '0', '0'), ('225', '98', '29', '2015年6月16日', '', '0', '0', '0'), ('226', '98', '31', '北京電視藝術中心', '', '0', '0', '0'), ('227', '98', '32', '壁花女郎', '', '0', '0', '0'), ('228', '98', '34', '戴安娜•克勞', '', '0', '0', '0'), ('229', '99', '3', '黑膠唱碟', '', '0', '0', '0'), ('230', '99', '23', '爵士音樂', '', '0', '0', '0'), ('231', '99', '24', '1982', '', '0', '0', '0'), ('232', '99', '29', '2009年10月27日', '', '0', '0', '0'), ('233', '99', '31', '北京電視藝術中心有限公司', '', '0', '0', '0'), ('234', '99', '32', '博尼的大冒險', '', '0', '0', '0'), ('235', '99', '34', '王若琳 Joanna Wang', '', '0', '0', '0'), ('236', '100', '3', '黑膠唱碟', '', '0', '0', '0'), ('237', '100', '23', '搖滾音樂', '', '0', '0', '0'), ('238', '100', '24', '1981', '', '0', '0', '0'), ('239', '100', '29', '2015年6月28日', '', '0', '0', '0'), ('240', '100', '31', '北京電視藝術音像出版社', '', '0', '0', '0'), ('241', '100', '32', '黑豹', '', '0', '0', '0'), ('242', '100', '34', '黑豹樂隊', '', '0', '0', '0'), ('243', '101', '3', '黑膠唱碟', '', '0', '0', '0'), ('244', '101', '23', '搖滾音樂', '', '0', '0', '0'), ('245', '101', '24', '1981', '', '0', '0', '0'), ('246', '101', '29', '2015年4月13日', '', '0', '0', '0'), ('247', '101', '31', '中國唱片上海公司', '', '0', '0', '0'), ('248', '101', '32', '無盡的河流', '', '0', '0', '0'), ('249', '101', '34', '平克•弗洛伊德', '', '0', '0', '0'), ('250', '103', '3', '黑膠唱碟', '', '0', '0', '0'), ('251', '103', '23', '搖滾音樂', '', '0', '0', '0'), ('252', '103', '29', '2014年9月18日', '', '0', '0', '0'), ('253', '103', '31', '北京東方影音', '', '0', '0', '0'), ('254', '103', '32', '夏夜音樂會(DVD 2014再版) ', '', '0', '0', '0'), ('255', '104', '3', '黑膠唱碟', '', '0', '0', '0'), ('256', '104', '23', '搖滾音樂', '', '0', '0', '0'), ('257', '104', '29', '2011年11月23日', '', '0', '0', '0'), ('258', '104', '31', 'CNF181159200', '', '0', '0', '0'), ('259', '104', '32', ' 生無所求', '', '0', '0', '0'), ('260', '104', '34', ' 汪峰', '', '0', '0', '0'), ('261', '105', '6', '美国', '', '0', '0', '0'), ('262', '105', '7', '2015', '', '0', '0', '0'), ('263', '105', '25', 'ccc', '', '462', '0', '0'), ('264', '48', '35', '红色', '', '1', '0', '0'), ('265', '48', '35', '黑色', '', '2', '0', '0'), ('266', '48', '35', '白色', '', '3', '0', '0'), ('267', '48', '36', '1.3', '', '1', '0', '0'), ('268', '48', '36', '1.5', '', '3', '0', '0'), ('269', '48', '36', '1.4', '', '2', '0', '0'), ('270', '106', '6', '美国', '', '0', '0', '0'), ('271', '106', '7', '2013', '', '0', '0', '0'), ('272', '107', '6', '其他', '', '0', '0', '0'), ('273', '107', '7', '2014', '', '0', '0', '0'), ('274', '107', '25', 'bb', '', '200', '0', '0'), ('275', '108', '6', '美国', '', '0', '0', '0'), ('276', '108', '7', '2015', '', '0', '0', '0'), ('277', '109', '6', '美国', '', '0', '0', '0'), ('278', '109', '7', '2015', '', '0', '0', '0'), ('279', '110', '6', '德国', '', '0', '0', '0'), ('280', '110', '7', '更早', '', '0', '0', '0'), ('281', '111', '6', '英国', '', '0', '0', '0'), ('282', '111', '7', '2014', '', '0', '0', '0'), ('283', '112', '6', '美国', '', '0', '0', '0'), ('284', '112', '7', '2010', '', '0', '0', '0'), ('285', '113', '6', '美国', '', '0', '0', '0'), ('286', '113', '7', '更早', '', '0', '0', '0'), ('287', '114', '6', '美国', '', '0', '0', '0'), ('288', '114', '7', '2009', '', '0', '0', '0'), ('289', '115', '6', '大陆', '', '0', '0', '0'), ('290', '115', '7', '2014', '', '0', '0', '0'), ('291', '116', '6', '美国', '', '0', '0', '0'), ('292', '116', '7', '2015', '', '0', '0', '0'), ('293', '117', '6', '大陆', '', '0', '0', '0'), ('294', '117', '7', '2015', '', '0', '0', '0'), ('295', '118', '6', '德国', '', '0', '0', '0'), ('296', '118', '7', '2014', '', '0', '0', '0'), ('297', '119', '6', '美国', '', '0', '0', '0'), ('298', '119', '7', '更早', '', '0', '0', '0'), ('299', '120', '6', '美国', '', '0', '0', '0'), ('300', '120', '7', '2012', '', '0', '0', '0'), ('301', '120', '25', 'bb', '', '', '0', '0'), ('302', '121', '6', '美国', '', '0', '0', '0'), ('303', '121', '7', '2009', '', '0', '0', '0'), ('304', '122', '6', '美国', '', '0', '0', '0'), ('305', '122', '7', '2013', '', '0', '0', '0'), ('306', '123', '6', '其他', '', '0', '0', '0'), ('307', '123', '7', '2012', '', '0', '0', '0'), ('308', '124', '6', '美国', '', '0', '0', '0'), ('309', '124', '7', '2010', '', '0', '0', '0'), ('310', '124', '37', '藍光BD', '', '0', '0', '0');
COMMIT;

-- ----------------------------
--  Table structure for `sp_goods_gallery`
-- ----------------------------
DROP TABLE IF EXISTS `sp_goods_gallery`;
CREATE TABLE `sp_goods_gallery` (
  `id` mediumint(8) unsigned NOT NULL AUTO_INCREMENT,
  `pid` mediumint(8) unsigned NOT NULL DEFAULT '0',
  `img_url` varchar(255) NOT NULL DEFAULT '',
  `img_desc` varchar(255) NOT NULL DEFAULT '',
  `thumb_url` varchar(255) NOT NULL DEFAULT '',
  `img_original` varchar(255) DEFAULT '',
  `listorder` int(5) NOT NULL DEFAULT '0' COMMENT '排序',
  PRIMARY KEY (`id`),
  KEY `goods_id` (`pid`) USING BTREE
) ENGINE=MyISAM AUTO_INCREMENT=265 DEFAULT CHARSET=utf8;

-- ----------------------------
--  Records of `sp_goods_gallery`
-- ----------------------------
BEGIN;
INSERT INTO `sp_goods_gallery` VALUES ('123', '33', 'http://images.csdn.net/20150504/1430178343_8318.jpg', 'QQ图片20150420114427', 'http://images.csdn.net/20150504/1430178343_8318.jpg', 'http://images.csdn.net/20150504/1430178343_8318.jpg', '0'), ('124', '4', '/data/upload/555d885d27279.png', 'QQ图片20150420114427', '/data/upload/555d885d27279.png', '/data/upload/555d885d27279.png', '0'), ('125', '4', '/data/upload/555d885d45eb0.png', 'QQ图片20150420114427', '/data/upload/555d885d45eb0.png', '/data/upload/555d885d45eb0.png', '0'), ('126', '4', '/data/upload/555d8dd5299d5.png', 'QQ图片20150420114427', '/data/upload/555d8dd5299d5.png', '/data/upload/555d8dd5299d5.png', '0'), ('127', '4', '/data/upload/555edd176e1d1.jpg', 'QQ图片20150420114427', '/data/upload/555edd176e1d1.jpg', '/data/upload/555edd176e1d1.jpg', '0'), ('128', '4', '/data/upload/555edd17ce110.jpg', 'QQ图片20150420114427', '/data/upload/555edd17ce110.jpg', '/data/upload/555edd17ce110.jpg', '0'), ('129', '4', '/data/upload/2015-05-22/555eff2603583.jpg', 'QQ图片20150420114427', '/data/upload/2015-05-22/555eff2603583.jpg', '/data/upload/2015-05-22/555eff2603583.jpg', '0'), ('130', '4', '/data/upload/2015-05-22/555eff46c42f6.jpg', 'QQ图片20150420114427', '/data/upload/2015-05-22/555eff46c42f6.jpg', '/data/upload/2015-05-22/555eff46c42f6.jpg', '0'), ('131', '6', '/data/upload/2015-05-29/556810fa2c92f.jpg', 'QQ图片20150420114427', '/data/upload/2015-05-29/556810fa2c92f.jpg', '/data/upload/2015-05-29/556810fa2c92f.jpg', '0'), ('132', '6', '/data/upload/2015-05-29/556811848b863.jpg', '01', '/data/upload/2015-05-29/556811848b863.jpg', '/data/upload/2015-05-29/556811848b863.jpg', '0'), ('133', '1', '/data/upload/2015-06-02/556d7fd398562.jpg', 'QQ图片20150420114427', '/data/upload/2015-06-02/556d7fd398562.jpg', '/data/upload/2015-06-02/556d7fd398562.jpg', '0'), ('134', '11', '/data/upload/2015-06-02/556d889ed1451.png', 'login_banner', '/data/upload/2015-06-02/556d889ed1451.png', '/data/upload/2015-06-02/556d889ed1451.png', '0'), ('135', '12', '/data/upload/2015-06-02/556d8a1aa86e7.png', 'login_banner', '/data/upload/2015-06-02/556d8a1aa86e7.png', '/data/upload/2015-06-02/556d8a1aa86e7.png', '0'), ('136', '13', '/data/upload/2015-06-02/556d8a2e69f68.jpg', '02', '/data/upload/2015-06-02/556d8a2e69f68.jpg', '/data/upload/2015-06-02/556d8a2e69f68.jpg', '0'), ('137', '14', '/data/upload/2015-06-02/556d8aceba152.jpg', 'heijiao', '/data/upload/2015-06-02/556d8aceba152.jpg', '/data/upload/2015-06-02/556d8aceba152.jpg', '0'), ('173', '39', '/data/upload/2015-06-04/5570136e72411.jpg', 'QQ图片20150420114427', '/data/upload/2015-06-04/5570136e72411.jpg', '/data/upload/2015-06-04/5570136e72411.jpg', '0'), ('139', '3', '/data/upload/2015-06-03/556e645244ed2.jpg', 'QQ图片20150420114427', '/data/upload/2015-06-03/556e645244ed2.jpg', '/data/upload/2015-06-03/556e645244ed2.jpg', '0'), ('140', '1', '/data/upload/2015-06-03/556e646ca4ff8.jpg', 'QQ图片20150420114427', '/data/upload/2015-06-03/556e646ca4ff8.jpg', '/data/upload/2015-06-03/556e646ca4ff8.jpg', '0'), ('141', '3', '/data/upload/2015-06-03/556e647d91f28.jpg', 'floor_1_side', '/data/upload/2015-06-03/556e647d91f28.jpg', '/data/upload/2015-06-03/556e647d91f28.jpg', '0'), ('142', '4', '/data/upload/2015-06-03/556e64a6c453d.jpg', 'floor_1_side', '/data/upload/2015-06-03/556e64a6c453d.jpg', '/data/upload/2015-06-03/556e64a6c453d.jpg', '0'), ('172', '38', '/data/upload/2015-06-04/55701348f12c1.jpg', 'floor_1_center_2', '/data/upload/2015-06-04/55701348f12c1.jpg', '/data/upload/2015-06-04/55701348f12c1.jpg', '0'), ('144', '15', '/data/upload/2015-06-03/556e6a1a1eff5.jpg', 'slider_img', '/data/upload/2015-06-03/556e6a1a1eff5.jpg', '/data/upload/2015-06-03/556e6a1a1eff5.jpg', '0'), ('145', '3', '/data/upload/2015-06-03/556e711bed780.jpg', '1', '/data/upload/2015-06-03/556e711bed780.jpg', '/data/upload/2015-06-03/556e711bed780.jpg', '0'), ('146', '16', '/data/upload/2015-06-03/556e7172067e2.jpg', 'QQ图片20150420114427', '/data/upload/2015-06-03/556e7172067e2.jpg', '/data/upload/2015-06-03/556e7172067e2.jpg', '0'), ('147', '17', '/data/upload/2015-06-03/556e7172067e2.jpg', '1', '/data/upload/2015-06-03/556e7172067e2.jpg', '/data/upload/2015-06-03/556e7172067e2.jpg', '0'), ('148', '18', '/data/upload/2015-06-03/556e7172067e2.jpg', '1', '/data/upload/2015-06-03/556e7172067e2.jpg', '/data/upload/2015-06-03/556e7172067e2.jpg', '0'), ('149', '19', '/data/upload/2015-06-03/556e7172067e2.jpg', '1', '/data/upload/2015-06-03/556e7172067e2.jpg', '/data/upload/2015-06-03/556e7172067e2.jpg', '0'), ('150', '20', '/data/upload/2015-06-03/556e7172067e2.jpg', '1', '/data/upload/2015-06-03/556e7172067e2.jpg', '/data/upload/2015-06-03/556e7172067e2.jpg', '0'), ('151', '21', '/data/upload/2015-06-03/556e7172067e2.jpg', '1', '/data/upload/2015-06-03/556e7172067e2.jpg', '/data/upload/2015-06-03/556e7172067e2.jpg', '0'), ('152', '22', '/data/upload/2015-06-03/556e7172067e2.jpg', '1', '/data/upload/2015-06-03/556e7172067e2.jpg', '/data/upload/2015-06-03/556e7172067e2.jpg', '0'), ('153', '23', '/data/upload/2015-06-03/556e7172067e2.jpg', '1', '/data/upload/2015-06-03/556e7172067e2.jpg', '/data/upload/2015-06-03/556e7172067e2.jpg', '0'), ('154', '24', '/data/upload/2015-06-03/556e7172067e2.jpg', '1', '/data/upload/2015-06-03/556e7172067e2.jpg', '/data/upload/2015-06-03/556e7172067e2.jpg', '0'), ('155', '25', '/data/upload/2015-06-03/556e7172067e2.jpg', '1', '/data/upload/2015-06-03/556e7172067e2.jpg', '/data/upload/2015-06-03/556e7172067e2.jpg', '0'), ('156', '26', '/data/upload/2015-06-03/556e7172067e2.jpg', '1', '/data/upload/2015-06-03/556e7172067e2.jpg', '/data/upload/2015-06-03/556e7172067e2.jpg', '0'), ('157', '27', '/data/upload/2015-06-03/556e7172067e2.jpg', '1', '/data/upload/2015-06-03/556e7172067e2.jpg', '/data/upload/2015-06-03/556e7172067e2.jpg', '0'), ('158', '28', '/data/upload/2015-06-03/556e7172067e2.jpg', '1', '/data/upload/2015-06-03/556e7172067e2.jpg', '/data/upload/2015-06-03/556e7172067e2.jpg', '0'), ('159', '29', '/data/upload/2015-06-03/556e7172067e2.jpg', '1', '/data/upload/2015-06-03/556e7172067e2.jpg', '/data/upload/2015-06-03/556e7172067e2.jpg', '0'), ('160', '30', '/data/upload/2015-06-03/556e7172067e2.jpg', '1', '/data/upload/2015-06-03/556e7172067e2.jpg', '/data/upload/2015-06-03/556e7172067e2.jpg', '0'), ('161', '31', '/data/upload/2015-06-03/556e7172067e2.jpg', '1', '/data/upload/2015-06-03/556e7172067e2.jpg', '/data/upload/2015-06-03/556e7172067e2.jpg', '0'), ('162', '32', '/data/upload/2015-06-03/556e7172067e2.jpg', '1', '/data/upload/2015-06-03/556e7172067e2.jpg', '/data/upload/2015-06-03/556e7172067e2.jpg', '0'), ('163', '33', '/data/upload/2015-06-03/556e7172067e2.jpg', '1', '/data/upload/2015-06-03/556e7172067e2.jpg', '/data/upload/2015-06-03/556e7172067e2.jpg', '0'), ('164', '34', '/data/upload/2015-06-03/556eae3047831.jpg', 'QQ图片20150420114427', '/data/upload/2015-06-03/556eae3047831.jpg', '/data/upload/2015-06-03/556eae3047831.jpg', '0'), ('165', '35', '/data/upload/2015-06-03/556ec7e82c10a.jpg', 'QQ图片20150420114427', '/data/upload/2015-06-03/556ec7e82c10a.jpg', '/data/upload/2015-06-03/556ec7e82c10a.jpg', '0'), ('166', '36', '/data/upload/2015-06-03/556ece74cee1e.jpg', 'floor_2_04', '/data/upload/2015-06-03/556ece74cee1e.jpg', '/data/upload/2015-06-03/556ece74cee1e.jpg', '0'), ('167', '37', '/data/upload/2015-06-03/556ecec56f158.jpg', 'floor_3_02', '/data/upload/2015-06-03/556ecec56f158.jpg', '/data/upload/2015-06-03/556ecec56f158.jpg', '0'), ('171', '2', '/data/upload/2015-06-04/556febec68cac.jpg', '2', '/data/upload/2015-06-04/556febec68cac.jpg', '/data/upload/2015-06-04/556febec68cac.jpg', '0'), ('170', '2', '/data/upload/2015-06-04/556febec44279.jpg', '1', '/data/upload/2015-06-04/556febec44279.jpg', '/data/upload/2015-06-04/556febec44279.jpg', '0'), ('174', '40', '/data/upload/2015-06-04/55701745c4d55.jpg', 'QQ图片20150420114427', '/data/upload/2015-06-04/55701745c4d55.jpg', '/data/upload/2015-06-04/55701745c4d55.jpg', '0'), ('175', '40', '/data/upload/2015-06-05/557114478cf72.jpg', 'QQ图片20150420114427', '/data/upload/2015-06-05/557114478cf72.jpg', '/data/upload/2015-06-05/557114478cf72.jpg', '0'), ('176', '40', '/data/upload/2015-06-05/55711447b7efc.jpg', 'QQ图片20150420114427', '/data/upload/2015-06-05/55711447b7efc.jpg', '/data/upload/2015-06-05/55711447b7efc.jpg', '0'), ('177', '42', '/data/upload/2015-06-09/557683458bf14.jpg', 'QQ图片20150420114427', '/data/upload/2015-06-09/557683458bf14.jpg', '/data/upload/2015-06-09/557683458bf14.jpg', '0'), ('178', '43', '/data/upload/2015-06-12/557a55626f112.jpg', 'QQ图片20150420114427', '/data/upload-s/2015-06-12/557a55626f112.jpg', '/data/upload/2015-06-12/557a55626f112.jpg', '0'), ('202', '51', '/data/upload/2015-06-17/558134ca7420d.jpg', 'QQ图片20150420114427', '/data/upload-s/2015-06-17/558134ca7420d.jpg', '/data/upload/2015-06-17/558134ca7420d.jpg', '0'), ('201', '51', '/data/upload/2015-06-17/558134ca679ab.jpg', 'QQ图片20150420114427', '/data/upload-s/2015-06-17/558134ca679ab.jpg', '/data/upload/2015-06-17/558134ca679ab.jpg', '0'), ('200', '51', '/data/upload/2015-06-17/558134ca4ff01.jpg', 'QQ图片20150420114427', '/data/upload-s/2015-06-17/558134ca4ff01.jpg', '/data/upload/2015-06-17/558134ca4ff01.jpg', '0'), ('199', '50', '/data/upload/2015-06-17/55812f57bb45e.jpg', 'QQ图片20150420114427', '/data/upload-s/2015-06-17/55812f57bb45e.jpg', '/data/upload/2015-06-17/55812f57bb45e.jpg', '0'), ('198', '49', '/data/upload/2015-06-17/55812daa974d7.jpg', 'QQ图片20150420114427', '/data/upload-s/2015-06-17/55812daa974d7.jpg', '/data/upload/2015-06-17/55812daa974d7.jpg', '0'), ('189', '48', '/data/upload/2015-06-17/5581268294a92.jpg', 'QQ图片20150420114427', '/data/upload-s/2015-06-17/5581268294a92.jpg', '/data/upload/2015-06-17/5581268294a92.jpg', '0'), ('188', '48', '/data/upload/2015-06-17/5581268280e16.jpg', 'QQ图片20150420114427', '/data/upload-s/2015-06-17/5581268280e16.jpg', '/data/upload/2015-06-17/5581268280e16.jpg', '1'), ('203', '51', '/data/upload/2015-06-17/558134ca835d5.jpg', 'QQ图片20150420114427', '/data/upload-s/2015-06-17/558134ca835d5.jpg', '/data/upload/2015-06-17/558134ca835d5.jpg', '0'), ('204', '52', '/data/upload/2015-06-17/558136cd13c38.jpg', 'QQ图片20150420114427', '/data/upload-s/2015-06-17/558136cd13c38.jpg', '/data/upload/2015-06-17/558136cd13c38.jpg', '0'), ('205', '53', '/data/upload/2015-06-17/558138db8090a.jpg', 'QQ图片20150420114427', '/data/upload-s/2015-06-17/558138db8090a.jpg', '/data/upload/2015-06-17/558138db8090a.jpg', '0'), ('206', '89', '/data/upload/2015-06-17/5581439556716.jpg', '81sIbAYA5kL', '/data/upload-s/2015-06-17/5581439556716.jpg', '/data/upload/2015-06-17/5581439556716.jpg', '0'), ('207', '90', '/data/upload/2015-06-17/558144a5a15d9.jpg', '51K-bIiNd8L', '/data/upload-s/2015-06-17/558144a5a15d9.jpg', '/data/upload/2015-06-17/558144a5a15d9.jpg', '0'), ('208', '91', '/data/upload/2015-06-17/558145d0ad09c.jpg', 'QQ图片20150420114427', '/data/upload-s/2015-06-17/558145d0ad09c.jpg', '/data/upload/2015-06-17/558145d0ad09c.jpg', '0'), ('209', '92', '/data/upload/2015-06-17/5581472e48423.jpg', '81NKqPHsB3L', '/data/upload-s/2015-06-17/5581472e48423.jpg', '/data/upload/2015-06-17/5581472e48423.jpg', '0'), ('210', '93', '/data/upload/2015-06-17/558147af1eca1.jpg', 'QQ图片20150420114427', '/data/upload/2015-06-17/558147af1eca1.jpg-s', '/data/upload/2015-06-17/558147af1eca1.jpg', '0'), ('211', '93', '/data/upload/2015-06-17/5581481aafa8e.jpg', 'QQ图片20150420114427', '/data/upload-s/2015-06-17/5581481aafa8e.jpg', '/data/upload/2015-06-17/5581481aafa8e.jpg', '0'), ('212', '94', '/data/upload/2015-06-18/55822756cf505.jpg', 'QQ图片20150420114427', '/data/upload-s/2015-06-18/55822756cf505.jpg', '/data/upload/2015-06-18/55822756cf505.jpg', '0'), ('213', '95', '/data/upload/2015-06-18/55822bf114892.jpg', '51QOcd8UBEL', '/data/upload-s/2015-06-18/55822bf114892.jpg', '/data/upload/2015-06-18/55822bf114892.jpg', '0'), ('214', '95', '/data/upload/2015-06-18/55822bf6a3288.jpg', 'index', '/data/upload-s/2015-06-18/55822bf6a3288.jpg', '/data/upload/2015-06-18/55822bf6a3288.jpg', '0'), ('215', '96', '/data/upload/2015-06-18/55822d2d83bd6.jpg', '61gC9nm7MhL', '/data/upload-s/2015-06-18/55822d2d83bd6.jpg', '/data/upload/2015-06-18/55822d2d83bd6.jpg', '0'), ('216', '97', '/data/upload/2015-06-18/55822e199cfff.jpg', 'QQ图片20150420114427', '/data/upload-s/2015-06-18/55822e199cfff.jpg', '/data/upload/2015-06-18/55822e199cfff.jpg', '0'), ('217', '98', '/data/upload/2015-06-18/55823256bc963.jpg', 'QQ图片20150420114427', '/data/upload-s/2015-06-18/55823256bc963.jpg', '/data/upload/2015-06-18/55823256bc963.jpg', '0'), ('218', '99', '/data/upload/2015-06-18/5582335e56c85.jpg', 'QQ图片20150420114427', '/data/upload-s/2015-06-18/5582335e56c85.jpg', '/data/upload/2015-06-18/5582335e56c85.jpg', '0'), ('219', '100', '/data/upload/2015-06-18/558234789d66a.jpg', '81lrh+4PrHL', '/data/upload-s/2015-06-18/558234789d66a.jpg', '/data/upload/2015-06-18/558234789d66a.jpg', '0'), ('220', '101', '/data/upload/2015-06-18/55823537e8064.jpg', '41XzM8SRQWL', '/data/upload-s/2015-06-18/55823537e8064.jpg', '/data/upload/2015-06-18/55823537e8064.jpg', '0'), ('221', '102', '/data/upload/2015-06-18/5582362855880.jpg', '201142614314278502', '/data/upload-s/2015-06-18/5582362855880.jpg', '/data/upload/2015-06-18/5582362855880.jpg', '0'), ('222', '103', '/data/upload/2015-06-18/5582372271843.jpg', 'QQ图片20150420114427', '/data/upload-s/2015-06-18/5582372271843.jpg', '/data/upload/2015-06-18/5582372271843.jpg', '0'), ('223', '104', '/data/upload/2015-06-18/558238287c631.jpg', 'QQ图片20150420114427', '/data/upload-s/2015-06-18/558238287c631.jpg', '/data/upload/2015-06-18/558238287c631.jpg', '0'), ('224', '104', '/data/upload/2015-06-18/5582387d33692.jpg', 'QQ图片20150420114427', '/data/upload-s/2015-06-18/5582387d33692.jpg', '/data/upload/2015-06-18/5582387d33692.jpg', '0'), ('225', '104', '/data/upload/2015-06-18/5582387d4b340.jpg', 'QQ图片20150420114427', '/data/upload-s/2015-06-18/5582387d4b340.jpg', '/data/upload/2015-06-18/5582387d4b340.jpg', '0'), ('226', '105', '/data/upload/2015-06-18/55823a12838bd.jpg', 'QQ图片20150420114427', '/data/upload-s/2015-06-18/55823a12838bd.jpg', '/data/upload/2015-06-18/55823a12838bd.jpg', '0'), ('227', '105', '/data/upload/2015-06-18/55823a470e800.jpg', 'QQ图片20150420114427', '/data/upload-s/2015-06-18/55823a470e800.jpg', '/data/upload/2015-06-18/55823a470e800.jpg', '0'), ('228', '106', '/data/upload/2015-06-18/55823b5909080.jpg', '712WPPlGy8L', '/data/upload-s/2015-06-18/55823b5909080.jpg', '/data/upload/2015-06-18/55823b5909080.jpg', '0'), ('229', '107', '/data/upload/2015-06-18/55823c842c9f6.jpg', '511YIo4p1ML', '/data/upload-s/2015-06-18/55823c842c9f6.jpg', '/data/upload/2015-06-18/55823c842c9f6.jpg', '0'), ('230', '108', '/data/upload/2015-06-18/55823da1452a6.jpg', 'B00WUA5LZW_04_amzn', '/data/upload-s/2015-06-18/55823da1452a6.jpg', '/data/upload/2015-06-18/55823da1452a6.jpg', '0'), ('231', '108', '/data/upload/2015-06-18/55823da1568a1.jpg', 'B00WUA5LZW_02_amzn', '/data/upload-s/2015-06-18/55823da1568a1.jpg', '/data/upload/2015-06-18/55823da1568a1.jpg', '0'), ('232', '108', '/data/upload/2015-06-18/55823da173201.jpg', '51pcTZfwbYL', '/data/upload-s/2015-06-18/55823da173201.jpg', '/data/upload/2015-06-18/55823da173201.jpg', '0'), ('233', '109', '/data/upload/2015-06-18/55823f339b16d.jpg', 'B00WE66Z1G_03_amzn', '/data/upload-s/2015-06-18/55823f339b16d.jpg', '/data/upload/2015-06-18/55823f339b16d.jpg', '0'), ('234', '109', '/data/upload/2015-06-18/55823f33bb8cf.jpg', 'B00WE66Z1G_06_amzn', '/data/upload-s/2015-06-18/55823f33bb8cf.jpg', '/data/upload/2015-06-18/55823f33bb8cf.jpg', '0'), ('235', '109', '/data/upload/2015-06-18/55823f33d3a51.jpg', 'B00WE66Z1G_05_amzn', '/data/upload-s/2015-06-18/55823f33d3a51.jpg', '/data/upload/2015-06-18/55823f33d3a51.jpg', '0'), ('236', '109', '/data/upload/2015-06-18/55823f33eac5d.jpg', 'B00WE66Z1G_01_amzn', '/data/upload-s/2015-06-18/55823f33eac5d.jpg', '/data/upload/2015-06-18/55823f33eac5d.jpg', '0'), ('237', '109', '/data/upload/2015-06-18/55823f340bb81.jpg', '61gyoGg-qGL', '/data/upload-s/2015-06-18/55823f340bb81.jpg', '/data/upload/2015-06-18/55823f340bb81.jpg', '0'), ('238', '110', '/data/upload/2015-06-18/55823fe7a8df0.jpg', '51a9xJ8Ma1L', '/data/upload-s/2015-06-18/55823fe7a8df0.jpg', '/data/upload/2015-06-18/55823fe7a8df0.jpg', '0'), ('239', '111', '/data/upload/2015-06-18/558240f71c39c.jpg', 'QQ图片20150420114427', '/data/upload-s/2015-06-18/558240f71c39c.jpg', '/data/upload/2015-06-18/558240f71c39c.jpg', '0'), ('247', '113', '/data/upload/2015-06-18/5582655eaede5.jpg', 'B006LD6SV0_01_amzn', '/data/upload-s/2015-06-18/5582655eaede5.jpg', '/data/upload/2015-06-18/5582655eaede5.jpg', '0'), ('246', '112', '/data/upload/2015-06-18/5582616a93c22.jpg', '51aapeh1WKL', '/data/upload-s/2015-06-18/5582616a93c22.jpg', '/data/upload/2015-06-18/5582616a93c22.jpg', '0'), ('245', '112', '/data/upload/2015-06-18/5582616a863e1.jpg', 'B00I0JF0IK_02_amzn', '/data/upload-s/2015-06-18/5582616a863e1.jpg', '/data/upload/2015-06-18/5582616a863e1.jpg', '0'), ('244', '112', '/data/upload/2015-06-18/5582616a6db0f.jpg', 'B00I0JF0IK_06_amzn', '/data/upload-s/2015-06-18/5582616a6db0f.jpg', '/data/upload/2015-06-18/5582616a6db0f.jpg', '0'), ('248', '113', '/data/upload/2015-06-18/5582655ec386b.jpg', '81hCDE3xu1L', '/data/upload-s/2015-06-18/5582655ec386b.jpg', '/data/upload/2015-06-18/5582655ec386b.jpg', '0'), ('249', '114', '/data/upload/2015-06-18/5582663c47d60.jpg', '71HYkFWjR7L', '/data/upload-s/2015-06-18/5582663c47d60.jpg', '/data/upload/2015-06-18/5582663c47d60.jpg', '0'), ('250', '115', '/data/upload/2015-06-18/558266dca1e1d.jpg', '51HPfE5bCDL', '/data/upload-s/2015-06-18/558266dca1e1d.jpg', '/data/upload/2015-06-18/558266dca1e1d.jpg', '0'), ('251', '116', '/data/upload/2015-06-18/558267bc2e602.jpg', 'B00WFRHOZK_01_amzn', '/data/upload-s/2015-06-18/558267bc2e602.jpg', '/data/upload/2015-06-18/558267bc2e602.jpg', '0'), ('252', '116', '/data/upload/2015-06-18/558267bc4fd20.jpg', '518aVvDEyLL', '/data/upload-s/2015-06-18/558267bc4fd20.jpg', '/data/upload/2015-06-18/558267bc4fd20.jpg', '0'), ('253', '117', '/data/upload/2015-06-18/5582684b41fa3.jpg', '51REBOxyLWL', '/data/upload-s/2015-06-18/5582684b41fa3.jpg', '/data/upload/2015-06-18/5582684b41fa3.jpg', '0'), ('254', '118', '/data/upload/2015-06-18/558269108ee50.jpg', '81B45i2lccL', '/data/upload-s/2015-06-18/558269108ee50.jpg', '/data/upload/2015-06-18/558269108ee50.jpg', '0'), ('255', '119', '/data/upload/2015-06-18/558269dd2d533.jpg', '41nJxt9xvgL', '/data/upload-s/2015-06-18/558269dd2d533.jpg', '/data/upload/2015-06-18/558269dd2d533.jpg', '0'), ('256', '120', '/data/upload/2015-06-18/55826a7675e51.jpg', '51rIQ0YpJoL', '/data/upload-s/2015-06-18/55826a7675e51.jpg', '/data/upload/2015-06-18/55826a7675e51.jpg', '0'), ('257', '121', '/data/upload/2015-06-18/55826b2c212fd.jpg', '51rIzb7w1bL', '/data/upload-s/2015-06-18/55826b2c212fd.jpg', '/data/upload/2015-06-18/55826b2c212fd.jpg', '0'), ('258', '122', '/data/upload/2015-06-18/55826c45cbd34.jpg', 'QQ图片20150420114427', '/data/upload-s/2015-06-18/55826c45cbd34.jpg', '/data/upload/2015-06-18/55826c45cbd34.jpg', '0'), ('259', '122', '/data/upload/2015-06-18/55826c45deab1.jpg', 'QQ图片20150420114427', '/data/upload-s/2015-06-18/55826c45deab1.jpg', '/data/upload/2015-06-18/55826c45deab1.jpg', '0'), ('260', '123', '/data/upload/2015-06-18/55826d034e4d7.jpg', 'QQ图片20150420114427', '/data/upload-s/2015-06-18/55826d034e4d7.jpg', '/data/upload/2015-06-18/55826d034e4d7.jpg', '0'), ('261', '123', '/data/upload/2015-06-18/55826d0361afc.jpg', 'QQ图片20150420114427', '/data/upload-s/2015-06-18/55826d0361afc.jpg', '/data/upload/2015-06-18/55826d0361afc.jpg', '0'), ('262', '124', '/data/upload/2015-06-18/55826de85e457.jpg', 'QQ图片20150420114427', '/data/upload-s/2015-06-18/55826de85e457.jpg', '/data/upload/2015-06-18/55826de85e457.jpg', '0'), ('263', '127', '/data/upload/2015-06-18/5582c1f9f01e0.jpg', 'floor_1_side', '/data/upload-s/2015-06-18/5582c1f9f01e0.jpg', '/data/upload/2015-06-18/5582c1f9f01e0.jpg', '0'), ('264', '128', '/data/upload/2015-06-18/5582c31000407.jpg', 'QQ图片20150420114427', '/data/upload-s/2015-06-18/5582c31000407.jpg', '/data/upload/2015-06-18/5582c31000407.jpg', '0');
COMMIT;

-- ----------------------------
--  Table structure for `sp_goods_posts`
-- ----------------------------
DROP TABLE IF EXISTS `sp_goods_posts`;
CREATE TABLE `sp_goods_posts` (
  `goods_id` mediumint(8) unsigned NOT NULL DEFAULT '0',
  `posts_id` mediumint(8) unsigned NOT NULL DEFAULT '0',
  `admin_id` tinyint(3) unsigned NOT NULL DEFAULT '0',
  PRIMARY KEY (`goods_id`,`posts_id`,`admin_id`)
) ENGINE=MyISAM DEFAULT CHARSET=utf8;

-- ----------------------------
--  Table structure for `sp_goods_sort`
-- ----------------------------
DROP TABLE IF EXISTS `sp_goods_sort`;
CREATE TABLE `sp_goods_sort` (
  `id` int(11) unsigned NOT NULL AUTO_INCREMENT COMMENT '自增主键',
  `goods_id` int(10) unsigned NOT NULL DEFAULT '0' COMMENT '商品id',
  `this_week` int(4) NOT NULL DEFAULT '0' COMMENT '本周销量',
  `last_week` int(4) NOT NULL DEFAULT '0' COMMENT '上周销量',
  `this_month` int(4) NOT NULL DEFAULT '0' COMMENT '本月销量',
  `last_month` int(4) NOT NULL DEFAULT '0' COMMENT '上月销量',
  `total` int(4) NOT NULL DEFAULT '0' COMMENT '本周销量',
  `comment` int(4) NOT NULL DEFAULT '0',
  PRIMARY KEY (`id`)
) ENGINE=InnoDB AUTO_INCREMENT=3 DEFAULT CHARSET=utf8;

-- ----------------------------
--  Records of `sp_goods_sort`
-- ----------------------------
BEGIN;
INSERT INTO `sp_goods_sort` VALUES ('1', '43', '2', '6', '5', '6', '9', '10'), ('2', '41', '4', '4', '1', '4', '2', '20');
COMMIT;

-- ----------------------------
--  Table structure for `sp_guestbook`
-- ----------------------------
DROP TABLE IF EXISTS `sp_guestbook`;
CREATE TABLE `sp_guestbook` (
  `id` int(11) NOT NULL AUTO_INCREMENT,
  `full_name` varchar(50) NOT NULL COMMENT '留言者姓名',
  `email` varchar(100) NOT NULL COMMENT '留言者邮箱',
  `title` varchar(255) DEFAULT NULL COMMENT '留言标题',
  `msg` text NOT NULL COMMENT '留言内容',
  `createtime` datetime NOT NULL,
  `status` smallint(2) NOT NULL DEFAULT '1',
  PRIMARY KEY (`id`)
) ENGINE=MyISAM DEFAULT CHARSET=utf8;

-- ----------------------------
--  Table structure for `sp_job_pos`
-- ----------------------------
DROP TABLE IF EXISTS `sp_job_pos`;
CREATE TABLE `sp_job_pos` (
  `id` int(11) unsigned NOT NULL AUTO_INCREMENT,
  `job_id` bigint(20) NOT NULL,
  `type` enum('highlight','recommend','emergency') NOT NULL,
  `start_time` varchar(10) NOT NULL,
  `end_time` varchar(10) NOT NULL,
  `status` tinyint(1) NOT NULL DEFAULT '0' COMMENT '0未开始  1进行中 2已结束',
  PRIMARY KEY (`id`)
) ENGINE=InnoDB AUTO_INCREMENT=7 DEFAULT CHARSET=latin1;

-- ----------------------------
--  Records of `sp_job_pos`
-- ----------------------------
BEGIN;
INSERT INTO `sp_job_pos` VALUES ('4', '2', 'emergency', '1435939200', '1436025600', '1'), ('5', '2', 'highlight', '1435939200', '1436198400', '1'), ('6', '2', 'recommend', '1435939200', '1436112000', '1');
COMMIT;

-- ----------------------------
--  Table structure for `sp_jobs`
-- ----------------------------
DROP TABLE IF EXISTS `sp_jobs`;
CREATE TABLE `sp_jobs` (
  `id` bigint(20) unsigned NOT NULL AUTO_INCREMENT,
  `catid` int(11) NOT NULL COMMENT '分类id',
  `uid` int(11) unsigned NOT NULL COMMENT '发布人id',
  `job_name` varchar(255) CHARACTER SET utf8 NOT NULL COMMENT '职位名称',
  `job_desc` varchar(30) CHARACTER SET utf8 NOT NULL COMMENT '工作简介，不能超过30个字符',
  `job_content` text CHARACTER SET utf8 NOT NULL,
  `emergency` tinyint(1) unsigned NOT NULL DEFAULT '0' COMMENT '1为加急 0正常显示',
  `highlight` tinyint(1) NOT NULL DEFAULT '0' COMMENT '0普通 1高亮',
  `recommend` tinyint(1) NOT NULL DEFAULT '0' COMMENT '置顶 0普通 1置顶',
  `click` bigint(20) unsigned NOT NULL DEFAULT '0',
  `work_start_time` datetime NOT NULL COMMENT '如19:00-20：00',
  `work_end_time` datetime NOT NULL,
  `work_date` varchar(10) NOT NULL COMMENT '工作时间比如2015-09-09',
  `work_start_date` datetime NOT NULL COMMENT '开始工作日期比如2015-09-09',
  `work_end_date` datetime NOT NULL,
  `work_total_date` float(10,2) unsigned NOT NULL COMMENT '总共工作多少小时',
  `work_pay` decimal(10,2) NOT NULL COMMENT '报酬  10.5元/小时',
  `pay_method` tinyint(1) NOT NULL COMMENT '0现金  1转账',
  `pay_date` tinyint(1) NOT NULL COMMENT '结算时间，0日结，1定期结算',
  `work_province` int(11) NOT NULL COMMENT '工作省份',
  `work_city` int(11) NOT NULL COMMENT '工作城市',
  `work_area` int(11) NOT NULL COMMENT '工作地区',
  `work_nature` int(11) NOT NULL COMMENT '工作性质，关联nature表 如小时工，计时工',
  `work_address` varchar(255) CHARACTER SET utf8 NOT NULL COMMENT '工作详细地址',
  `work_map_x` double(9,6) NOT NULL,
  `work_map_y` double(9,6) NOT NULL,
  `addtime` varchar(10) NOT NULL COMMENT '添加时间',
  `offline_time` varchar(10) NOT NULL,
  `refreshtime` varchar(10) NOT NULL COMMENT '刷新时间',
  `status` tinyint(3) NOT NULL DEFAULT '0' COMMENT '状态 0审核中    2审核通过 3审核不通过 4下架',
  PRIMARY KEY (`id`)
) ENGINE=InnoDB AUTO_INCREMENT=9 DEFAULT CHARSET=latin1;

-- ----------------------------
--  Records of `sp_jobs`
-- ----------------------------
BEGIN;
INSERT INTO `sp_jobs` VALUES ('1', '126', '15', '????????', '???', '????????????????????????', '0', '0', '0', '0', '0000-00-00 00:00:00', '0000-00-00 00:00:00', '', '2015-06-02 00:00:00', '2015-06-10 00:00:00', '34.00', '22.00', '0', '0', '4', '55', '539', '1', '34343vre ', '110.200000', '114.200000', '', '', '', '2'), ('2', '126', '15', '招聘小时工待遇好', '带小孩', '对方的奋斗史德国的非官方大哥奋斗过分过分的发光管', '0', '0', '0', '0', '0000-00-00 00:00:00', '0000-00-00 00:00:00', '', '2015-06-12 00:00:00', '2015-06-16 00:00:00', '34.00', '22.00', '0', '0', '12', '171', '1458', '1', '34343vre fdsfdsfsd', '110.200000', '114.200000', '', '', '1435974854', '2'), ('3', '126', '15', '招聘小时工待遇好修改了', '带小孩', '对方的奋斗史德国的非官方大哥奋斗过分过分的发光管', '0', '0', '0', '0', '0000-00-00 00:00:00', '0000-00-00 00:00:00', '', '2015-06-02 00:00:00', '2015-06-10 00:00:00', '34.00', '22.00', '0', '0', '6', '84', '772', '1', '34343vre ', '110.200000', '114.200000', '', '', '', '2'), ('4', '126', '15', '招聘小时工待遇好ddd', '带小孩', '对方的奋斗史德国的非官方大哥奋斗过分过分的发光管', '0', '0', '0', '0', '0000-00-00 00:00:00', '0000-00-00 00:00:00', '', '2015-06-02 00:00:00', '2015-06-10 00:00:00', '34.00', '22.00', '0', '0', '16', '223', '1880', '1', '34343vre ', '110.200000', '114.200000', '', '', '', '2'), ('5', '126', '15', '招聘小时工待遇好', '带小孩', '对方的奋斗史德国的非官方大哥奋斗过分过分的发光管', '0', '0', '0', '0', '0000-00-00 00:00:00', '0000-00-00 00:00:00', '', '2015-06-02 00:00:00', '2015-06-10 00:00:00', '34.00', '22.00', '0', '0', '6', '81', '754', '1', '34343vre ', '110.200000', '114.200000', '', '', '', '2'), ('6', '126', '15', '招聘小时工待遇好', '带小孩', '对方的奋斗史德国的非官方大哥奋斗过分过分的发光管', '0', '0', '0', '0', '0000-00-00 00:00:00', '0000-00-00 00:00:00', '', '2015-06-02 00:00:00', '2015-06-10 00:00:00', '34.00', '22.00', '0', '0', '5', '66', '633', '1', '34343vre ', '110.200000', '114.200000', '', '', '1435587411', '2'), ('7', '126', '15', '招聘小时工待遇好erewrew', '带小孩', '对方的奋斗史德国的非官方大哥奋斗过分过分的发光管', '0', '0', '0', '0', '0000-00-00 00:00:00', '0000-00-00 00:00:00', '', '2015-06-02 00:00:00', '2015-06-10 00:00:00', '34.00', '22.00', '0', '0', '3', '38', '418', '1', '34343vre ', '110.200000', '114.200000', '', '', '', '2'), ('8', '126', '15', '大幅度', '的的', '地方地方都是发生的事分手是大事', '0', '0', '0', '0', '0000-00-00 00:00:00', '0000-00-00 00:00:00', '', '2015-06-02 00:00:00', '2015-06-23 00:00:00', '22.00', '2.00', '0', '0', '13', '186', '1589', '1', '222搜索', '110.200000', '114.200000', '1435585466', '1435974651', '1435587719', '4');
COMMIT;

-- ----------------------------
--  Table structure for `sp_link_goods`
-- ----------------------------
DROP TABLE IF EXISTS `sp_link_goods`;
CREATE TABLE `sp_link_goods` (
  `goods_id` mediumint(8) unsigned NOT NULL DEFAULT '0',
  `link_goods_id` mediumint(8) unsigned NOT NULL DEFAULT '0',
  `is_double` tinyint(1) unsigned NOT NULL DEFAULT '0',
  `admin_id` tinyint(3) unsigned NOT NULL DEFAULT '0',
  PRIMARY KEY (`goods_id`,`link_goods_id`,`admin_id`)
) ENGINE=MyISAM DEFAULT CHARSET=utf8;

-- ----------------------------
--  Records of `sp_link_goods`
-- ----------------------------
BEGIN;
INSERT INTO `sp_link_goods` VALUES ('33', '31', '0', '1'), ('33', '32', '0', '1'), ('40', '38', '0', '1'), ('40', '37', '0', '1');
COMMIT;

-- ----------------------------
--  Table structure for `sp_link_posts`
-- ----------------------------
DROP TABLE IF EXISTS `sp_link_posts`;
CREATE TABLE `sp_link_posts` (
  `goods_id` mediumint(8) unsigned NOT NULL DEFAULT '0',
  `posts_id` mediumint(8) unsigned NOT NULL DEFAULT '0',
  `admin_id` tinyint(3) unsigned NOT NULL DEFAULT '0',
  PRIMARY KEY (`goods_id`,`posts_id`,`admin_id`)
) ENGINE=MyISAM DEFAULT CHARSET=utf8;

-- ----------------------------
--  Records of `sp_link_posts`
-- ----------------------------
BEGIN;
INSERT INTO `sp_link_posts` VALUES ('4', '2', '1'), ('4', '7', '1'), ('4', '8', '1'), ('4', '12', '1'), ('4', '13', '1'), ('4', '14', '1'), ('4', '15', '1'), ('33', '6', '1'), ('33', '10', '1'), ('33', '15', '1');
COMMIT;

-- ----------------------------
--  Table structure for `sp_links`
-- ----------------------------
DROP TABLE IF EXISTS `sp_links`;
CREATE TABLE `sp_links` (
  `link_id` bigint(20) unsigned NOT NULL AUTO_INCREMENT,
  `link_url` varchar(255) NOT NULL COMMENT '友情链接地址',
  `link_name` varchar(255) NOT NULL COMMENT '友情链接名称',
  `link_image` varchar(255) DEFAULT NULL COMMENT '友情链接图标',
  `link_target` varchar(25) NOT NULL DEFAULT '_blank' COMMENT '友情链接打开方式',
  `link_description` text NOT NULL COMMENT '友情链接描述',
  `link_status` int(2) NOT NULL DEFAULT '1',
  `link_rating` int(11) NOT NULL DEFAULT '0' COMMENT '友情链接评级',
  `link_rel` varchar(255) DEFAULT '',
  `listorder` int(10) NOT NULL DEFAULT '0' COMMENT '排序',
  PRIMARY KEY (`link_id`),
  KEY `link_visible` (`link_status`)
) ENGINE=MyISAM AUTO_INCREMENT=2 DEFAULT CHARSET=utf8;

-- ----------------------------
--  Records of `sp_links`
-- ----------------------------
BEGIN;
INSERT INTO `sp_links` VALUES ('1', 'http://www.hmv.com', 'hmv', '', '_blank', '', '1', '0', '', '0');
COMMIT;

-- ----------------------------
--  Table structure for `sp_member`
-- ----------------------------
DROP TABLE IF EXISTS `sp_member`;
CREATE TABLE `sp_member` (
  `id` bigint(20) unsigned NOT NULL AUTO_INCREMENT,
  `utype` tinyint(1) unsigned NOT NULL DEFAULT '0' COMMENT '0未确认，1个人，2企业',
  `user_login` varchar(60) NOT NULL DEFAULT '' COMMENT '用户名',
  `user_pass` varchar(64) NOT NULL DEFAULT '' COMMENT '登录密码；sp_password加密',
  `user_realname` varchar(20) NOT NULL,
  `user_nicename` varchar(50) NOT NULL DEFAULT '' COMMENT '用户美名',
  `user_email` varchar(100) DEFAULT '' COMMENT '登录邮箱',
  `user_phone` varchar(11) DEFAULT '',
  `user_url` varchar(100) DEFAULT '' COMMENT '用户个人网站',
  `avatar` varchar(255) DEFAULT NULL COMMENT '用户头像，相对于upload/avatar目录',
  `avatar_small` varchar(255) DEFAULT NULL,
  `avatar_large` varchar(255) DEFAULT NULL,
  `avatar_origin` varchar(255) DEFAULT NULL,
  `sex` smallint(1) DEFAULT '0' COMMENT '性别；0：保密，1：男；2：女',
  `birthday` date DEFAULT NULL COMMENT '生日',
  `constellation` smallint(1) DEFAULT NULL COMMENT '星座',
  `address` varchar(255) DEFAULT NULL COMMENT '居住地',
  `signature` varchar(255) DEFAULT NULL COMMENT '个性签名',
  `last_login_ip` varchar(16) DEFAULT NULL COMMENT '最后登录ip',
  `last_login_time` datetime DEFAULT '0000-00-00 00:00:00' COMMENT '最后登录时间',
  `create_time` datetime DEFAULT '0000-00-00 00:00:00' COMMENT '注册时间',
  `user_activation_key` varchar(60) DEFAULT '' COMMENT '激活码',
  `user_status` int(11) DEFAULT '1' COMMENT '用户状态 0：禁用； 1：正常 ；2：未验证',
  `pay_points` int(10) unsigned DEFAULT '0' COMMENT '消费积分',
  `freeze_points` int(10) unsigned DEFAULT '0' COMMENT '冻结积分,支付后,用户确认收货前的中间状态',
  `rank_points` int(10) unsigned DEFAULT '0' COMMENT '等级积分',
  PRIMARY KEY (`id`),
  KEY `user_login_key` (`user_login`),
  KEY `user_nicename` (`user_nicename`)
) ENGINE=MyISAM AUTO_INCREMENT=19 DEFAULT CHARSET=utf8;

-- ----------------------------
--  Records of `sp_member`
-- ----------------------------
BEGIN;
INSERT INTO `sp_member` VALUES ('1', '0', '11', '1111', '', '111', '', null, '', null, null, null, null, '0', '2015-06-10', '0', '', null, '', '0000-00-00 00:00:00', '0000-00-00 00:00:00', '', '1', '10', '0', '1110'), ('6', '0', 'admin@hmv.com.hk', 'c535018ee946e10adc3949ba59abbe56e057f20f883e89af', 'sdf fdfgdsfgdsfsdfsd', 'edsfsdv', 'admin@hmv.com.hk', null, '', '/data/upload/avatar/6_2_20150616115541_623_XLC90XAM.jpg', '/data/upload/avatar/6_1_20150616115541_623_XLC90XAM.jpg', '/data/upload/avatar/6_3_20150616115541_623_XLC90XAM.jpg', '/data/upload/avatar/6_origin.jpg?angle=0&zoom=1&x=86&y=86&x1=85&y1=85&w=130&h=130&b=0&c=0&s=0', '0', '1997-05-03', '0', 'sdfsdf', null, '127.0.0.1', '2015-06-19 09:51:06', '2015-06-05 11:09:35', '', '1', '1091', '4294967295', '50'), ('7', '0', 'wachwl@qq.com', 'c535018ee94696e79218965eb72c92a549dd5a33011289af', '', 'wachwl@qq.com', 'wachwl@qq.com', null, '', null, null, null, null, '0', null, '0', '', null, '192.168.2.144', '2015-06-19 17:49:38', '2015-06-05 15:41:42', '23eb4b846ce5a71232da21a1941e78c7', '2', '0', '0', '0'), ('8', '0', 'sdfsdf@df.df', 'c535018ee94696e79218965eb72c92a549dd5a33011289af', '', 'sdfsdf@df.df', 'sdfsdf@df.df', null, '', null, null, null, null, '0', null, '0', '', null, '127.0.0.1', '2015-06-10 10:21:37', '2015-06-10 10:21:30', 'c426c540cd10de0b13c7b8f8c98f64e2', '2', '0', '0', '0'), ('9', '0', '13888888888', 'c535018ee946e10adc3949ba59abbe56e057f20f883e89af', '', '13888888888', null, '13888888888', '', null, null, null, null, '0', null, '0', '', null, '127.0.0.1', '2015-06-18 16:11:21', '2015-06-10 10:57:01', '', '1', '0', '0', '0'), ('10', '0', 'lzm.kof@yeah.net', 'c535018ee9466846860684f05029abccc09a53cd66f189af', '', 'lzm.kof@yeah.net', 'lzm.kof@yeah.net', null, '', null, null, null, null, '0', null, '0', '', null, '192.168.2.227', '2015-06-16 14:48:44', '2015-06-12 16:59:02', 'b2869e40bb630f575d8878b3dbb5e634', '2', '0', '0', '0'), ('11', '0', 'situ@vsoyou.com', 'c535018ee946e10adc3949ba59abbe56e057f20f883e89af', '', 'situ@vsoyou.com', 'situ@vsoyou.com', null, '', null, null, null, null, '0', null, '0', '', null, '192.168.2.163', '2015-06-12 17:11:01', '2015-06-12 17:10:47', '', '1', '0', '0', '0'), ('12', '0', '12222@qq.com', 'c535018ee94696e79218965eb72c92a549dd5a33011289af', '', '12222@qq.com', '12222@qq.com', null, '', null, null, null, null, '0', null, '0', '', null, '192.168.2.97', '2015-06-15 18:31:28', '2015-06-15 18:31:28', '', '1', '587', '4294967295', '0'), ('13', '0', '824692746@qq.com', 'c535018ee94625f9e794323b453885f5181f1b624d0b89af', '', '824692746@qq.com', '824692746@qq.com', null, '', '/data/upload/avatar/13_2_20150616173650_602_IDE6UGDI.jpg', '/data/upload/avatar/13_1_20150616173650_602_IDE6UGDI.jpg', '/data/upload/avatar/13_3_20150616173650_602_IDE6UGDI.jpg', '/data/upload/avatar/13_origin.png?angle=0&zoom=0.6&x=87&y=117.4&x1=85&y1=74&w=130&h=130&b=0&c=0&s=0', '0', null, '0', '', null, '0.0.0.0', '2015-06-23 15:49:08', '2015-06-16 09:40:02', '', '1', '0', '0', '0'), ('14', '0', 'liufei@vsoyou.com', 'c535018ee94696e79218965eb72c92a549dd5a33011289af', '', 'liufei@vsoyou.com', 'liufei@vsoyou.com', null, '', null, null, null, null, '0', null, '0', '', null, '127.0.0.1', '2015-06-23 09:57:29', '2015-06-17 14:44:57', 'ae3377a09ccb621b4d18a9c5186b57e3', '2', '0', '0', '0'), ('15', '1', 'yqbaa@qq.com', 'c535018ee946cee5f5b682b68b64d713c119e49e544a89af', '', 'yqbaa@qq.com', 'yqbaa@qq.com', null, '', '/data/upload/avatar/15_2_20150623143729_532_41LFFGFL.jpg', '/data/upload/avatar/15_1_20150623143729_532_41LFFGFL.jpg', '/data/upload/avatar/15_3_20150623143729_532_41LFFGFL.jpg', '/data/upload/avatar/15_origin.jpg?angle=0&zoom=1&x=106&y=106&x1=105&y1=105&w=90&h=90&b=0&c=0&s=0', '0', null, '0', '', null, '127.0.0.1', '2015-07-04 09:47:50', '2015-06-23 11:30:02', '', '1', '0', '0', '0'), ('16', '0', 'yqbaal@qq.com', 'c535018ee946cee5f5b682b68b64d713c119e49e544a89af', '', 'yqbaal@qq.com', 'yqbaal@qq.com', null, '', null, null, null, null, '0', null, null, null, null, '127.0.0.1', '2015-06-26 22:39:25', '2015-06-26 22:39:25', '', '2', '0', '0', '0'), ('17', '0', 'yqbaal3@qq.com', 'c535018ee946cee5f5b682b68b64d713c119e49e544a89af', '', 'yqbaal3@qq.com', 'yqbaal3@qq.com', null, '', null, null, null, null, '0', null, null, null, null, '127.0.0.1', '2015-06-26 22:40:27', '2015-06-26 22:40:27', '', '2', '0', '0', '0'), ('18', '0', 'yqbaal33@qq.com', 'c535018ee946cee5f5b682b68b64d713c119e49e544a89af', '', 'yqbaal33@qq.com', 'yqbaal33@qq.com', null, '', null, null, null, null, '0', null, null, null, null, '127.0.0.1', '2015-06-26 22:41:14', '2015-06-26 22:41:14', '5ee7238ea4586774f3a42ce03bb2a8c8', '2', '0', '0', '0');
COMMIT;

-- ----------------------------
--  Table structure for `sp_member_address`
-- ----------------------------
DROP TABLE IF EXISTS `sp_member_address`;
CREATE TABLE `sp_member_address` (
  `address_id` mediumint(8) unsigned NOT NULL AUTO_INCREMENT,
  `address_name` varchar(50) DEFAULT '',
  `member_id` mediumint(8) unsigned NOT NULL DEFAULT '0',
  `consignee` varchar(60) NOT NULL DEFAULT '',
  `email` varchar(60) DEFAULT '',
  `country` smallint(5) NOT NULL DEFAULT '0',
  `province` smallint(5) DEFAULT '0',
  `city` smallint(5) DEFAULT '0',
  `district` smallint(5) DEFAULT '0',
  `address` varchar(120) NOT NULL DEFAULT '',
  `zipcode` varchar(60) DEFAULT '',
  `tel` varchar(60) DEFAULT '',
  `mobile` varchar(60) DEFAULT '',
  `sign_building` varchar(120) DEFAULT '',
  `best_time` varchar(120) DEFAULT '',
  `is_default` tinyint(1) unsigned DEFAULT '0',
  PRIMARY KEY (`address_id`),
  KEY `user_id` (`member_id`)
) ENGINE=MyISAM AUTO_INCREMENT=43 DEFAULT CHARSET=utf8;

-- ----------------------------
--  Records of `sp_member_address`
-- ----------------------------
BEGIN;
INSERT INTO `sp_member_address` VALUES ('33', '', '13', 'zhanggong', '88888@qq.com', '1', '6', '77', '0', 'dongfangkejidasha', '', '', '134123123123', '', '', '1'), ('30', '', '12', '李斯', '', '1', '6', '77', '0', '东方科技大厦1901室', '', '', '13999999999', '', '', '1'), ('37', '', '14', '小米', '11@22.com', '1', '33', '0', '0', '东方科技大厦1901室', '', '1-2-3', '13333333333', '', '', '1'), ('34', '', '6', '李斯', '22@11', '1', '0', '0', '0', 'xx路xx街道', '', '1-2-3', '13333333333', '', '', '0'), ('35', '', '6', '11', '121212', '3409', '0', '0', '0', '1212dfdf', '', '', '', '', '', '0'), ('20', '', '7', 'sdfs', 'dsf', '1', '0', '0', '0', 'sdfsf', '', '', 'sdfs', '', '', '1'), ('36', '', '6', 'sdfsd f', '', '1', '0', '0', '0', 'sdf sd ', '', '', '', '', '', '1'), ('38', '', '9', '1212', '1212', '1', '3', '37', '0', '1212', '', '', '1212', '', '', '1'), ('41', '', '15', '恩恩', 'yqbaa@qq.com', '1', '4', '55', '0', '第三方的双丰收的说法都是', '', '', '13127736355', '', '', '1'), ('42', '', '15', '恩恩', 'yqbaa@qq.com', '1', '4', '55', '0', '第三方的双丰收的说法都是', '', '', '13127736355', '', '', '0');
COMMIT;

-- ----------------------------
--  Table structure for `sp_member_fav`
-- ----------------------------
DROP TABLE IF EXISTS `sp_member_fav`;
CREATE TABLE `sp_member_fav` (
  `id` int(10) unsigned NOT NULL AUTO_INCREMENT,
  `uid` int(10) unsigned NOT NULL,
  `goods_id` int(10) unsigned NOT NULL,
  `add_time` int(10) unsigned DEFAULT NULL,
  PRIMARY KEY (`id`)
) ENGINE=MyISAM AUTO_INCREMENT=24 DEFAULT CHARSET=latin1;

-- ----------------------------
--  Records of `sp_member_fav`
-- ----------------------------
BEGIN;
INSERT INTO `sp_member_fav` VALUES ('19', '9', '92', '1434620078'), ('18', '6', '92', '1434592940'), ('8', '7', '42', '1433918331'), ('17', '6', '46', '1434423593'), ('9', '7', '41', '1433918334'), ('20', '6', '48', '1434681029'), ('21', '15', '91', '1435035195'), ('22', '15', '103', '1435041871'), ('23', '15', '97', '1435041898');
COMMIT;

-- ----------------------------
--  Table structure for `sp_member_favorites`
-- ----------------------------
DROP TABLE IF EXISTS `sp_member_favorites`;
CREATE TABLE `sp_member_favorites` (
  `id` int(11) NOT NULL AUTO_INCREMENT,
  `uid` bigint(20) DEFAULT NULL,
  `title` varchar(255) DEFAULT NULL COMMENT '收藏内容的标题',
  `url` varchar(255) DEFAULT NULL COMMENT '收藏内容的原文地址，不带域名',
  `description` varchar(500) DEFAULT NULL COMMENT '收藏内容的描述',
  `table` varchar(50) DEFAULT NULL COMMENT '收藏实体以前所在表，不带前缀',
  `object_id` int(11) DEFAULT NULL COMMENT '收藏内容原来的主键id',
  `createtime` int(11) DEFAULT NULL,
  PRIMARY KEY (`id`),
  KEY `uid` (`uid`)
) ENGINE=MyISAM DEFAULT CHARSET=utf8;

-- ----------------------------
--  Table structure for `sp_member_points`
-- ----------------------------
DROP TABLE IF EXISTS `sp_member_points`;
CREATE TABLE `sp_member_points` (
  `id` int(11) unsigned NOT NULL AUTO_INCREMENT,
  `member_id` int(11) NOT NULL DEFAULT '0',
  `type` tinyint(1) unsigned NOT NULL DEFAULT '0' COMMENT '积分变化类型:0为系统管理员后台操作,1为增加积分,2为消费积分',
  `affected_type` tinyint(1) unsigned NOT NULL DEFAULT '0' COMMENT '1为积分减少,2为积分增加,3为冻结积分增加,4为冻结积分减少',
  `affected_points` int(10) NOT NULL DEFAULT '0' COMMENT '受影响的积分,正表示增加,负表示减少',
  `affected_rank_points` int(10) unsigned NOT NULL DEFAULT '0' COMMENT '影响的总积分,此字段只能为正',
  `remark` varchar(255) NOT NULL DEFAULT '',
  `order_sn` varchar(100) NOT NULL DEFAULT '0' COMMENT '积分付款的订单编号',
  `create_time` int(10) unsigned NOT NULL DEFAULT '0',
  PRIMARY KEY (`id`),
  KEY `user_id` (`member_id`)
) ENGINE=MyISAM AUTO_INCREMENT=11 DEFAULT CHARSET=utf8;

-- ----------------------------
--  Records of `sp_member_points`
-- ----------------------------
BEGIN;
INSERT INTO `sp_member_points` VALUES ('1', '6', '1', '1', '-100', '0', '支付订单', '20150615062341788', '1434363821'), ('2', '6', '1', '3', '100', '0', '冻结积分', '20150615062341788', '1434363821'), ('3', '6', '1', '4', '-100', '0', '消费成功', '20150615062341788', '1434363959'), ('4', '6', '1', '4', '-100', '0', '消费成功', '20150615062341788', '1434364019'), ('5', '6', '1', '2', '191', '0', '订单赠送积分', '20150615062341788', '1434364019'), ('6', '12', '1', '1', '-100', '0', '支付订单', '20150615063928151', '1434364768'), ('7', '12', '1', '3', '100', '0', '冻结积分', '20150615063928151', '1434364768'), ('8', '12', '1', '4', '-100', '0', '消费成功', '20150615063928151', '1434364816'), ('9', '12', '1', '4', '-100', '0', '消费成功', '20150615063928151', '1434364986'), ('10', '12', '1', '2', '187', '0', '订单赠送积分', '20150615063928151', '1434364986');
COMMIT;

-- ----------------------------
--  Table structure for `sp_member_score`
-- ----------------------------
DROP TABLE IF EXISTS `sp_member_score`;
CREATE TABLE `sp_member_score` (
  `id` int(11) unsigned NOT NULL AUTO_INCREMENT,
  `member_id` int(11) NOT NULL DEFAULT '0',
  `pay_points` int(10) NOT NULL DEFAULT '0',
  `rank_points` int(10) NOT NULL DEFAULT '0',
  `remark` varchar(255) NOT NULL DEFAULT '',
  `create_time` int(11) NOT NULL DEFAULT '0',
  PRIMARY KEY (`id`),
  KEY `user_id` (`member_id`)
) ENGINE=MyISAM DEFAULT CHARSET=utf8;

-- ----------------------------
--  Table structure for `sp_menu`
-- ----------------------------
DROP TABLE IF EXISTS `sp_menu`;
CREATE TABLE `sp_menu` (
  `id` smallint(6) unsigned NOT NULL AUTO_INCREMENT,
  `parentid` smallint(6) unsigned NOT NULL DEFAULT '0',
  `app` char(20) NOT NULL COMMENT '应用名称app',
  `model` char(20) NOT NULL COMMENT '控制器',
  `action` char(20) NOT NULL COMMENT '操作名称',
  `data` char(50) NOT NULL COMMENT '额外参数',
  `type` tinyint(1) NOT NULL DEFAULT '0' COMMENT '菜单类型  1：权限认证+菜单；0：只作为菜单',
  `status` tinyint(1) unsigned NOT NULL DEFAULT '0' COMMENT '状态，1显示，0不显示',
  `name` varchar(50) NOT NULL COMMENT '菜单名称',
  `icon` varchar(50) DEFAULT NULL COMMENT '菜单图标',
  `remark` varchar(255) NOT NULL COMMENT '备注',
  `listorder` smallint(6) unsigned NOT NULL DEFAULT '0' COMMENT '排序ID',
  PRIMARY KEY (`id`),
  KEY `status` (`status`),
  KEY `parentid` (`parentid`),
  KEY `model` (`model`)
) ENGINE=MyISAM AUTO_INCREMENT=195 DEFAULT CHARSET=utf8;

-- ----------------------------
--  Records of `sp_menu`
-- ----------------------------
BEGIN;
INSERT INTO `sp_menu` VALUES ('1', '0', 'Admin', 'Content', 'default', '', '0', '1', '内容管理', 'th', '', '30'), ('2', '1', 'Api', 'Guestbookadmin', 'index', '', '1', '1', '所有留言', '', '', '5'), ('3', '2', 'Api', 'Guestbookadmin', 'delete', '', '1', '0', '删除网站留言', '', '', '0'), ('4', '1', 'Comment', 'Commentadmin', 'index', '', '1', '1', '文章评论', '', '', '4'), ('5', '4', 'Comment', 'Commentadmin', 'delete', '', '1', '0', '删除评论', '', '', '0'), ('6', '4', 'Comment', 'Commentadmin', 'check', '', '1', '0', '评论审核', '', '', '0'), ('7', '1', 'Portal', 'AdminPost', 'index', '', '1', '1', '文章管理', '', '', '1'), ('8', '7', 'Portal', 'AdminPost', 'listorders', '', '1', '0', '文章排序', '', '', '0'), ('9', '7', 'Portal', 'AdminPost', 'top', '', '1', '0', '文章置顶', '', '', '0'), ('10', '7', 'Portal', 'AdminPost', 'recommend', '', '1', '0', '文章推荐', '', '', '0'), ('11', '7', 'Portal', 'AdminPost', 'move', '', '1', '0', '批量移动', '', '', '1000'), ('12', '7', 'Portal', 'AdminPost', 'check', '', '1', '0', '文章审核', '', '', '1000'), ('13', '7', 'Portal', 'AdminPost', 'delete', '', '1', '0', '删除文章', '', '', '1000'), ('14', '7', 'Portal', 'AdminPost', 'edit', '', '1', '0', '编辑文章', '', '', '1000'), ('15', '14', 'Portal', 'AdminPost', 'edit_post', '', '1', '0', '提交编辑', '', '', '0'), ('16', '7', 'Portal', 'AdminPost', 'add', '', '1', '0', '添加文章', '', '', '1000'), ('17', '16', 'Portal', 'AdminPost', 'add_post', '', '1', '0', '提交添加', '', '', '0'), ('18', '1', 'Portal', 'AdminTerm', 'index', '', '0', '1', '分类管理', '', '', '2'), ('19', '18', 'Portal', 'AdminTerm', 'listorders', '', '1', '0', '文章分类排序', '', '', '0'), ('20', '18', 'Portal', 'AdminTerm', 'delete', '', '1', '0', '删除分类', '', '', '1000'), ('21', '18', 'Portal', 'AdminTerm', 'edit', '', '1', '0', '编辑分类', '', '', '1000'), ('22', '21', 'Portal', 'AdminTerm', 'edit_post', '', '1', '0', '提交编辑', '', '', '0'), ('23', '18', 'Portal', 'AdminTerm', 'add', '', '1', '0', '添加分类', '', '', '1000'), ('24', '23', 'Portal', 'AdminTerm', 'add_post', '', '1', '0', '提交添加', '', '', '0'), ('25', '1', 'Portal', 'AdminPage', 'index', '', '1', '1', '页面管理', '', '', '3'), ('26', '25', 'Portal', 'AdminPage', 'listorders', '', '1', '0', '页面排序', '', '', '0'), ('27', '25', 'Portal', 'AdminPage', 'delete', '', '1', '0', '删除页面', '', '', '1000'), ('28', '25', 'Portal', 'AdminPage', 'edit', '', '1', '0', '编辑页面', '', '', '1000'), ('29', '28', 'Portal', 'AdminPage', 'edit_post', '', '1', '0', '提交编辑', '', '', '0'), ('30', '25', 'Portal', 'AdminPage', 'add', '', '1', '0', '添加页面', '', '', '1000'), ('31', '30', 'Portal', 'AdminPage', 'add_post', '', '1', '0', '提交添加', '', '', '0'), ('32', '1', 'Admin', 'Recycle', 'default', '', '1', '1', '回收站', '', '', '8'), ('33', '32', 'Portal', 'AdminPost', 'recyclebin', '', '1', '1', '文章回收', '', '', '0'), ('34', '33', 'Portal', 'AdminPost', 'restore', '', '1', '0', '文章还原', '', '', '1000'), ('35', '33', 'Portal', 'AdminPost', 'clean', '', '1', '0', '彻底删除', '', '', '1000'), ('36', '32', 'Portal', 'AdminPage', 'recyclebin', '', '1', '1', '页面回收', '', '', '1'), ('37', '36', 'Portal', 'AdminPage', 'clean', '', '1', '0', '彻底删除', '', '', '1000'), ('38', '36', 'Portal', 'AdminPage', 'restore', '', '1', '0', '页面还原', '', '', '1000'), ('39', '0', 'Admin', 'Extension', 'default', '', '0', '1', '扩展工具', 'cloud', '', '40'), ('40', '39', 'Admin', 'Backup', 'default', '', '1', '1', '备份管理', '', '', '0'), ('41', '40', 'Admin', 'Backup', 'restore', '', '1', '1', '数据还原', '', '', '0'), ('42', '40', 'Admin', 'Backup', 'index', '', '1', '1', '数据备份', '', '', '0'), ('43', '42', 'Admin', 'Backup', 'index_post', '', '1', '0', '提交数据备份', '', '', '0'), ('44', '40', 'Admin', 'Backup', 'download', '', '1', '0', '下载备份', '', '', '1000'), ('45', '40', 'Admin', 'Backup', 'del_backup', '', '1', '0', '删除备份', '', '', '1000'), ('46', '40', 'Admin', 'Backup', 'import', '', '1', '0', '数据备份导入', '', '', '1000'), ('47', '39', 'Admin', 'Plugin', 'index', '', '1', '1', '插件管理', '', '', '0'), ('48', '47', 'Admin', 'Plugin', 'toggle', '', '1', '0', '插件启用切换', '', '', '0'), ('49', '47', 'Admin', 'Plugin', 'setting', '', '1', '0', '插件设置', '', '', '0'), ('50', '49', 'Admin', 'Plugin', 'setting_post', '', '1', '0', '插件设置提交', '', '', '0'), ('51', '47', 'Admin', 'Plugin', 'install', '', '1', '0', '插件安装', '', '', '0'), ('52', '47', 'Admin', 'Plugin', 'uninstall', '', '1', '0', '插件卸载', '', '', '0'), ('53', '39', 'Admin', 'Slide', 'default', '', '1', '1', '幻灯片', '', '', '1'), ('54', '53', 'Admin', 'Slide', 'index', '', '1', '1', '幻灯片管理', '', '', '0'), ('55', '54', 'Admin', 'Slide', 'listorders', '', '1', '0', '幻灯片排序', '', '', '0'), ('56', '54', 'Admin', 'Slide', 'toggle', '', '1', '0', '幻灯片显示切换', '', '', '0'), ('57', '54', 'Admin', 'Slide', 'delete', '', '1', '0', '删除幻灯片', '', '', '1000'), ('58', '54', 'Admin', 'Slide', 'edit', '', '1', '0', '编辑幻灯片', '', '', '1000'), ('59', '58', 'Admin', 'Slide', 'edit_post', '', '1', '0', '提交编辑', '', '', '0'), ('60', '54', 'Admin', 'Slide', 'add', '', '1', '0', '添加幻灯片', '', '', '1000'), ('61', '60', 'Admin', 'Slide', 'add_post', '', '1', '0', '提交添加', '', '', '0'), ('62', '53', 'Admin', 'Slidecat', 'index', '', '1', '1', '幻灯片分类', '', '', '0'), ('63', '62', 'Admin', 'Slidecat', 'delete', '', '1', '0', '删除分类', '', '', '1000'), ('64', '62', 'Admin', 'Slidecat', 'edit', '', '1', '0', '编辑分类', '', '', '1000'), ('65', '64', 'Admin', 'Slidecat', 'edit_post', '', '1', '0', '提交编辑', '', '', '0'), ('66', '62', 'Admin', 'Slidecat', 'add', '', '1', '0', '添加分类', '', '', '1000'), ('67', '66', 'Admin', 'Slidecat', 'add_post', '', '1', '0', '提交添加', '', '', '0'), ('68', '39', 'Admin', 'Ad', 'index', '', '1', '1', '网站广告', '', '', '2'), ('69', '68', 'Admin', 'Ad', 'toggle', '', '1', '0', '广告显示切换', '', '', '0'), ('70', '68', 'Admin', 'Ad', 'delete', '', '1', '0', '删除广告', '', '', '1000'), ('71', '68', 'Admin', 'Ad', 'edit', '', '1', '0', '编辑广告', '', '', '1000'), ('72', '71', 'Admin', 'Ad', 'edit_post', '', '1', '0', '提交编辑', '', '', '0'), ('73', '68', 'Admin', 'Ad', 'add', '', '1', '0', '添加广告', '', '', '1000'), ('74', '73', 'Admin', 'Ad', 'add_post', '', '1', '0', '提交添加', '', '', '0'), ('75', '39', 'Admin', 'Link', 'index', '', '0', '1', '友情链接', '', '', '3'), ('76', '75', 'Admin', 'Link', 'listorders', '', '1', '0', '友情链接排序', '', '', '0'), ('77', '75', 'Admin', 'Link', 'toggle', '', '1', '0', '友链显示切换', '', '', '0'), ('78', '75', 'Admin', 'Link', 'delete', '', '1', '0', '删除友情链接', '', '', '1000'), ('79', '75', 'Admin', 'Link', 'edit', '', '1', '0', '编辑友情链接', '', '', '1000'), ('80', '79', 'Admin', 'Link', 'edit_post', '', '1', '0', '提交编辑', '', '', '0'), ('81', '75', 'Admin', 'Link', 'add', '', '1', '0', '添加友情链接', '', '', '1000'), ('82', '81', 'Admin', 'Link', 'add_post', '', '1', '0', '提交添加', '', '', '0'), ('83', '39', 'Api', 'Oauthadmin', 'setting', '', '1', '1', '第三方登陆', 'leaf', '', '4'), ('84', '83', 'Api', 'Oauthadmin', 'setting_post', '', '1', '0', '提交设置', '', '', '0'), ('85', '0', 'Admin', 'Menu', 'default', '', '1', '1', '菜单管理', 'list', '', '20'), ('86', '85', 'Admin', 'Navcat', 'default1', '', '1', '1', '前台菜单', '', '', '0'), ('87', '86', 'Admin', 'Nav', 'index', '', '1', '1', '菜单管理', '', '', '0'), ('88', '87', 'Admin', 'Nav', 'listorders', '', '1', '0', '前台导航排序', '', '', '0'), ('89', '87', 'Admin', 'Nav', 'delete', '', '1', '0', '删除菜单', '', '', '1000'), ('90', '87', 'Admin', 'Nav', 'edit', '', '1', '0', '编辑菜单', '', '', '1000'), ('91', '90', 'Admin', 'Nav', 'edit_post', '', '1', '0', '提交编辑', '', '', '0'), ('92', '87', 'Admin', 'Nav', 'add', '', '1', '0', '添加菜单', '', '', '1000'), ('93', '92', 'Admin', 'Nav', 'add_post', '', '1', '0', '提交添加', '', '', '0'), ('94', '86', 'Admin', 'Navcat', 'index', '', '1', '1', '菜单分类', '', '', '0'), ('95', '94', 'Admin', 'Navcat', 'delete', '', '1', '0', '删除分类', '', '', '1000'), ('96', '94', 'Admin', 'Navcat', 'edit', '', '1', '0', '编辑分类', '', '', '1000'), ('97', '96', 'Admin', 'Navcat', 'edit_post', '', '1', '0', '提交编辑', '', '', '0'), ('98', '94', 'Admin', 'Navcat', 'add', '', '1', '0', '添加分类', '', '', '1000'), ('99', '98', 'Admin', 'Navcat', 'add_post', '', '1', '0', '提交添加', '', '', '0'), ('100', '85', 'Admin', 'Menu', 'index', '', '1', '1', '后台菜单', '', '', '0'), ('101', '100', 'Admin', 'Menu', 'add', '', '1', '0', '添加菜单', '', '', '0'), ('102', '101', 'Admin', 'Menu', 'add_post', '', '1', '0', '提交添加', '', '', '0'), ('103', '100', 'Admin', 'Menu', 'listorders', '', '1', '0', '后台菜单排序', '', '', '0'), ('104', '100', 'Admin', 'Menu', 'export_menu', '', '1', '0', '菜单备份', '', '', '1000'), ('105', '100', 'Admin', 'Menu', 'edit', '', '1', '0', '编辑菜单', '', '', '1000'), ('106', '105', 'Admin', 'Menu', 'edit_post', '', '1', '0', '提交编辑', '', '', '0'), ('107', '100', 'Admin', 'Menu', 'delete', '', '1', '0', '删除菜单', '', '', '1000'), ('108', '100', 'Admin', 'Menu', 'lists', '', '1', '0', '所有菜单', '', '', '1000'), ('109', '0', 'Admin', 'Setting', 'default', '', '0', '1', '设置', 'cogs', '', '0'), ('110', '109', 'Admin', 'Setting', 'userdefault', '', '0', '1', '个人信息', '', '', '0'), ('111', '110', 'Admin', 'User', 'userinfo', '', '1', '1', '修改信息', '', '', '0'), ('112', '111', 'Admin', 'User', 'userinfo_post', '', '1', '0', '修改信息提交', '', '', '0'), ('113', '110', 'Admin', 'Setting', 'password', '', '1', '1', '修改密码', '', '', '0'), ('114', '113', 'Admin', 'Setting', 'password_post', '', '1', '0', '提交修改', '', '', '0'), ('115', '109', 'Admin', 'Setting', 'site', '', '1', '1', '网站信息', '', '', '0'), ('116', '115', 'Admin', 'Setting', 'site_post', '', '1', '0', '提交修改', '', '', '0'), ('117', '115', 'Admin', 'Route', 'index', '', '1', '0', '路由列表', '', '', '0'), ('118', '115', 'Admin', 'Route', 'add', '', '1', '0', '路由添加', '', '', '0'), ('119', '118', 'Admin', 'Route', 'add_post', '', '1', '0', '路由添加提交', '', '', '0'), ('120', '115', 'Admin', 'Route', 'edit', '', '1', '0', '路由编辑', '', '', '0'), ('121', '120', 'Admin', 'Route', 'edit_post', '', '1', '0', '路由编辑提交', '', '', '0'), ('122', '115', 'Admin', 'Route', 'delete', '', '1', '0', '路由删除', '', '', '0'), ('123', '115', 'Admin', 'Route', 'ban', '', '1', '0', '路由禁止', '', '', '0'), ('124', '115', 'Admin', 'Route', 'open', '', '1', '0', '路由启用', '', '', '0'), ('125', '115', 'Admin', 'Route', 'listorders', '', '1', '0', '路由排序', '', '', '0'), ('126', '109', 'Admin', 'Mailer', 'default', '', '1', '1', '邮箱配置', '', '', '0'), ('127', '126', 'Admin', 'Mailer', 'index', '', '1', '1', 'SMTP配置', '', '', '0'), ('128', '127', 'Admin', 'Mailer', 'index_post', '', '1', '0', '提交配置', '', '', '0'), ('129', '126', 'Admin', 'Mailer', 'active', '', '1', '1', '邮件模板', '', '', '0'), ('130', '129', 'Admin', 'Mailer', 'active_post', '', '1', '0', '提交模板', '', '', '0'), ('131', '109', 'Admin', 'Setting', 'clearcache', '', '1', '1', '清除缓存', '', '', '1'), ('132', '0', 'User', 'Indexadmin', 'default', '', '1', '1', '用户管理', 'group', '', '10'), ('133', '132', 'User', 'Indexadmin', 'default1', '', '1', '1', '用户组', '', '', '0'), ('134', '133', 'User', 'Indexadmin', 'index', '', '1', '1', '本站用户', 'leaf', '', '0'), ('135', '134', 'User', 'Indexadmin', 'ban', '', '1', '0', '拉黑会员', '', '', '0'), ('136', '134', 'User', 'Indexadmin', 'cancelban', '', '1', '0', '启用会员', '', '', '0'), ('137', '133', 'User', 'Oauthadmin', 'index', '', '1', '1', '第三方用户', 'leaf', '', '0'), ('138', '137', 'User', 'Oauthadmin', 'delete', '', '1', '0', '第三方用户解绑', '', '', '0'), ('139', '132', 'User', 'Indexadmin', 'default3', '', '1', '1', '管理组', '', '', '0'), ('140', '139', 'Admin', 'Rbac', 'index', '', '1', '1', '角色管理', '', '', '0'), ('141', '140', 'Admin', 'Rbac', 'member', '', '1', '0', '成员管理', '', '', '1000'), ('142', '140', 'Admin', 'Rbac', 'authorize', '', '1', '0', '权限设置', '', '', '1000'), ('143', '142', 'Admin', 'Rbac', 'authorize_post', '', '1', '0', '提交设置', '', '', '0'), ('144', '140', 'Admin', 'Rbac', 'roleedit', '', '1', '0', '编辑角色', '', '', '1000'), ('145', '144', 'Admin', 'Rbac', 'roleedit_post', '', '1', '0', '提交编辑', '', '', '0'), ('146', '140', 'Admin', 'Rbac', 'roledelete', '', '1', '1', '删除角色', '', '', '1000'), ('147', '140', 'Admin', 'Rbac', 'roleadd', '', '1', '1', '添加角色', '', '', '1000'), ('148', '147', 'Admin', 'Rbac', 'roleadd_post', '', '1', '0', '提交添加', '', '', '0'), ('149', '139', 'Admin', 'User', 'index', '', '1', '1', '管理员', '', '', '0'), ('150', '149', 'Admin', 'User', 'delete', '', '1', '0', '删除管理员', '', '', '1000'), ('151', '149', 'Admin', 'User', 'edit', '', '1', '0', '管理员编辑', '', '', '1000'), ('152', '151', 'Admin', 'User', 'edit_post', '', '1', '0', '编辑提交', '', '', '0'), ('153', '149', 'Admin', 'User', 'add', '', '1', '0', '管理员添加', '', '', '1000'), ('154', '153', 'Admin', 'User', 'add_post', '', '1', '0', '添加提交', '', '', '0'), ('155', '47', 'Admin', 'Plugin', 'update', '', '1', '0', '插件更新', '', '', '0'), ('156', '39', 'Admin', 'Storage', 'index', '', '1', '1', '文件存储', '', '', '0'), ('157', '156', 'Admin', 'Storage', 'setting_post', '', '1', '0', '文件存储设置提交', '', '', '0'), ('158', '0', 'Admin', 'Goods', 'default', '', '0', '1', '商品管理', 'credit-card', '', '25'), ('159', '158', 'Goods', 'AdminGoods', 'index', '', '1', '1', '商品列表', '', '', '1'), ('160', '158', 'Goods', 'AdminCate', 'index', '', '1', '1', '商品分类', '', '', '2'), ('161', '158', 'Goods', 'AdminBrand', 'index', '', '1', '1', '品牌管理', '', '', '3'), ('162', '158', 'Goods', 'AdminType', 'index', '', '1', '1', '商品类型', '', '', '4'), ('163', '0', 'Order', 'AdminOrder', 'default', '', '1', '1', '订单管理', 'shopping-cart', '', '26'), ('164', '163', 'Order', 'AdminOrder', 'index', '', '1', '1', '订单列表', '', '', '0'), ('165', '163', 'Order', 'AdminOrder', 'search', '', '1', '1', '订单查询', '', '', '0'), ('166', '158', 'Goods', 'AdminGoods', 'recyclebin', '', '1', '1', '商品回收', '', '', '8'), ('167', '133', 'User', 'AdminRank', 'index', '', '1', '1', '用户等级', 'leaf', '', '0'), ('168', '109', 'Admin', 'System', 'default', '', '1', '1', '系统配置', '', '', '0'), ('169', '168', 'Admin', 'Coupon', 'index', '', '1', '1', '优惠券', '', '', '0'), ('170', '168', 'Order', 'AdminPayment', 'index', '', '1', '1', '支付方式', '', '', '0'), ('171', '168', 'Order', 'AdminShipping', 'index', '', '1', '1', '配送方式', '', '', '0'), ('172', '168', 'Goods', 'AdminSupplier', 'index', '', '1', '1', '供应商列表', '', '', '0'), ('173', '158', 'Comment', 'CommentGoodsadmin', 'index', '', '1', '1', '商品评论', '', '', '5'), ('174', '0', 'Admin', 'Coupon', 'add', '', '1', '0', '未知', null, '', '0'), ('175', '0', 'Admin', 'Coupon', 'add_post', '', '1', '0', '未知', null, '', '0'), ('176', '0', 'Admin', 'Coupon', 'edit', '', '1', '0', '未知', null, '', '0'), ('177', '0', 'Admin', 'Coupon', 'edit_post', '', '1', '0', '未知', null, '', '0'), ('178', '0', 'Admin', 'Coupon', 'delete', '', '1', '0', '未知', null, '', '0'), ('179', '0', 'Admin', 'Coupon', 'toggle', '', '1', '0', '未知', null, '', '0'), ('180', '0', 'Admin', 'Slide', 'ban', '', '1', '0', '未知', null, '', '0'), ('181', '0', 'Admin', 'Slide', 'cancelban', '', '1', '0', '未知', null, '', '0'), ('182', '0', 'Admin', 'User', 'ban', '', '1', '0', '未知', null, '', '0'), ('183', '0', 'Admin', 'User', 'cancelban', '', '1', '0', '未知', null, '', '0'), ('184', '0', 'User', 'AdminRank', 'add', '', '1', '0', '未知', null, '', '0'), ('185', '0', 'User', 'AdminRank', 'add_post', '', '1', '0', '未知', null, '', '0'), ('186', '0', 'User', 'AdminRank', 'edit', '', '1', '0', '未知', null, '', '0'), ('187', '0', 'User', 'AdminRank', 'edit_post', '', '1', '0', '未知', null, '', '0'), ('188', '0', 'User', 'AdminRank', 'delete', '', '1', '0', '未知', null, '', '0'), ('189', '0', 'User', 'AdminRank', 'toggle', '', '1', '0', '未知', null, '', '0'), ('190', '0', 'User', 'Indexadmin', 'address_list', '', '1', '0', '未知', null, '', '0'), ('191', '0', 'User', 'Indexadmin', 'points_list', '', '1', '0', '未知', null, '', '0'), ('192', '0', 'Comment', 'CommentGoodsadmin', 'delete', '', '1', '0', '未知', null, '', '0'), ('193', '0', 'Comment', 'CommentGoodsadmin', 'check', '', '1', '0', '未知', null, '', '0'), ('194', '168', 'V1', 'AdminClient', 'index', '', '1', '1', 'oauth2.0授权账号', '', '', '0');
COMMIT;

-- ----------------------------
--  Table structure for `sp_nature`
-- ----------------------------
DROP TABLE IF EXISTS `sp_nature`;
CREATE TABLE `sp_nature` (
  `id` int(11) unsigned NOT NULL AUTO_INCREMENT,
  `nature_name` varchar(60) CHARACTER SET utf8 NOT NULL COMMENT '性质名称',
  `sort` smallint(6) unsigned NOT NULL DEFAULT '0' COMMENT '排序',
  PRIMARY KEY (`id`)
) ENGINE=InnoDB AUTO_INCREMENT=5 DEFAULT CHARSET=latin1;

-- ----------------------------
--  Records of `sp_nature`
-- ----------------------------
BEGIN;
INSERT INTO `sp_nature` VALUES ('1', '小时工', '0'), ('2', '保姆', '0'), ('3', '代驾', '0'), ('4', '发传单', '0');
COMMIT;

-- ----------------------------
--  Table structure for `sp_nav`
-- ----------------------------
DROP TABLE IF EXISTS `sp_nav`;
CREATE TABLE `sp_nav` (
  `id` int(11) NOT NULL AUTO_INCREMENT,
  `cid` int(11) NOT NULL,
  `parentid` int(11) NOT NULL,
  `label` varchar(255) NOT NULL,
  `target` varchar(50) DEFAULT NULL,
  `href` varchar(255) NOT NULL,
  `icon` varchar(255) NOT NULL,
  `status` int(2) NOT NULL DEFAULT '1',
  `listorder` int(6) DEFAULT '0',
  `path` varchar(255) NOT NULL DEFAULT '0',
  PRIMARY KEY (`id`)
) ENGINE=MyISAM AUTO_INCREMENT=8 DEFAULT CHARSET=utf8;

-- ----------------------------
--  Records of `sp_nav`
-- ----------------------------
BEGIN;
INSERT INTO `sp_nav` VALUES ('2', '1', '0', '新品預告', '', '/index.php?g=goods&m=index&a=index&cate=preorder&cid=25', '', '1', '1', '0-2'), ('3', '1', '0', '黑膠唱碟', '', '/index.php?g=goods&m=index&a=index&cate=blackrubber&cid=25', '', '1', '2', '0-3'), ('4', '1', '0', 'Blu-ray', '', '/index.php?g=goods&m=index&a=index&cate=bluray&cid=25', 'aa', '1', '3', '0-4'), ('5', '1', '0', '排行榜', '', '/index.php?g=goods&m=index&a=sort', '', '1', '4', '0-5'), ('6', '1', '0', '新聞資訊', '', 'a:2:{s:6:\"action\";s:17:\"Portal/List/index\";s:5:\"param\";a:1:{s:2:\"id\";s:1:\"1\";}}', '', '1', '5', '0-6'), ('7', '1', '0', 'hmv首页', '', 'home', '', '1', '0', '0-7');
COMMIT;

-- ----------------------------
--  Table structure for `sp_nav_cat`
-- ----------------------------
DROP TABLE IF EXISTS `sp_nav_cat`;
CREATE TABLE `sp_nav_cat` (
  `navcid` int(11) NOT NULL AUTO_INCREMENT,
  `name` varchar(255) NOT NULL,
  `active` int(1) NOT NULL DEFAULT '1',
  `remark` text,
  PRIMARY KEY (`navcid`)
) ENGINE=MyISAM AUTO_INCREMENT=2 DEFAULT CHARSET=utf8;

-- ----------------------------
--  Records of `sp_nav_cat`
-- ----------------------------
BEGIN;
INSERT INTO `sp_nav_cat` VALUES ('1', '主导航', '1', '主导航');
COMMIT;

-- ----------------------------
--  Table structure for `sp_oauth_client`
-- ----------------------------
DROP TABLE IF EXISTS `sp_oauth_client`;
CREATE TABLE `sp_oauth_client` (
  `id` int(10) unsigned NOT NULL AUTO_INCREMENT,
  `access_token` varchar(255) NOT NULL,
  `expires_in` int(10) NOT NULL,
  `time` int(10) NOT NULL,
  `ip` varchar(19) DEFAULT NULL,
  PRIMARY KEY (`id`)
) ENGINE=MyISAM AUTO_INCREMENT=49 DEFAULT CHARSET=latin1;

-- ----------------------------
--  Records of `sp_oauth_client`
-- ----------------------------
BEGIN;
INSERT INTO `sp_oauth_client` VALUES ('15', '2.00a02170hemwgga7qi23rjmfwco8bv7y', '1433471423', '1433467823', '127.0.0.1'), ('16', '2.00gdhh2hoj170qf8zrsoprvr9e8y0hpn', '1433475770', '1433472170', '127.0.0.1'), ('13', '2.008890jctce6buu41z4etegmwx8syh50', '1433411144', '1433407544', '127.0.0.1'), ('14', '2.00muycb9pi6d70ipbc0oxpria24v7pel', '1433415702', '1433412102', '127.0.0.1'), ('17', '2.00b5lhietai2k9rq3d6j210tv0gnrhcy', '1433498272', '1433494672', '127.0.0.1'), ('18', '2.00m3ze3s59bilb4i6bjz36t7v48zujjy', '1433503089', '1433499489', '127.0.0.1'), ('19', '2.00uj5b0armv61tr4lo4ix73vmjkur36j', '1433730676', '1433727076', '127.0.0.1'), ('20', '2.00hi58z96qyhj6pud7fa18fgfp4xj3vg', '1433755870', '1433752270', '127.0.0.1'), ('21', '2.001bx63dugwre8evv80inddkzns1r7hb', '1433759478', '1433755878', '127.0.0.1'), ('22', '2.00hsaforwcvo1dm9ocr0645ll9xpklfk', '1433763271', '1433759671', '127.0.0.1'), ('23', '2.00qz46ghnaqxqppqenydl6tmvnybehms', '1433767191', '1433763591', '127.0.0.1'), ('24', '2.008wvy3j1izc9lwg85vfmdtk727ucd3h', '1433820888', '1433817288', '127.0.0.1'), ('25', '2.00d5vp2ozpif03w1erypf64jqd7pzo3u', '1433825056', '1433821456', '127.0.0.1'), ('26', '2.003vovl2rwt2pdd0ixgp7s0741d48dua', '1433905604', '1433902004', '127.0.0.1'), ('27', '2.00ar33rb4mzzzecsnu2rk70lvv1cdt09', '1433909298', '1433905698', '127.0.0.1'), ('28', '2.00tzdj8m5fjvdgtswd7jbxprg7i5qnu2', '1433914668', '1433911068', '127.0.0.1'), ('29', '2.00rkwh11a73qqzi07mkmyox2zk8poal4', '1433926131', '1433922531', '127.0.0.1'), ('30', '2.00d3r5ixr78ug4aqjnj8aeuiseb1xsv5', '1433934368', '1433930768', '127.0.0.1'), ('31', '2.005fz9y24dza8769hgjihwyqzls55e3m', '1434019447', '1434015847', '127.0.0.1'), ('32', '2.00ncpudlbzpvaf1fi7b1e6di8jv1fh74', '1434023457', '1434019857', '127.0.0.1'), ('33', '2.00wk6jee8poe8f0cexaiwovqti0c943e', '1434093069', '1434089469', '127.0.0.1'), ('34', '2.00cwha8eg76w5av4iq6rc0jki8pvdph6', '1434097485', '1434093885', '192.168.2.223'), ('35', '2.00l33c08vqmrlsugbgah2zcpec0zs80a', '1434111998', '1434108398', '127.0.0.1'), ('36', '2.00hoksuize4lhgbcaczgna4jm3dn91jx', '1434266387', '1434262787', '127.0.0.1'), ('37', '2.00a31y8ispfdp1v5d8u31b03yak76bn1', '1434274993', '1434271393', '127.0.0.1'), ('38', '2.00hwuv515z1wy3d2r9fpttwfi7wj5fbs', '1434342159', '1434338559', '127.0.0.1'), ('39', '2.001bx63dugwre8evv80inddkzns1r7hb', '1434358805', '1434355206', '127.0.0.1'), ('40', '2.00ibot57qzsdmeimnici26exac2qtsio', '1434366632', '1434363032', '127.0.0.1'), ('41', '2.00trlz9jr3kygjc1r64dj8rzy98jh2ov', '1434423338', '1434419738', '127.0.0.1'), ('42', '2.00o57lk1kn9br2ym0xwk6jee8poe8f0c', '1434428827', '1434425227', '127.0.0.1'), ('43', '2.00xg2jwdggemp06aa3yj08tea9lhm0zh', '1434453248', '1434449648', '127.0.0.1'), ('44', '2.00xe3mz1tlvmkrjsaxdhll9fnwl0nm1v', '1434508773', '1434505173', '127.0.0.1'), ('45', '2.00zpl8xfbigm1vb9evhsluaxh3d6bfu0', '1434525282', '1434521682', '127.0.0.1'), ('46', '2.005iewsruppmth3p1hjkf3gc6kusx875', '1434602975', '1434599375', '::1'), ('47', '2.00s73hmsma02tc28f3rws6x4psslew83', '1434618742', '1434615142', '127.0.0.1'), ('48', '2.0097ooq01z74bucqbxcb9k4sda2t05gb', '1435045531', '1435041931', '127.0.0.1');
COMMIT;

-- ----------------------------
--  Table structure for `sp_oauth_user`
-- ----------------------------
DROP TABLE IF EXISTS `sp_oauth_user`;
CREATE TABLE `sp_oauth_user` (
  `id` int(20) NOT NULL AUTO_INCREMENT,
  `from` varchar(20) NOT NULL COMMENT '用户来源key',
  `name` varchar(30) NOT NULL COMMENT '第三方昵称',
  `head_img` varchar(200) NOT NULL COMMENT '头像',
  `uid` int(20) NOT NULL COMMENT '关联的本站用户id',
  `create_time` datetime NOT NULL COMMENT '绑定时间',
  `last_login_time` datetime NOT NULL COMMENT '最后登录时间',
  `last_login_ip` varchar(16) NOT NULL COMMENT '最后登录ip',
  `login_times` int(6) NOT NULL COMMENT '登录次数',
  `status` tinyint(2) NOT NULL,
  `access_token` varchar(60) NOT NULL,
  `expires_date` int(12) NOT NULL COMMENT 'access_token过期时间',
  `openid` varchar(40) NOT NULL COMMENT '第三方用户id',
  PRIMARY KEY (`id`)
) ENGINE=MyISAM DEFAULT CHARSET=utf8;

-- ----------------------------
--  Table structure for `sp_options`
-- ----------------------------
DROP TABLE IF EXISTS `sp_options`;
CREATE TABLE `sp_options` (
  `option_id` bigint(20) unsigned NOT NULL AUTO_INCREMENT,
  `option_name` varchar(64) NOT NULL DEFAULT '',
  `option_value` longtext NOT NULL,
  `autoload` int(2) NOT NULL DEFAULT '1',
  PRIMARY KEY (`option_id`),
  UNIQUE KEY `option_name` (`option_name`)
) ENGINE=MyISAM AUTO_INCREMENT=4 DEFAULT CHARSET=utf8;

-- ----------------------------
--  Records of `sp_options`
-- ----------------------------
BEGIN;
INSERT INTO `sp_options` VALUES ('1', 'member_email_active', '{\"title\":\"HMV\\u90ae\\u4ef6\\u6fc0\\u6d3b\\u901a\\u77e5.\",\"template\":\"<p>\\u672c\\u90ae\\u4ef6\\u6765\\u81ea<a textvalue=\\\"HMV\\\" target=\\\"_self\\\" href=\\\"http:\\/\\/www.hmv.com\\\">HMV<\\/a><br\\/><br\\/>&nbsp; &nbsp;<strong>---------------<\\/strong><br\\/>&nbsp; &nbsp;<strong>\\u5e10\\u53f7\\u6fc0\\u6d3b\\u8bf4\\u660e<\\/strong><br\\/>&nbsp; &nbsp;<strong>---------------<\\/strong><br\\/><br\\/>&nbsp; &nbsp; \\u5c0a\\u656c\\u7684<span style=\\\"FONT-SIZE: 16px; FONT-FAMILY: Arial; COLOR: rgb(51,51,51); LINE-HEIGHT: 18px; BACKGROUND-COLOR: rgb(255,255,255)\\\">#username#\\uff0c\\u60a8\\u597d\\u3002<\\/span>\\u5982\\u679c\\u60a8\\u662fHMV\\u7684\\u65b0\\u7528\\u6237\\uff0c\\u6216\\u5728\\u4fee\\u6539\\u60a8\\u7684\\u6ce8\\u518cEmail\\u65f6\\u4f7f\\u7528\\u4e86\\u672c\\u5730\\u5740\\uff0c\\u6211\\u4eec\\u9700\\u8981\\u5bf9\\u60a8\\u7684\\u5730\\u5740\\u6709\\u6548\\u6027\\u8fdb\\u884c\\u9a8c\\u8bc1\\u4ee5\\u907f\\u514d\\u5783\\u573e\\u90ae\\u4ef6\\u6216\\u5730\\u5740\\u88ab\\u6ee5\\u7528\\u3002<br\\/>&nbsp; &nbsp; \\u60a8\\u53ea\\u9700\\u70b9\\u51fb\\u4e0b\\u9762\\u7684\\u94fe\\u63a5\\u5373\\u53ef\\u6fc0\\u6d3b\\u60a8\\u7684\\u5e10\\u53f7\\uff1a<br\\/>&nbsp; &nbsp; <a title=\\\"\\\" href=\\\"http:\\/\\/#link#\\\" target=\\\"_self\\\">http:\\/\\/#link#<\\/a><br\\/>&nbsp; &nbsp; (\\u5982\\u679c\\u4e0a\\u9762\\u4e0d\\u662f\\u94fe\\u63a5\\u5f62\\u5f0f\\uff0c\\u8bf7\\u5c06\\u8be5\\u5730\\u5740\\u624b\\u5de5\\u7c98\\u8d34\\u5230\\u6d4f\\u89c8\\u5668\\u5730\\u5740\\u680f\\u518d\\u8bbf\\u95ee)<br\\/>&nbsp; &nbsp; \\u611f\\u8c22\\u60a8\\u7684\\u8bbf\\u95ee\\uff0c\\u795d\\u60a8\\u4f7f\\u7528\\u6109\\u5feb\\uff01<br\\/><br\\/>&nbsp; &nbsp; \\u6b64\\u81f4<br\\/>&nbsp; &nbsp; HMV \\u7ba1\\u7406\\u56e2\\u961f.<\\/p>\"}', '1'), ('2', 'site_options', '{\"site_name\":\"hmv\",\"site_host\":\"http:\\/\\/192.168.2.116\\/\",\"site_tpl\":\"v1\",\"site_adminstyle\":\"flat\",\"site_icp\":\"\",\"site_admin_email\":\"1@q.com\",\"site_tongji\":\"\",\"site_copyright\":\"\",\"site_seo_title\":\"hmv - We Are Entertainment\",\"site_seo_keywords\":\"hmv\",\"site_seo_description\":\"hmv\",\"urlmode\":\"0\",\"html_suffix\":\"\",\"comment_time_interval\":60,\"goods_thumb_width\":\"100\",\"goods_thumb_height\":\"100\"}', '1'), ('3', 'cmf_settings', '{\"banned_usernames\":\"\"}', '1');
COMMIT;

-- ----------------------------
--  Table structure for `sp_order`
-- ----------------------------
DROP TABLE IF EXISTS `sp_order`;
CREATE TABLE `sp_order` (
  `order_id` bigint(20) unsigned NOT NULL AUTO_INCREMENT COMMENT '订单id',
  `order_sn` varchar(20) NOT NULL DEFAULT '0' COMMENT '订单编号',
  `user_id` mediumint(8) unsigned NOT NULL DEFAULT '0' COMMENT '购买用户的id',
  `order_status` tinyint(1) unsigned NOT NULL DEFAULT '0' COMMENT '0为未确认,1为已确认,2为取消订单,3为无效订单,4为退货,5为已分单,6为部分分单',
  `shipping_status` tinyint(1) unsigned NOT NULL DEFAULT '0' COMMENT '0为未发货,1为已发货',
  `pay_status` tinyint(1) unsigned NOT NULL DEFAULT '0' COMMENT '0为未付款,1为已付款',
  `country` smallint(5) unsigned NOT NULL COMMENT '国家代码',
  `province` smallint(5) unsigned NOT NULL COMMENT '省份代码',
  `city` smallint(5) unsigned NOT NULL COMMENT '城市代码',
  `district` smallint(5) NOT NULL COMMENT '区/县代码',
  `address` varchar(255) NOT NULL COMMENT '完整收获地址',
  `consignee` varchar(50) NOT NULL COMMENT '收货人名字',
  `best_time` varchar(200) DEFAULT '' COMMENT '最佳送货时间',
  `zipcode` varchar(60) DEFAULT '' COMMENT '邮编',
  `tel` varchar(60) DEFAULT '' COMMENT '电话',
  `mobile` varchar(60) DEFAULT '' COMMENT '手机',
  `email` varchar(60) DEFAULT '' COMMENT '邮箱',
  `pay_id` mediumint(8) unsigned NOT NULL COMMENT '付款方式的id',
  `pay_name` varchar(120) NOT NULL COMMENT '付款名称',
  `money_goods` decimal(10,2) unsigned NOT NULL DEFAULT '0.00' COMMENT '商品总价格',
  `money_total` decimal(10,2) unsigned NOT NULL DEFAULT '0.00' COMMENT '订单总价格(商品总价+各种费用-各种优惠折扣)',
  `paid_money` decimal(10,2) unsigned NOT NULL DEFAULT '0.00' COMMENT '已付款',
  `paid_points` int(10) unsigned DEFAULT '0',
  `paid_coupon` decimal(10,2) unsigned DEFAULT '0.00' COMMENT '已经支付的coupon数额',
  `pack_fee` decimal(10,2) unsigned NOT NULL DEFAULT '0.00' COMMENT '打包费用',
  `pay_fee` decimal(10,2) unsigned NOT NULL DEFAULT '0.00' COMMENT '付款手续费',
  `shipping_fee` decimal(10,2) unsigned NOT NULL DEFAULT '0.00' COMMENT '快递费用',
  `insure_fee` decimal(10,2) unsigned NOT NULL DEFAULT '0.00' COMMENT '保险费用',
  `package_fee` decimal(10,2) unsigned DEFAULT '0.00' COMMENT '包装费用',
  `card_fee` decimal(10,2) unsigned DEFAULT '0.00' COMMENT '贺卡费用',
  `receipt_fee` decimal(10,2) unsigned DEFAULT '0.00' COMMENT '发票税额',
  `discount` decimal(10,2) unsigned NOT NULL DEFAULT '0.00' COMMENT '折扣金额',
  `receipt_type` varchar(20) DEFAULT '' COMMENT '发票类型',
  `receipt_head` varchar(50) DEFAULT '' COMMENT '发票抬头',
  `receipt_content` varchar(255) DEFAULT '' COMMENT '发票内容',
  `package_id` tinyint(1) unsigned DEFAULT '0' COMMENT '包装类型',
  `package_name` varchar(20) DEFAULT '' COMMENT '包装名称',
  `add_time` int(10) unsigned NOT NULL COMMENT '订单创建时间',
  `pay_time` int(10) unsigned NOT NULL COMMENT '付款时间',
  `shipping_id` tinyint(2) unsigned DEFAULT '0' COMMENT '快递id',
  `shipping_name` varchar(100) NOT NULL DEFAULT '' COMMENT '快递名称',
  `shipping_sn` varchar(50) NOT NULL DEFAULT '' COMMENT '运单号',
  `shipping_time` int(10) unsigned NOT NULL COMMENT '发货时间',
  `message` varchar(255) DEFAULT '' COMMENT '买家留言',
  `message_admin` varchar(255) DEFAULT '' COMMENT '管理员给用户留言',
  `receive_time` int(10) unsigned DEFAULT '0' COMMENT '收获时间',
  `how_oos` varchar(50) DEFAULT '等待所有商品备其后再发' COMMENT '缺少商品的发货方式',
  `card_id` tinyint(1) unsigned DEFAULT '0' COMMENT '贺卡类型',
  `card_name` varchar(20) DEFAULT '' COMMENT '卡片名称',
  `card_message` varchar(255) DEFAULT '' COMMENT '贺卡留言内容',
  `is_insure` tinyint(1) unsigned DEFAULT '0' COMMENT '是否保价',
  `weight` decimal(10,2) unsigned NOT NULL DEFAULT '0.00' COMMENT '商品重量',
  `user_status` tinyint(1) unsigned DEFAULT '0' COMMENT '0为显示,1为不显示',
  `coupon` varchar(255) DEFAULT '',
  `ref` varchar(20) DEFAULT '网站' COMMENT '来源',
  PRIMARY KEY (`order_id`)
) ENGINE=InnoDB AUTO_INCREMENT=21 DEFAULT CHARSET=utf8;

-- ----------------------------
--  Records of `sp_order`
-- ----------------------------
BEGIN;
INSERT INTO `sp_order` VALUES ('1', '20150615062341788', '6', '1', '2', '1', '1', '0', '0', '0', '东方科技大厦1901室', '张三', '', '', '0755-124345-1', '13333333333', 'admin@feehi.com', '5', 'Master Debit Card', '326.00', '382.00', '382.00', '100', '0.00', '8.00', '0.00', '48.00', '0.00', '0.00', '0.00', '0.00', '0.00', '', '', '', '0', '', '1434363821', '1434363959', '24', 'EMS', 'dsfsdfsdfdf', '1434364012', '', '', '1434364019', '等待所有商品备其后再发', '0', '', '', '0', '14.00', '1', '', '网站'), ('2', '20150615063928151', '12', '1', '2', '1', '1', '6', '77', '0', '东方科技大厦1901室', '李斯', '', '', '', '13999999999', '', '7', 'Alipay', '326.00', '374.00', '374.00', '100', '0.00', '0.00', '0.00', '48.00', '0.00', '0.00', '0.00', '0.00', '0.00', '', '', '', '0', '', '1434364768', '1434364816', '24', 'EMS', 'fsdfsdfsdf', '1434364959', '', '', '1434364986', '等待所有商品备其后再发', '0', '', '', '0', '14.00', '1', '', '网站'), ('3', '20150616112707129', '13', '0', '0', '0', '1', '6', '77', '0', 'dongfangkejidasha', 'zhanggong', '', '', '', '134123123123', '88888@qq.com', '1', 'Visa', '23.00', '43.00', '0.00', '0', '0.00', '0.00', '0.00', '20.00', '0.00', '0.00', '0.00', '0.00', '0.00', '', '', '', '0', '', '1434425227', '0', '24', 'EMS', '', '0', '', '', '0', '等待所有商品备其后再发', '0', '', '', '0', '0.00', '0', '', '网站'), ('4', '20150616061408325', '6', '0', '0', '0', '1', '33', '0', '0', 'xx路xx街道', '李斯', '', '', '-133-33333333', '13333333333', '', '2', 'Master Card', '70.00', '112.00', '0.00', '0', '0.00', '0.00', '20.00', '22.00', '0.00', '0.00', '0.00', '0.00', '0.00', '', '', '', '0', '', '1434449648', '0', '24', 'EMS', '', '0', '', '', '0', '等待所有商品备其后再发', '0', '', '', '0', '7.00', '0', '', '网站'), ('5', '20150616062754081', '13', '0', '0', '0', '1', '6', '77', '0', 'dongfangkejidasha', 'zhanggong', '', '', '', '134123123123', '88888@qq.com', '1', 'Visa', '16.00', '38.00', '0.00', '0', '0.00', '0.00', '0.00', '22.00', '0.00', '0.00', '0.00', '0.00', '0.00', '', '', '', '0', '', '1434450474', '0', '24', 'EMS', '', '0', '', '', '0', '等待所有商品备其后再发', '0', '', '', '0', '1.00', '0', '', '网站'), ('6', '20150617093933258', '6', '0', '0', '0', '1', '33', '0', '0', 'xx路xx街道', '李斯', '', '', '-133-33333333', '13333333333', '', '2', 'Master Card', '1924.00', '1966.00', '0.00', '0', '0.00', '0.00', '20.00', '22.00', '0.00', '0.00', '0.00', '0.00', '0.00', '', '', '', '0', '', '1434505173', '0', '24', 'EMS', '', '0', '', '', '0', '等待所有商品备其后再发', '0', '', '', '0', '9.00', '0', '', '网站'), ('7', '20150617094516731', '6', '0', '0', '0', '1', '33', '0', '0', 'xx路xx街道', '李斯', '', '', '-133-33333333', '13333333333', '', '1', 'Visa', '12.00', '34.00', '0.00', '0', '0.00', '0.00', '0.00', '22.00', '0.00', '0.00', '0.00', '0.00', '0.00', '', '', '', '0', '', '1434505516', '0', '24', 'EMS', '', '0', '', '', '0', '等待所有商品备其后再发', '0', '', '', '0', '2.00', '1', '', '网站'), ('8', '20150617030434157', '14', '0', '0', '0', '1', '33', '0', '0', '东方科技大厦1901室', '小米', '', '', '1-2-3', '13333333333', '11@22.com', '1', 'Visa', '2503.00', '2575.00', '0.00', '0', '0.00', '0.00', '0.00', '72.00', '0.00', '0.00', '0.00', '0.00', '0.00', '', '', '', '0', '', '1434524674', '0', '24', 'EMS', '', '0', '', '', '0', '等待所有商品备其后再发', '0', '', '', '0', '15.00', '0', '', '网站'), ('9', '20150618114935952', '13', '0', '0', '0', '1', '6', '77', '0', 'dongfangkejidasha', 'zhanggong', '', '', '', '134123123123', '88888@qq.com', '2', 'Master Card', '189.00', '229.00', '0.00', '0', '0.00', '0.00', '20.00', '20.00', '0.00', '0.00', '0.00', '0.00', '0.00', '', '', '', '0', '', '1434599375', '0', '24', 'EMS', '', '0', '', '', '0', '等待所有商品备其后再发', '0', '', '', '0', '0.48', '0', '', '网站'), ('10', '20150618115041.83', '13', '0', '0', '0', '1', '6', '77', '0', 'dongfangkejidasha', 'zhanggong', '', '', '', '134123123123', '88888@qq.com', '3', 'American Express', '399.00', '419.00', '0.00', '0', '0.00', '0.00', '0.00', '20.00', '0.00', '0.00', '0.00', '0.00', '0.00', '', '', '', '0', '', '1434599441', '0', '24', 'EMS', '', '0', '', '', '0', '等待所有商品备其后再发', '0', '', '', '0', '1.36', '0', '', '网站'), ('11', '20150618041223095', '9', '0', '0', '0', '1', '3', '37', '0', '1212', '1212', '', '', '', '1212', '1212', '1', 'Visa', '153.00', '173.00', '0.00', '0', '0.00', '0.00', '0.00', '20.00', '0.00', '0.00', '0.00', '0.00', '0.00', '', '', '', '0', '', '1434615143', '0', '24', 'EMS', '', '0', '', '', '0', '等待所有商品备其后再发', '0', '', '', '0', '0.14', '0', '', '网站'), ('12', '20150618041832226', '9', '0', '0', '0', '1', '3', '37', '0', '1212', '1212', '', '', '', '1212', '1212', '1', 'Visa', '153.00', '173.00', '0.00', '0', '0.00', '0.00', '0.00', '20.00', '0.00', '0.00', '0.00', '0.00', '0.00', '', '', '', '0', '', '1434615512', '0', '24', 'EMS', '', '0', '', '', '0', '等待所有商品备其后再发', '0', '', '', '0', '0.14', '0', '', '网站'), ('13', '20150618044330633', '9', '0', '0', '0', '1', '3', '37', '0', '1212', '1212', '', '', '', '1212', '1212', '1', 'Visa', '153.00', '173.00', '0.00', '0', '0.00', '0.00', '0.00', '20.00', '0.00', '0.00', '0.00', '0.00', '0.00', '', '', '', '0', '', '1434617010', '0', '24', 'EMS', '', '0', '', '', '0', '等待所有商品备其后再发', '0', '', '', '0', '0.14', '0', '', '网站'), ('14', '20150618044609884', '9', '0', '0', '0', '1', '3', '37', '0', '1212', '1212', '', '', '', '1212', '1212', '1', 'Visa', '153.00', '173.00', '0.00', '0', '0.00', '0.00', '0.00', '20.00', '0.00', '0.00', '0.00', '0.00', '0.00', '', '', '', '0', '', '1434617169', '0', '24', 'EMS', '', '0', '', '', '0', '等待所有商品备其后再发', '0', '', '', '0', '0.14', '0', '', '网站'), ('15', '20150618044825572', '9', '0', '0', '0', '1', '3', '37', '0', '1212', '1212', '', '', '', '1212', '1212', '1', 'Visa', '0.00', '0.00', '0.00', '0', '0.00', '0.00', '0.00', '20.00', '0.00', '0.00', '0.00', '0.00', '0.00', '', '', '', '0', '', '1434617305', '0', '24', 'EMS', '', '0', '', '', '0', '等待所有商品备其后再发', '0', '', '', '0', '0.14', '0', '', '网站'), ('16', '20150618044857957', '9', '0', '0', '0', '1', '3', '37', '0', '1212', '1212', '', '', '', '1212', '1212', '1', 'Visa', '0.00', '0.00', '0.00', '0', '0.00', '0.00', '0.00', '20.00', '0.00', '0.00', '0.00', '0.00', '0.00', '', '', '', '0', '', '1434617337', '0', '24', 'EMS', '', '0', '', '', '0', '等待所有商品备其后再发', '0', '', '', '0', '0.14', '0', '', '网站'), ('17', '20150618045025862', '9', '0', '0', '0', '1', '3', '37', '0', '1212', '1212', '', '', '', '1212', '1212', '1', 'Visa', '157.00', '177.00', '0.00', '0', '0.00', '0.00', '0.00', '20.00', '0.00', '0.00', '0.00', '0.00', '0.00', '', '', '', '0', '', '1434617425', '0', '24', 'EMS', '', '0', '', '', '0', '等待所有商品备其后再发', '0', '', '', '0', '0.14', '0', '', '网站'), ('18', '20150618045152337', '9', '0', '0', '0', '1', '3', '37', '0', '1212', '1212', '', '', '', '1212', '1212', '1', 'Visa', '157.00', '177.00', '0.00', '0', '0.00', '0.00', '0.00', '20.00', '0.00', '0.00', '0.00', '0.00', '0.00', '', '', '', '0', '', '1434617512', '0', '24', 'EMS', '', '0', '', '', '0', '等待所有商品备其后再发', '0', '', '', '0', '0.14', '0', '', '网站'), ('19', '20150618045635322', '9', '0', '0', '0', '1', '3', '37', '0', '1212', '1212', '', '', '', '1212', '1212', '1', 'Visa', '289.00', '309.00', '0.00', '0', '0.00', '0.00', '0.00', '20.00', '0.00', '0.00', '0.00', '0.00', '0.00', '', '', '', '0', '', '1434617795', '0', '24', 'EMS', '', '0', '', '', '0', '等待所有商品备其后再发', '0', '', '', '0', '0.30', '0', '', '网站'), ('20', '20150623024531959', '15', '0', '0', '0', '1', '4', '55', '0', '第三方的双丰收的说法都是', '恩恩', '', '', '', '13127736355', 'yqbaa@qq.com', '7', 'Alipay', '380.00', '400.00', '0.00', '0', '0.00', '0.00', '0.00', '20.00', '0.00', '0.00', '0.00', '0.00', '0.00', '', '', '', '0', '', '1435041931', '0', '24', 'EMS', '', '0', '', '', '0', '等待所有商品备其后再发', '0', '', '', '0', '1.37', '0', '', '网站');
COMMIT;

-- ----------------------------
--  Table structure for `sp_order_action`
-- ----------------------------
DROP TABLE IF EXISTS `sp_order_action`;
CREATE TABLE `sp_order_action` (
  `action_id` mediumint(8) unsigned NOT NULL AUTO_INCREMENT,
  `order_id` mediumint(8) unsigned NOT NULL DEFAULT '0' COMMENT '订单id',
  `action_user` varchar(30) NOT NULL DEFAULT '0' COMMENT '操作者',
  `order_status` tinyint(1) unsigned NOT NULL DEFAULT '0' COMMENT '订单状态',
  `pay_status` tinyint(1) unsigned NOT NULL DEFAULT '0' COMMENT '付款状态',
  `shipping_status` tinyint(1) unsigned NOT NULL DEFAULT '0' COMMENT '发货状态',
  `action_note` varchar(255) DEFAULT '0' COMMENT '操作备注',
  `log_time` int(11) unsigned NOT NULL DEFAULT '0' COMMENT '操作时间',
  PRIMARY KEY (`action_id`)
) ENGINE=InnoDB AUTO_INCREMENT=59 DEFAULT CHARSET=utf8;

-- ----------------------------
--  Records of `sp_order_action`
-- ----------------------------
BEGIN;
INSERT INTO `sp_order_action` VALUES ('1', '1', 'admin', '1', '1', '2', '', '1434364012'), ('2', '2', 'admin', '1', '1', '2', '', '1434364959'), ('3', '3', 'system', '2', '0', '0', '超过2小时未付款,系统自动取消订单', '1434452577'), ('4', '3', 'system', '2', '0', '0', '超过2小时未付款,系统自动取消订单', '1434452616'), ('5', '3', 'system', '2', '0', '0', '超过2小时未付款,系统自动取消订单', '1434452659'), ('6', '3', 'system', '2', '0', '0', '超过2小时未付款,系统自动取消订单', '1434452717'), ('7', '3', 'system', '2', '0', '0', '超过2小时未付款,系统自动取消订单', '1434452740'), ('8', '3', 'system', '2', '0', '0', '超过2小时未付款,系统自动取消订单', '1434452770'), ('9', '3', 'system', '2', '0', '0', '超过2小时未付款,系统自动取消订单', '1434453059'), ('10', '3', 'system', '2', '0', '0', '超过2小时未付款,系统自动取消订单', '1434453062'), ('11', '3', 'system', '2', '0', '0', '超过2小时未付款,系统自动取消订单', '1434453064'), ('12', '3', 'system', '2', '0', '0', '超过2小时未付款,系统自动取消订单', '1434453198'), ('13', '3', 'system', '2', '0', '0', '超过2小时未付款,系统自动取消订单', '1434453279'), ('14', '3', 'system', '2', '0', '0', '超过2小时未付款,系统自动取消订单', '1434523091'), ('15', '4', 'system', '2', '0', '0', '超过2小时未付款,系统自动取消订单', '1434523091'), ('16', '5', 'system', '2', '0', '0', '超过2小时未付款,系统自动取消订单', '1434523091'), ('17', '6', 'system', '2', '0', '0', '超过2小时未付款,系统自动取消订单', '1434523091'), ('18', '7', 'system', '2', '0', '0', '超过2小时未付款,系统自动取消订单', '1434523091'), ('19', '3', 'system', '2', '0', '0', '超过2小时未付款,系统自动取消订单', '1434523137'), ('20', '4', 'system', '2', '0', '0', '超过2小时未付款,系统自动取消订单', '1434523137'), ('21', '5', 'system', '2', '0', '0', '超过2小时未付款,系统自动取消订单', '1434523137'), ('22', '6', 'system', '2', '0', '0', '超过2小时未付款,系统自动取消订单', '1434523137'), ('23', '7', 'system', '2', '0', '0', '超过2小时未付款,系统自动取消订单', '1434523137'), ('24', '3', 'system', '2', '0', '0', '超过2小时未付款,系统自动取消订单', '1434530771'), ('25', '4', 'system', '2', '0', '0', '超过2小时未付款,系统自动取消订单', '1434530771'), ('26', '5', 'system', '2', '0', '0', '超过2小时未付款,系统自动取消订单', '1434530771'), ('27', '6', 'system', '2', '0', '0', '超过2小时未付款,系统自动取消订单', '1434530771'), ('28', '7', 'system', '2', '0', '0', '超过2小时未付款,系统自动取消订单', '1434530771'), ('29', '3', 'system', '2', '0', '0', '超过2小时未付款,系统自动取消订单', '1434530997'), ('30', '4', 'system', '2', '0', '0', '超过2小时未付款,系统自动取消订单', '1434530997'), ('31', '5', 'system', '2', '0', '0', '超过2小时未付款,系统自动取消订单', '1434530997'), ('32', '6', 'system', '2', '0', '0', '超过2小时未付款,系统自动取消订单', '1434530997'), ('33', '7', 'system', '2', '0', '0', '超过2小时未付款,系统自动取消订单', '1434530997'), ('34', '3', 'system', '2', '0', '0', '超过2小时未付款,系统自动取消订单', '1434531155'), ('35', '4', 'system', '2', '0', '0', '超过2小时未付款,系统自动取消订单', '1434531155'), ('36', '5', 'system', '2', '0', '0', '超过2小时未付款,系统自动取消订单', '1434531155'), ('37', '6', 'system', '2', '0', '0', '超过2小时未付款,系统自动取消订单', '1434531155'), ('38', '7', 'system', '2', '0', '0', '超过2小时未付款,系统自动取消订单', '1434531155'), ('39', '3', 'system', '2', '0', '0', '超过2小时未付款,系统自动取消订单', '1434531588'), ('40', '4', 'system', '2', '0', '0', '超过2小时未付款,系统自动取消订单', '1434531588'), ('41', '5', 'system', '2', '0', '0', '超过2小时未付款,系统自动取消订单', '1434531588'), ('42', '6', 'system', '2', '0', '0', '超过2小时未付款,系统自动取消订单', '1434531588'), ('43', '7', 'system', '2', '0', '0', '超过2小时未付款,系统自动取消订单', '1434531588'), ('44', '3', 'system', '2', '0', '0', '超过2小时未付款,系统自动取消订单', '1434531600'), ('45', '4', 'system', '2', '0', '0', '超过2小时未付款,系统自动取消订单', '1434531600'), ('46', '5', 'system', '2', '0', '0', '超过2小时未付款,系统自动取消订单', '1434531600'), ('47', '6', 'system', '2', '0', '0', '超过2小时未付款,系统自动取消订单', '1434531600'), ('48', '7', 'system', '2', '0', '0', '超过2小时未付款,系统自动取消订单', '1434531600'), ('49', '3', 'system', '2', '0', '0', '超过2小时未付款,系统自动取消订单', '1434531632'), ('50', '4', 'system', '2', '0', '0', '超过2小时未付款,系统自动取消订单', '1434531632'), ('51', '5', 'system', '2', '0', '0', '超过2小时未付款,系统自动取消订单', '1434531632'), ('52', '6', 'system', '2', '0', '0', '超过2小时未付款,系统自动取消订单', '1434531632'), ('53', '7', 'system', '2', '0', '0', '超过2小时未付款,系统自动取消订单', '1434531632'), ('54', '3', 'system', '2', '0', '0', '超过2小时未付款,系统自动取消订单', '1434531669'), ('55', '4', 'system', '2', '0', '0', '超过2小时未付款,系统自动取消订单', '1434531669'), ('56', '5', 'system', '2', '0', '0', '超过2小时未付款,系统自动取消订单', '1434531669'), ('57', '6', 'system', '2', '0', '0', '超过2小时未付款,系统自动取消订单', '1434531669'), ('58', '7', 'system', '2', '0', '0', '超过2小时未付款,系统自动取消订单', '1434531669');
COMMIT;

-- ----------------------------
--  Table structure for `sp_order_goods`
-- ----------------------------
DROP TABLE IF EXISTS `sp_order_goods`;
CREATE TABLE `sp_order_goods` (
  `id` int(10) unsigned NOT NULL AUTO_INCREMENT COMMENT '自增主键',
  `order_id` int(10) unsigned DEFAULT '0' COMMENT '订单ID',
  `order_sn` varchar(20) NOT NULL DEFAULT '0' COMMENT '订单编号',
  `goods_id` int(10) unsigned NOT NULL DEFAULT '0' COMMENT '商品id',
  `goods_sn` varchar(20) NOT NULL DEFAULT '0' COMMENT '商品编号',
  `goods_name` varchar(255) DEFAULT '0' COMMENT '商品名称',
  `goods_price` decimal(10,2) unsigned NOT NULL DEFAULT '0.00' COMMENT '商品价格',
  `goods_num` int(10) unsigned NOT NULL DEFAULT '0' COMMENT '购买数量',
  `goods_attr` text COMMENT '商品属性,,如:黑色',
  `money_goods` decimal(10,2) NOT NULL DEFAULT '0.00' COMMENT '价格',
  PRIMARY KEY (`id`)
) ENGINE=InnoDB AUTO_INCREMENT=33 DEFAULT CHARSET=utf8;

-- ----------------------------
--  Records of `sp_order_goods`
-- ----------------------------
BEGIN;
INSERT INTO `sp_order_goods` VALUES ('1', '1', '20150615062341788', '51', 'gs20150512000001', '蔡依林:Play(CD) ', '216.00', '1', '', '216.00'), ('2', '1', '20150615062341788', '2', 'gs20150512000002', '图图', '12.00', '2', '', '24.00'), ('3', '1', '20150615062341788', '3', 'gs20150513000001', '音乐', '100.00', '3', '', '300.00'), ('4', '2', '20150615063928151', '51', 'gs20150512000001', '蔡依林:Play(CD) ', '216.00', '1', '', '216.00'), ('5', '2', '20150615063928151', '2', 'gs20150512000002', '图图', '12.00', '2', '', '24.00'), ('6', '2', '20150615063928151', '3', 'gs20150513000001', '音乐', '100.00', '3', '', '300.00'), ('7', '3', '20150616112707129', '51', 'gs20150512000001', '蔡依林:Play(CD) ', '216.00', '1', '', '216.00'), ('8', '4', '20150616061408325', '46', 'gs20150616000046', 'test001', '10.00', '5', '', '50.00'), ('9', '4', '20150616061408325', '45', 'gs20150616000045', 'test001', '10.00', '2', '', '20.00'), ('10', '5', '20150616062754081', '51', 'gs20150512000001', '蔡依林:Play(CD) ', '216.00', '1', '', '216.00'), ('11', '5', '20150616062754081', '41', 'gs20150608000001', '测试', '14.00', '1', '', '14.00'), ('12', '6', '20150617093933258', '3', 'gs20150513000001', '音乐', '100.00', '3', '', '300.00'), ('13', '6', '20150617093933258', '4', 'gs20150512000003', '版本', '232.00', '7', '', '1624.00'), ('14', '6', '20150617093933258', '5', 'gs20150529000001', 'a', '0.00', '1', '', '0.00'), ('15', '7', '20150617094516731', '2', 'gs20150512000002', '图图', '12.00', '1', '', '12.00'), ('16', '8', '20150617030434157', '2', 'gs20150512000002', '图图', '12.00', '2', '', '24.00'), ('17', '8', '20150617030434157', '4', 'gs20150512000003', '版本', '232.00', '2', '', '464.00'), ('18', '8', '20150617030434157', '9', 'gs20150602000009', '张娜娜aaaaa', '23.00', '5', '', '115.00'), ('19', '8', '20150617030434157', '16', 'gs20150603000016', '魅族手机', '1900.00', '1', '', '1900.00'), ('20', '9', '20150618114935952', '51', 'gs20150617000051', '蔡依林:Play(CD) ', '189.00', '1', '', '189.00'), ('21', '10', '20150618115041.83', '89', 'gs20150617000090', '黃麗玲 A-Lin:罪惡感 Guilt(CD) ', '210.00', '1', '', '210.00'), ('22', '10', '20150618115041.83', '51', 'gs20150617000051', '蔡依林:Play(CD) ', '189.00', '1', '', '189.00'), ('23', '11', '20150618041223095', '48', 'gs20150617000001', '哎呦,不错哦 AIYO,NOT BAD', '153.00', '1', '', '153.00'), ('24', '12', '20150618041832226', '48', 'gs20150617000001', '哎呦,不错哦 AIYO,NOT BAD', '153.00', '1', '0:Array;1:Array;', '153.00'), ('25', '13', '20150618044330633', '48', 'gs20150617000001', '哎呦,不错哦 AIYO,NOT BAD', '153.00', '1', null, '153.00'), ('26', '14', '20150618044609884', '48', 'gs20150617000001', '哎呦,不错哦 AIYO,NOT BAD', '153.00', '1', 'a   a   ', '306.00'), ('27', '17', '20150618045025862', '48', 'gs20150617000001', '哎呦,不错哦 AIYO,NOT BAD', '157.00', '1', '黑色   1.4   ', '310.00'), ('28', '18', '20150618045152337', '48', 'gs20150617000001', '哎呦,不错哦 AIYO,NOT BAD', '157.00', '1', '黑色   1.4   ', '310.00'), ('29', '19', '20150618045635322', '48', 'gs20150617000001', '哎呦,不错哦 AIYO,NOT BAD', '161.00', '1', '白色   1.5   1.4   ', '314.00'), ('30', '19', '20150618045635322', '49', 'gs20150617000049', '李榮浩CD', '128.00', '1', null, '128.00'), ('31', '20', '20150623024531959', '91', 'gs20150617000092', ' 陳奕迅:U87(CD+DVD 14再版) 套裝 ', '200.00', '1', null, '200.00'), ('32', '20', '20150623024531959', '97', 'gs20150618000097', ' 巴赫:作品', '180.00', '1', null, '180.00');
COMMIT;

-- ----------------------------
--  Table structure for `sp_pay_record`
-- ----------------------------
DROP TABLE IF EXISTS `sp_pay_record`;
CREATE TABLE `sp_pay_record` (
  `id` int(10) unsigned NOT NULL AUTO_INCREMENT,
  `pay_type` tinyint(1) unsigned NOT NULL,
  `order_id` varchar(100) NOT NULL,
  `money` float(100,2) NOT NULL,
  `pay_sn` varchar(255) DEFAULT NULL,
  `add_time` int(10) unsigned NOT NULL DEFAULT '0',
  `remark` varchar(255) DEFAULT NULL,
  PRIMARY KEY (`id`)
) ENGINE=MyISAM AUTO_INCREMENT=7 DEFAULT CHARSET=latin1;

-- ----------------------------
--  Records of `sp_pay_record`
-- ----------------------------
BEGIN;
INSERT INTO `sp_pay_record` VALUES ('1', '2', '157', '0.00', null, '0', null), ('2', '2', '1', '48.00', null, '1434357767', null), ('3', '2', '1', '0.00', null, '1434357849', null), ('4', '2', '1', '282.00', null, '1434363346', null), ('5', '2', '1', '282.00', null, '1434363959', null), ('6', '2', '2', '274.00', null, '1434364816', null);
COMMIT;

-- ----------------------------
--  Table structure for `sp_payment`
-- ----------------------------
DROP TABLE IF EXISTS `sp_payment`;
CREATE TABLE `sp_payment` (
  `id` int(11) NOT NULL AUTO_INCREMENT,
  `name` varchar(50) DEFAULT NULL,
  `title` varchar(50) DEFAULT NULL,
  `remark` text,
  `var` varchar(255) DEFAULT NULL,
  `listorder` int(11) DEFAULT NULL,
  `img_url` varchar(255) DEFAULT NULL,
  `pay_fee` decimal(2,0) unsigned DEFAULT '0',
  `status` tinyint(1) unsigned DEFAULT '0',
  PRIMARY KEY (`id`)
) ENGINE=MyISAM AUTO_INCREMENT=8 DEFAULT CHARSET=utf8;

-- ----------------------------
--  Records of `sp_payment`
-- ----------------------------
BEGIN;
INSERT INTO `sp_payment` VALUES ('1', 'Visa', 'Visa', '', null, null, '', '0', '1'), ('2', 'Master Card', 'Master Card', '', null, null, '', '20', '1'), ('3', 'American Express', 'American Express', '', null, null, '', '0', '1'), ('4', 'Visa Debig', 'Visa Debig', '', null, null, '', '0', '1'), ('5', 'Master Debit Card', 'Master Debit Card', '', null, null, '', '0', '1'), ('6', 'HMV Points', 'HMV Points', '', null, null, '', '0', '0'), ('7', 'Alipay', 'Alipay', '', null, null, '', '0', '1');
COMMIT;

-- ----------------------------
--  Table structure for `sp_plugins`
-- ----------------------------
DROP TABLE IF EXISTS `sp_plugins`;
CREATE TABLE `sp_plugins` (
  `id` int(11) unsigned NOT NULL AUTO_INCREMENT COMMENT '自增id',
  `name` varchar(50) NOT NULL COMMENT '插件名，英文',
  `title` varchar(50) NOT NULL DEFAULT '' COMMENT '插件名称',
  `description` text COMMENT '插件描述',
  `type` tinyint(2) DEFAULT '0' COMMENT '插件类型, 1:网站；8;微信',
  `status` tinyint(1) NOT NULL DEFAULT '1' COMMENT '状态；1开启；',
  `config` text COMMENT '插件配置',
  `hooks` varchar(255) DEFAULT NULL COMMENT '实现的钩子;以“，”分隔',
  `has_admin` tinyint(2) DEFAULT '0' COMMENT '插件是否有后台管理界面',
  `author` varchar(50) DEFAULT '' COMMENT '插件作者',
  `version` varchar(20) DEFAULT '' COMMENT '插件版本号',
  `createtime` int(11) unsigned NOT NULL DEFAULT '0' COMMENT '插件安装时间',
  `listorder` smallint(6) NOT NULL DEFAULT '0',
  PRIMARY KEY (`id`)
) ENGINE=MyISAM AUTO_INCREMENT=2 DEFAULT CHARSET=utf8 COMMENT='插件表';

-- ----------------------------
--  Table structure for `sp_posts`
-- ----------------------------
DROP TABLE IF EXISTS `sp_posts`;
CREATE TABLE `sp_posts` (
  `id` bigint(20) unsigned NOT NULL AUTO_INCREMENT,
  `post_author` bigint(20) unsigned DEFAULT '0' COMMENT '发表者id',
  `post_keywords` varchar(150) NOT NULL COMMENT 'seo keywords',
  `post_source` varchar(150) DEFAULT NULL COMMENT '转载文章的来源',
  `post_date` datetime DEFAULT '0000-00-00 00:00:00' COMMENT 'post创建日期，永久不变，一般不显示给用户',
  `post_content` longtext COMMENT 'post内容',
  `post_title` text COMMENT 'post标题',
  `post_excerpt` text COMMENT 'post摘要',
  `post_status` int(2) DEFAULT '1' COMMENT 'post状态，1已审核，0未审核',
  `comment_status` int(2) DEFAULT '1' COMMENT '评论状态，1允许，0不允许',
  `post_modified` datetime DEFAULT '0000-00-00 00:00:00' COMMENT 'post更新时间，可在前台修改，显示给用户',
  `post_content_filtered` longtext,
  `post_parent` bigint(20) unsigned DEFAULT '0' COMMENT 'post的父级post id,表示post层级关系',
  `post_type` int(2) DEFAULT NULL,
  `post_mime_type` varchar(100) DEFAULT '',
  `comment_count` bigint(20) DEFAULT '0',
  `smeta` text COMMENT 'post的扩展字段，保存相关扩展属性，如缩略图；格式为json',
  `post_hits` int(11) DEFAULT '0' COMMENT 'post点击数，查看数',
  `post_like` int(11) DEFAULT '0' COMMENT 'post赞数',
  `istop` tinyint(1) NOT NULL DEFAULT '0' COMMENT '置顶 1置顶； 0不置顶',
  `recommended` tinyint(1) NOT NULL DEFAULT '0' COMMENT '推荐 1推荐 0不推荐',
  PRIMARY KEY (`id`),
  KEY `type_status_date` (`post_type`,`post_status`,`post_date`,`id`),
  KEY `post_parent` (`post_parent`),
  KEY `post_author` (`post_author`),
  KEY `post_date` (`post_date`) USING BTREE
) ENGINE=MyISAM AUTO_INCREMENT=18 DEFAULT CHARSET=utf8;

-- ----------------------------
--  Records of `sp_posts`
-- ----------------------------
BEGIN;
INSERT INTO `sp_posts` VALUES ('15', '1', 'sdf', null, '2015-05-04 11:14:39', '<p>sdfs<br/></p>', 'abab', 'sdfsfsdsdfs', '1', '1', '2015-05-04 11:14:31', null, '0', '2', '', '0', '{&quot;thumb&quot;:&quot;&quot;,&quot;template&quot;:&quot;page&quot;}', '0', '0', '0', '0'), ('2', '1', 'a', '', '2015-04-08 16:11:47', '<p>纯纯粹粹纯纯粹粹纯纯粹粹纯纯粹粹</p>', 'aa纯纯粹粹', '纯纯粹粹纯纯粹粹纯纯粹粹', '1', '1', '2015-04-08 16:11:35', '', '0', '2', '', '0', '{&quot;thumb&quot;:&quot;&quot;,&quot;template&quot;:&quot;page&quot;}', '0', '0', '0', '0'), ('9', '1', '刘奇葆在中国音乐家协会第八次全国代表大会上强调 为人民创作为人民歌唱', '新华网', '2015-04-17 15:46:12', '<p>新华网北京6月16日电 &nbsp;\r\n6月16日，中国音乐家协会第八次全国代表大会在北京召开。中共中央政治局委员、中央书记处书记、中宣部部长刘奇葆出席开幕式并讲话，强调要深入学习贯彻\r\n习近平总书记系列重要讲话精神特别是在文艺工作座谈会上的重要讲话精神，坚持以社会主义核心价值观为引领，坚持以人民为中心的工作导向，为人民创作、为人\r\n民歌唱，推出更多悦耳动听的优秀音乐作品，用来源于人民的音乐回馈人民。</p><p>刘奇葆指出，音乐只有与人民同在，才能获得无穷的力量、焕发蓬勃的生机。广大音乐工作者要始终保持群众立场，使在基层实践、在人民中生活成为常态，\r\n更加自觉主动地写人民生活、唱人间欢乐。要把中国梦作为创作主题，把千千万万普通人追梦圆梦的思想情感转化为一个个生动乐段，让奋进中的人民从音乐中听到\r\n自己的心声。中华文化是中国音乐的底色，中国音乐要扎根于中华文化沃土，彰显民族特色和民族风格，同时积极借鉴各国音乐的优秀元素，带着独特面孔走向世\r\n界，个性鲜明地掀起“中国风”。</p><p>刘奇葆强调，广大音乐工作者要牢记文化担当和社会责任，不懈追求德艺双馨的艺术人生，精心雕琢每一个音符、每一段旋律，用情用心打造更多音乐精品，用音乐弘扬真善美、传递正能量。</p><p>	</p><p style=\"text-align:right;\">(原标题：刘奇葆在中国音乐家协会第八次全国代表大会上强调 为人民创作为人民歌唱)</p><p><br/></p>', '刘奇葆在中国音乐家协会第八次全国代表大会上强调 为人民创作为人民歌唱', '刘奇葆在中国音乐家协会第八次全国代表大会上强调 为人民创作为人民歌唱', '1', '1', '2015-04-17 15:46:07', null, '0', null, '', '0', '{&quot;thumb&quot;:&quot;&quot;}', '1', '0', '0', '0'), ('10', '1', '郭峰回应汪峰半壁江山说：想怎么说怎么说', ' ', '2015-04-17 15:46:53', '<p>6月16日，国家禁毒委员会办公室、中国禁毒基金会联合主办的禁毒公益歌曲《生命》发布会在北京举行，著名歌手郭峰、李玲玉出席。接受采访时，郭峰针对汪峰自称乐坛半壁江山的言论，发表了自己的观点。</p><p>前不久，汪峰工作室发布的一篇名为“如果没有汪峰，大陆乐坛尽失半壁江山”的文章在圈内圈外引起热议。随后就有网友扒出他的历年歌曲名单，其中可发\r\n现大部分歌名都与其好朋友郑钧歌名极为相似。同样作为原创音乐人的郭峰对记者表示，有撑起乐坛半壁江山这样的梦想挺好的。“我觉得他有这个梦想是挺好的，\r\n他自己想怎么说怎么说呗，能朝着这个目标前进挺好的，他自己有自己的愿望，他撑起全天也没关系。”</p><p>　　活动当天，主办方还公布了公益禁毒歌曲《生命》的中英文版MV，有近百名明星参与，其中也不乏成龙这样的国际巨星。采访中，《生命》的词曲作者郭峰透露能够聚齐这么多艺人是很不容易的。</p><p>　　最难的是找演员，安排他们的时间，我们录歌用了6天，这是很难想象的，平时我们录一首歌都是4个小时，这次战线拉得很长。</p><p>　　据悉，公益禁毒歌曲《生命》将在626国际禁毒日前后在各大媒体平台播出。</p><p><br/></p>', '郭峰回应汪峰半壁江山说：想怎么说怎么说', '郭峰回应汪峰半壁江山说：想怎么说怎么说', '1', '1', '2015-04-17 15:46:49', null, '0', null, '', '0', '{&quot;thumb&quot;:&quot;&quot;}', '1', '0', '0', '0'), ('11', '1', '魏佳庆新歌打造新能量音乐 让青春在路上盛放', 'd', '2015-04-17 15:47:00', '<p style=\"text-align:center;\"><img id=\"2833475\" src=\"http://hmv/data/upload/ueditor/20150617/55817641d7417.jpg\"/></p><p style=\"TEXT-INDENT: 2em\">凭借原创歌曲《过载》成功转型为唱作人的“摇滚轻熟女”魏佳庆，今日她的另一首新歌《公路少年》全网首发。</p><p style=\"TEXT-INDENT: 2em\"><strong>《公路少年》“自由、勇敢、主张”的态度， 让梦想ROCK起来</strong></p><p style=\"TEXT-INDENT: 2em\">《公路少年》是出自于最具艺术气质的摇滚乐队万能青年旅店之手，另类的音乐元素加上电子曲风让\r\n歌曲耳目一新，前奏一响起就十分抓人耳朵。歌中诠释了敏锐、倔强的少年，一直没有停下追逐梦想的脚步；尽管一望无际的路上只剩下满眼的蓝天白云、刺眼的阳\r\n光、内心的希望却像沿路的花儿不断在绽放。歌曲在编曲上保留了万青独有的标志性小号，结尾部分一段温暖悦耳的solo演奏，似嘹亮而极富光辉色彩的号角鼓\r\n励着前行的少年，这与编曲中加入略显灰暗的电子元素形成了强烈的对比和碰撞，面对一半是火焰一半是海水的未来和情感，魏佳庆唱法简单直接，唱完就出发的感\r\n觉为作品增添了十足的画面感。</p><p style=\"TEXT-INDENT: 2em\"><strong>《公路少年》打造新能量音乐 为梦想而努力前行</strong></p><p style=\"TEXT-INDENT: 2em\">这是一首充满正能量的歌曲，正如歌词中所唱到的：“公路有理想/ \r\n旅行的背囊/看一眼想很久的人呐/重新/满怀希望”。有希望，就不会绝望；有梦想，就不会失去理想。这也是魏佳庆与万青合作创作此歌的初衷。其实，对于音\r\n乐和梦想魏佳庆从未停下脚步，岁月的力量使她骨子里的小执拗逐渐蜕变成女人举手投足的潇洒与不妥协。她笑说，喜欢这首歌的听众朋友一定都是和她一样，乐观\r\n积极，为梦想而努力前行着。无论在任何情况下都不放弃自己，做一个永远在公路上奔跑的人！</p><p><br/></p>', '魏佳庆新歌打造新能量音乐 让青春在路上盛放', '魏佳庆新歌打造新能量音乐 让青春在路上盛放', '1', '1', '2015-04-17 15:46:54', null, '0', null, '', '0', '{&quot;thumb&quot;:&quot;&quot;}', '2', '0', '0', '0'), ('12', '1', '通过DB2为电子商务提供支持HMV获得更大的利润', 'aliyun', '2015-04-17 15:47:07', '<p>&quot;DB2 Universal Database是我们全球电子商务计划取得成功的一个关键因素，因为它无缝地与我们现有的平台进行集成。&quot;</p><p>-- HMV 集团电子商务董事Duncan Bell</p><p>应用:与后端ERP和履行系统进行集成的虚拟http://www.aliyun.com/zixun/aggregation/12469.html&quot;&gt;音乐商店</p><p>商业优势:每月在线销售额增加15%，每周对网站的访问量超过了五百万个页面和200000人次，全球性的市场扩张，开发周期减少3个月</p><p>软件:IBM DB2® Universal DatabaseTM for AS/400® IBM WebSphere® Application Server IBM WebSphere MQ® IBM DB2 DataPropagatorTM IBM VisualAge® for JavaTM</p><p>硬件:IBM AS/400 IBM RS/6000®</p><p>服务部门:IBM Global Services</p><p>随着音乐在因特网上的泛滥，传统和电子零售商都建立了电子商店，其速度是任何一家建筑承包商所无法想象的。但是和所有的建筑物一样，这些商店也需要一个坚固的基础。而这些基础最重要的组件之一就是数据库。</p><p>因此，当HMV Media集团这家全球最大的音乐零售商和英国最大的书籍专家开始转向电子商务时，它调查了可伸缩的可靠数据库的IT前景，该数据库可无缝地集成到其现有的库存和系列基础设施（基于IBM DB2 Universal Database for AS/400）。</p><p>名为TRACK的库存和系列系统是HMV集团的核心产品目录。它还为在公司的所有300个音乐储存中补充库存提供一个机构，同时还为自动化履行和集\r\n成ERP和金融系统提供手段。HMV集团希望通过将这些现有的资产与电子目录集成来充分利用这些现有资产，从而大大地减少启动在线零售项目通常所需的较长\r\n的初始时间和较大的金融投资。为了开发该电子商务计划，HMV向IBM发出了邀请，从一开始起IBM就是在开发TRACK系统过程中发挥了作用的合作伙\r\n伴。</p><p>&quot;我们将DB2与Oracle作了比较&quot;，HMV集团电子商务董事Duncan Bell说，&quot;但是进行了正反两方面的讨论后，我们确定DB2可提供更好的性能，并且更易于和我们现有的履行系统集成。我认为再没有比DB2更好的方案了。&quot;</p><p>通过与IBM Global Services合作，HMV集团使用DB2 Universal Database、IBM WebSphere \r\nApplication Server、IBM VisualAge for Java和IBM WebSphere MQ在www.hmv.com 和\r\n www.hmv.co.uk 开发了一个网络商店。HMV集团还安装了一个IBM RS/6000服务器以达到负荷平衡。</p><p>从投入运行后，HMV网络商店的销量每月以15%的速度增加。每周访问的量超过200000人次和五百万个页面，HMV集团预期销售额将迅猛增长。</p><p>TRACK现有的核心目录可轻松地与DB2接口，从而无需从无到有开发一个。这为HMV集团节约了大约3个月的开发时间。该网络商店现在已将HMV推向了几乎全世界的每个地区。</p><p>&quot;我们在TRACK系统取得的成功源于其跨国界和商务功能的全体整合&quot;，Bell说道，&quot;DB2 Universal Database是我们的全球电子商务计划取得成功的一个关键因素，因为它无缝地与我们现有的平台进行集成。&quot;</p><p>多渠道方法</p><p>始终开发与消费者进行沟通的新方式使HMV集团成为当今实力雄厚的零售商。不久消费者就可以购买和立即下载音乐到他们自己的硬盘了。移动用户已经有无线应用协议（WAP）了--通过它可访问HMV集团的目录，并且该用户群每时每刻都在增加。最近，HMV在日本使用DB2为其后端数据库推出了其网站的WAP版，现在，其在日本的在线销售额的25%是无线设备进行的。</p><p>电子目录的更新输入到后端AS/400服务器的DB2 Universal Database里。然后，\r\n通过使用IBM DB2 DataPropagator，这些更新被复制到与WebSphere Application \r\nServer同驻在前端AS/400服务器上的DB2 Universal Database的另一个例案。通过与IBM Global \r\nServices合作，HMV集团使用VisualAge for Java和WebSphere \r\nMQ开发了一个基于Java的交易应用程序，而VisualAge for Java将在线购物与HMV的ERP、金融和履行系统相集成。</p><p>HMV集团电子商务系统管理员David Cameron说：&quot;如果您想成功进行电子商务，将您的后端系统与您的前端数据库相集成是必不可少的。在我们的案例中，DB2 Universal Database在该过程中发挥了作用&quot;。</p><p><br/></p>', '通过DB2为电子商务提供支持HMV获得更大的利润', '&quot;DB2 Universal Database是我们全球电子商务计划取得成功的一个关键因素，因为它无缝地与我们现有的平台进行集成。&quot;', '1', '1', '2015-04-17 15:47:01', null, '0', null, '', '0', '{&quot;thumb&quot;:&quot;&quot;}', '3', '0', '0', '0'), ('13', '1', '黑胶唱片的复兴能走多远', '香港信报财经新闻', '2015-04-17 15:47:13', '<p>唱片业发展模式一变再变，影音零售愈做愈缩，百年老店HMV一度濒临破产。然而，鸡死鸡鸣，总有人愿意向难度挑战。私募基金汇友资本（AID Partners）去年入主HMV，随即于今年初为HMV中环店引入高诚资本（08088）。店铺经翻新后，本周试业。</p><p>据媒体报道，换了新颜的HMV大玩新旧元素crossover（跨界混搭），下层数码化，上层专设黑胶碟区，力吸“怀旧客”。HMV新主的鸿图大计能否创出佳绩，老毕不敢胡乱置评。我感兴趣的是，黑胶唱片区到底是藉怀旧概念带动数码化和其它产品销售，纯粹gimmick（小花招），抑或黑胶碟本身也是销售中一个重要环节？</p><p>在听歌已进入串流时代、合法下载可能步CD后尘的今天，黑胶唱片枯木逢春，恐怕连业界亦始料不及。</p><p>市场调查公司Nielsen Soundscan本月初发表的年中报告显示，黑胶碟今年上半年在美国售出400万张，按年增逾四成。2013年全年，黑胶唱片在美国售出600万张，为1991年以来最旺。按前六个月趋势，黑胶碟今年全年销量当能轻易超越去年水平。</p><p>当然，以黑胶唱片一年数百万张的销量，跟逾亿的CD和数码化音乐销情相比，远远成不了主流。然而，就如美国人气流行乐唱作人Taylor \r\nSwift所言，唱片不是没有未来，但突破困局要找到缺口。“小天后”所指虽不一定是黑胶唱片，但黑胶碟出现第二春这个现象，足以引发吃音乐这行饭，包括\r\nHMV一类零售商深思。</p><p>音乐产业的出路是否HMV新主、汇友创办人兼首席合伙人胡景邵寄以厚望的O2O（Online to Offline，在线到线下）发展策略，有待时间验证。但常言道得好，知己知彼百战百胜。数码结合实体，是否就能把音乐产业引向复苏之路，由行内人提供亲身经验，别具参考价值。</p><p>老毕提及Taylor Swift，是有原因的。除了以24岁之龄便坐拥九位数美元身家、在线线下左右逢源外，最主要还是因为“小天后”月初应《华尔街日报》之邀，在该报向以严肃见称的评论版发表对音乐产业前景的见解。“小天后”大笔一挥，有几点别有意味：</p><p>第一，Taylor Swift自言，很久已没有粉丝向她索取亲笔签名。别误会，这句话绝不代表“小天后”人气下降。Swift的意思是，要捕捉近距离接触偶像的炫酷镜头，第一时间跟闺密以至不相识之辈分享“历史时刻”，有什么比手机自拍照（selfie）更有效可靠？</p><p>第二，Swift的一位女演员朋友说“小天后”，某出电影近日选角，筛剩二人，Swift之友最终落选。原因？在导演眼中，Twitter粉丝人数重要性盖过演技。姑勿论那是否落败者吃不到的葡萄，惟Swift从这件事归纳出一个结论：网络世界追随者愈众，艺人愈容易获得发展机会，跟昔日没有发展机会何来追随者的模式大相径庭。</p><p>第三，在YouTube年代，歌手现场演出早于视频被下载N次，演唱会若千篇一律，观众很快便会看厌。艺人不得不绞尽脑汁，以花样百出的表演留住粉丝。</p><p>Swift评论中扬言，对唱片业前景无比乐观。老毕却在想，黑胶唱片“复兴”并不意味恐龙亦能复活，说其为对数码化得益者的无声抗议，也许更接近事实。</p><p><br/></p>', '黑胶唱片的复兴能走多远', '唱片业发展模式一变再变，影音零售愈做愈缩，百年老店HMV一度濒临破产。然而，鸡死鸡鸣，总有人愿意向难度挑战。私募基金汇友资本（AID Partners）去年入主HMV，随即于今年初为HMV中环店引入高诚资本（08088）。店铺经翻新后，本周试业。', '1', '1', '2015-04-17 15:47:08', null, '0', null, '', '0', '{&quot;thumb&quot;:&quot;&quot;}', '7', '0', '0', '0'), ('17', '1', '端午假期听音乐', '新华网', '2015-06-17 21:33:24', '<p><img alt=\"端午假期听音乐\" src=\"http://hmv/data/upload/ueditor/20150617/558177193f3be.jpg\" style=\"padding:3px;\"/></p><center>&nbsp; &nbsp; &nbsp; &nbsp; &nbsp; &nbsp; &nbsp; &nbsp; &nbsp; &nbsp; &nbsp; &nbsp; &nbsp; &nbsp; &nbsp; &nbsp; &nbsp; &nbsp;</center><p><br/> &nbsp; &nbsp; &nbsp; &nbsp; &nbsp; &nbsp; &nbsp; &nbsp; &nbsp; &nbsp; &nbsp; &nbsp; &nbsp; &nbsp; &nbsp; &nbsp;</p><p>12日,在2015年中法文化之春顺德夏至音乐节(下称“音乐节”)新闻发布会上,活动举办方表示,今年的音乐节将于端午公众假期的20-21日在佛山大良顺峰山公园举行,届时有包括大地艺术、现代音乐和电影等将近20场活动,公众可以免费参与。</p><p>侯鹏飞/摄</p><p><br/></p>', '端午假期听音乐', '端午假期听音乐', '1', '1', '2015-06-17 21:32:39', null, '0', null, '', '0', '{&quot;thumb&quot;:&quot;&quot;}', '5', '0', '0', '0'), ('16', '1', '', null, '2015-06-11 10:03:44', '<p>cgvdcvgc</p>', '店铺地址', '我是店铺地址啦啦啦啦啦啦拉', '1', '1', '2015-06-11 10:03:21', null, '0', '2', '', '0', '{&quot;thumb&quot;:&quot;&quot;,&quot;template&quot;:&quot;page&quot;}', '0', '0', '0', '0');
COMMIT;

-- ----------------------------
--  Table structure for `sp_rank`
-- ----------------------------
DROP TABLE IF EXISTS `sp_rank`;
CREATE TABLE `sp_rank` (
  `rank_id` tinyint(3) unsigned NOT NULL AUTO_INCREMENT,
  `rank_name` varchar(30) NOT NULL DEFAULT '',
  `min_points` int(10) unsigned NOT NULL DEFAULT '0',
  `max_points` int(10) unsigned NOT NULL DEFAULT '0',
  `discount` tinyint(3) unsigned NOT NULL DEFAULT '0',
  `show_price` tinyint(1) unsigned NOT NULL DEFAULT '1',
  `special_rank` tinyint(1) unsigned NOT NULL DEFAULT '0',
  `status` tinyint(1) unsigned NOT NULL DEFAULT '1',
  PRIMARY KEY (`rank_id`)
) ENGINE=MyISAM AUTO_INCREMENT=7 DEFAULT CHARSET=utf8;

-- ----------------------------
--  Records of `sp_rank`
-- ----------------------------
BEGIN;
INSERT INTO `sp_rank` VALUES ('2', 'vip', '10000', '10000000', '95', '0', '0', '1'), ('3', '代销用户', '0', '0', '90', '1', '1', '1'), ('5', 'bbb', '232', '23', '23', '1', '1', '1');
COMMIT;

-- ----------------------------
--  Table structure for `sp_region`
-- ----------------------------
DROP TABLE IF EXISTS `sp_region`;
CREATE TABLE `sp_region` (
  `id` smallint(5) unsigned NOT NULL AUTO_INCREMENT,
  `pid` smallint(5) unsigned NOT NULL DEFAULT '0',
  `name` varchar(120) NOT NULL DEFAULT '',
  `type` tinyint(1) NOT NULL DEFAULT '2',
  `agency_id` smallint(5) unsigned NOT NULL DEFAULT '0',
  PRIMARY KEY (`id`),
  KEY `parent_id` (`pid`) USING BTREE,
  KEY `region_type` (`type`) USING BTREE,
  KEY `agency_id` (`agency_id`) USING BTREE
) ENGINE=MyISAM AUTO_INCREMENT=3726 DEFAULT CHARSET=utf8;

-- ----------------------------
--  Records of `sp_region`
-- ----------------------------
BEGIN;
INSERT INTO `sp_region` VALUES ('1', '0', '中国', '0', '0'), ('2', '1', '北京', '1', '0'), ('3', '1', '安徽', '1', '0'), ('4', '1', '福建', '1', '0'), ('5', '1', '甘肃', '1', '0'), ('6', '1', '广东', '1', '0'), ('7', '1', '广西', '1', '0'), ('8', '1', '贵州', '1', '0'), ('9', '1', '海南', '1', '0'), ('10', '1', '河北', '1', '0'), ('11', '1', '河南', '1', '0'), ('12', '1', '黑龙江', '1', '0'), ('13', '1', '湖北', '1', '0'), ('14', '1', '湖南', '1', '0'), ('15', '1', '吉林', '1', '0'), ('16', '1', '江苏', '1', '0'), ('17', '1', '江西', '1', '0'), ('18', '1', '辽宁', '1', '0'), ('19', '1', '内蒙古', '1', '0'), ('20', '1', '宁夏', '1', '0'), ('21', '1', '青海', '1', '0'), ('22', '1', '山东', '1', '0'), ('23', '1', '山西', '1', '0'), ('24', '1', '陕西', '1', '0'), ('25', '1', '上海', '1', '0'), ('26', '1', '四川', '1', '0'), ('27', '1', '天津', '1', '0'), ('28', '1', '西藏', '1', '0'), ('29', '1', '新疆', '1', '0'), ('30', '1', '云南', '1', '0'), ('31', '1', '浙江', '1', '0'), ('32', '1', '重庆', '1', '0'), ('33', '1', '香港', '1', '0'), ('34', '1', '澳门', '1', '0'), ('35', '1', '台湾', '1', '0'), ('36', '3', '安庆', '2', '0'), ('37', '3', '蚌埠', '2', '0'), ('38', '3', '巢湖', '2', '0'), ('39', '3', '池州', '2', '0'), ('40', '3', '滁州', '2', '0'), ('41', '3', '阜阳', '2', '0'), ('42', '3', '淮北', '2', '0'), ('43', '3', '淮南', '2', '0'), ('44', '3', '黄山', '2', '0'), ('45', '3', '六安', '2', '0'), ('46', '3', '马鞍山', '2', '0'), ('47', '3', '宿州', '2', '0'), ('48', '3', '铜陵', '2', '0'), ('49', '3', '芜湖', '2', '0'), ('50', '3', '宣城', '2', '0'), ('51', '3', '亳州', '2', '0'), ('52', '2', '北京', '2', '0'), ('53', '4', '福州', '2', '0'), ('54', '4', '龙岩', '2', '0'), ('55', '4', '南平', '2', '0'), ('56', '4', '宁德', '2', '0'), ('57', '4', '莆田', '2', '0'), ('58', '4', '泉州', '2', '0'), ('59', '4', '三明', '2', '0'), ('60', '4', '厦门', '2', '0'), ('61', '4', '漳州', '2', '0'), ('62', '5', '兰州', '2', '0'), ('63', '5', '白银', '2', '0'), ('64', '5', '定西', '2', '0'), ('65', '5', '甘南', '2', '0'), ('66', '5', '嘉峪关', '2', '0'), ('67', '5', '金昌', '2', '0'), ('68', '5', '酒泉', '2', '0'), ('69', '5', '临夏', '2', '0'), ('70', '5', '陇南', '2', '0'), ('71', '5', '平凉', '2', '0'), ('72', '5', '庆阳', '2', '0'), ('73', '5', '天水', '2', '0'), ('74', '5', '武威', '2', '0'), ('75', '5', '张掖', '2', '0'), ('76', '6', '广州', '2', '0'), ('77', '6', '深圳', '2', '0'), ('78', '6', '潮州', '2', '0'), ('79', '6', '东莞', '2', '0'), ('80', '6', '佛山', '2', '0'), ('81', '6', '河源', '2', '0'), ('82', '6', '惠州', '2', '0'), ('83', '6', '江门', '2', '0'), ('84', '6', '揭阳', '2', '0'), ('85', '6', '茂名', '2', '0'), ('86', '6', '梅州', '2', '0'), ('87', '6', '清远', '2', '0'), ('88', '6', '汕头', '2', '0'), ('89', '6', '汕尾', '2', '0'), ('90', '6', '韶关', '2', '0'), ('91', '6', '阳江', '2', '0'), ('92', '6', '云浮', '2', '0'), ('93', '6', '湛江', '2', '0'), ('94', '6', '肇庆', '2', '0'), ('95', '6', '中山', '2', '0'), ('96', '6', '珠海', '2', '0'), ('97', '7', '南宁', '2', '0'), ('98', '7', '桂林', '2', '0'), ('99', '7', '百色', '2', '0'), ('100', '7', '北海', '2', '0'), ('101', '7', '崇左', '2', '0'), ('102', '7', '防城港', '2', '0'), ('103', '7', '贵港', '2', '0'), ('104', '7', '河池', '2', '0'), ('105', '7', '贺州', '2', '0'), ('106', '7', '来宾', '2', '0'), ('107', '7', '柳州', '2', '0'), ('108', '7', '钦州', '2', '0'), ('109', '7', '梧州', '2', '0'), ('110', '7', '玉林', '2', '0'), ('111', '8', '贵阳', '2', '0'), ('112', '8', '安顺', '2', '0'), ('113', '8', '毕节', '2', '0'), ('114', '8', '六盘水', '2', '0'), ('115', '8', '黔东南', '2', '0'), ('116', '8', '黔南', '2', '0'), ('117', '8', '黔西南', '2', '0'), ('118', '8', '铜仁', '2', '0'), ('119', '8', '遵义', '2', '0'), ('120', '9', '海口', '2', '0'), ('121', '9', '三亚', '2', '0'), ('122', '9', '白沙', '2', '0'), ('123', '9', '保亭', '2', '0'), ('124', '9', '昌江', '2', '0'), ('125', '9', '澄迈县', '2', '0'), ('126', '9', '定安县', '2', '0'), ('127', '9', '东方', '2', '0'), ('128', '9', '乐东', '2', '0'), ('129', '9', '临高县', '2', '0'), ('130', '9', '陵水', '2', '0'), ('131', '9', '琼海', '2', '0'), ('132', '9', '琼中', '2', '0'), ('133', '9', '屯昌县', '2', '0'), ('134', '9', '万宁', '2', '0'), ('135', '9', '文昌', '2', '0'), ('136', '9', '五指山', '2', '0'), ('137', '9', '儋州', '2', '0'), ('138', '10', '石家庄', '2', '0'), ('139', '10', '保定', '2', '0'), ('140', '10', '沧州', '2', '0'), ('141', '10', '承德', '2', '0'), ('142', '10', '邯郸', '2', '0'), ('143', '10', '衡水', '2', '0'), ('144', '10', '廊坊', '2', '0'), ('145', '10', '秦皇岛', '2', '0'), ('146', '10', '唐山', '2', '0'), ('147', '10', '邢台', '2', '0'), ('148', '10', '张家口', '2', '0'), ('149', '11', '郑州', '2', '0'), ('150', '11', '洛阳', '2', '0'), ('151', '11', '开封', '2', '0'), ('152', '11', '安阳', '2', '0'), ('153', '11', '鹤壁', '2', '0'), ('154', '11', '济源', '2', '0'), ('155', '11', '焦作', '2', '0'), ('156', '11', '南阳', '2', '0'), ('157', '11', '平顶山', '2', '0'), ('158', '11', '三门峡', '2', '0'), ('159', '11', '商丘', '2', '0'), ('160', '11', '新乡', '2', '0'), ('161', '11', '信阳', '2', '0'), ('162', '11', '许昌', '2', '0'), ('163', '11', '周口', '2', '0'), ('164', '11', '驻马店', '2', '0'), ('165', '11', '漯河', '2', '0'), ('166', '11', '濮阳', '2', '0'), ('167', '12', '哈尔滨', '2', '0'), ('168', '12', '大庆', '2', '0'), ('169', '12', '大兴安岭', '2', '0'), ('170', '12', '鹤岗', '2', '0'), ('171', '12', '黑河', '2', '0'), ('172', '12', '鸡西', '2', '0'), ('173', '12', '佳木斯', '2', '0'), ('174', '12', '牡丹江', '2', '0'), ('175', '12', '七台河', '2', '0'), ('176', '12', '齐齐哈尔', '2', '0'), ('177', '12', '双鸭山', '2', '0'), ('178', '12', '绥化', '2', '0'), ('179', '12', '伊春', '2', '0'), ('180', '13', '武汉', '2', '0'), ('181', '13', '仙桃', '2', '0'), ('182', '13', '鄂州', '2', '0'), ('183', '13', '黄冈', '2', '0'), ('184', '13', '黄石', '2', '0'), ('185', '13', '荆门', '2', '0'), ('186', '13', '荆州', '2', '0'), ('187', '13', '潜江', '2', '0'), ('188', '13', '神农架林区', '2', '0'), ('189', '13', '十堰', '2', '0'), ('190', '13', '随州', '2', '0'), ('191', '13', '天门', '2', '0'), ('192', '13', '咸宁', '2', '0'), ('193', '13', '襄樊', '2', '0'), ('194', '13', '孝感', '2', '0'), ('195', '13', '宜昌', '2', '0'), ('196', '13', '恩施', '2', '0'), ('197', '14', '长沙', '2', '0'), ('198', '14', '张家界', '2', '0'), ('199', '14', '常德', '2', '0'), ('200', '14', '郴州', '2', '0'), ('201', '14', '衡阳', '2', '0'), ('202', '14', '怀化', '2', '0'), ('203', '14', '娄底', '2', '0'), ('204', '14', '邵阳', '2', '0'), ('205', '14', '湘潭', '2', '0'), ('206', '14', '湘西', '2', '0'), ('207', '14', '益阳', '2', '0'), ('208', '14', '永州', '2', '0'), ('209', '14', '岳阳', '2', '0'), ('210', '14', '株洲', '2', '0'), ('211', '15', '长春', '2', '0'), ('212', '15', '吉林', '2', '0'), ('213', '15', '白城', '2', '0'), ('214', '15', '白山', '2', '0'), ('215', '15', '辽源', '2', '0'), ('216', '15', '四平', '2', '0'), ('217', '15', '松原', '2', '0'), ('218', '15', '通化', '2', '0'), ('219', '15', '延边', '2', '0'), ('220', '16', '南京', '2', '0'), ('221', '16', '苏州', '2', '0'), ('222', '16', '无锡', '2', '0'), ('223', '16', '常州', '2', '0'), ('224', '16', '淮安', '2', '0'), ('225', '16', '连云港', '2', '0'), ('226', '16', '南通', '2', '0'), ('227', '16', '宿迁', '2', '0'), ('228', '16', '泰州', '2', '0'), ('229', '16', '徐州', '2', '0'), ('230', '16', '盐城', '2', '0'), ('231', '16', '扬州', '2', '0'), ('232', '16', '镇江', '2', '0'), ('233', '17', '南昌', '2', '0'), ('234', '17', '抚州', '2', '0'), ('235', '17', '赣州', '2', '0'), ('236', '17', '吉安', '2', '0'), ('237', '17', '景德镇', '2', '0'), ('238', '17', '九江', '2', '0'), ('239', '17', '萍乡', '2', '0'), ('240', '17', '上饶', '2', '0'), ('241', '17', '新余', '2', '0'), ('242', '17', '宜春', '2', '0'), ('243', '17', '鹰潭', '2', '0'), ('244', '18', '沈阳', '2', '0'), ('245', '18', '大连', '2', '0'), ('246', '18', '鞍山', '2', '0'), ('247', '18', '本溪', '2', '0'), ('248', '18', '朝阳', '2', '0'), ('249', '18', '丹东', '2', '0'), ('250', '18', '抚顺', '2', '0'), ('251', '18', '阜新', '2', '0'), ('252', '18', '葫芦岛', '2', '0'), ('253', '18', '锦州', '2', '0'), ('254', '18', '辽阳', '2', '0'), ('255', '18', '盘锦', '2', '0'), ('256', '18', '铁岭', '2', '0'), ('257', '18', '营口', '2', '0'), ('258', '19', '呼和浩特', '2', '0'), ('259', '19', '阿拉善盟', '2', '0'), ('260', '19', '巴彦淖尔盟', '2', '0'), ('261', '19', '包头', '2', '0'), ('262', '19', '赤峰', '2', '0'), ('263', '19', '鄂尔多斯', '2', '0'), ('264', '19', '呼伦贝尔', '2', '0'), ('265', '19', '通辽', '2', '0'), ('266', '19', '乌海', '2', '0'), ('267', '19', '乌兰察布市', '2', '0'), ('268', '19', '锡林郭勒盟', '2', '0'), ('269', '19', '兴安盟', '2', '0'), ('270', '20', '银川', '2', '0'), ('271', '20', '固原', '2', '0'), ('272', '20', '石嘴山', '2', '0'), ('273', '20', '吴忠', '2', '0'), ('274', '20', '中卫', '2', '0'), ('275', '21', '西宁', '2', '0'), ('276', '21', '果洛', '2', '0'), ('277', '21', '海北', '2', '0'), ('278', '21', '海东', '2', '0'), ('279', '21', '海南', '2', '0'), ('280', '21', '海西', '2', '0'), ('281', '21', '黄南', '2', '0'), ('282', '21', '玉树', '2', '0'), ('283', '22', '济南', '2', '0'), ('284', '22', '青岛', '2', '0'), ('285', '22', '滨州', '2', '0'), ('286', '22', '德州', '2', '0'), ('287', '22', '东营', '2', '0'), ('288', '22', '菏泽', '2', '0'), ('289', '22', '济宁', '2', '0'), ('290', '22', '莱芜', '2', '0'), ('291', '22', '聊城', '2', '0'), ('292', '22', '临沂', '2', '0'), ('293', '22', '日照', '2', '0'), ('294', '22', '泰安', '2', '0'), ('295', '22', '威海', '2', '0'), ('296', '22', '潍坊', '2', '0'), ('297', '22', '烟台', '2', '0'), ('298', '22', '枣庄', '2', '0'), ('299', '22', '淄博', '2', '0'), ('300', '23', '太原', '2', '0'), ('301', '23', '长治', '2', '0'), ('302', '23', '大同', '2', '0'), ('303', '23', '晋城', '2', '0'), ('304', '23', '晋中', '2', '0'), ('305', '23', '临汾', '2', '0'), ('306', '23', '吕梁', '2', '0'), ('307', '23', '朔州', '2', '0'), ('308', '23', '忻州', '2', '0'), ('309', '23', '阳泉', '2', '0'), ('310', '23', '运城', '2', '0'), ('311', '24', '西安', '2', '0'), ('312', '24', '安康', '2', '0'), ('313', '24', '宝鸡', '2', '0'), ('314', '24', '汉中', '2', '0'), ('315', '24', '商洛', '2', '0'), ('316', '24', '铜川', '2', '0'), ('317', '24', '渭南', '2', '0'), ('318', '24', '咸阳', '2', '0'), ('319', '24', '延安', '2', '0'), ('320', '24', '榆林', '2', '0'), ('321', '25', '上海', '2', '0'), ('322', '26', '成都', '2', '0'), ('323', '26', '绵阳', '2', '0'), ('324', '26', '阿坝', '2', '0'), ('325', '26', '巴中', '2', '0'), ('326', '26', '达州', '2', '0'), ('327', '26', '德阳', '2', '0'), ('328', '26', '甘孜', '2', '0'), ('329', '26', '广安', '2', '0'), ('330', '26', '广元', '2', '0'), ('331', '26', '乐山', '2', '0'), ('332', '26', '凉山', '2', '0'), ('333', '26', '眉山', '2', '0'), ('334', '26', '南充', '2', '0'), ('335', '26', '内江', '2', '0'), ('336', '26', '攀枝花', '2', '0'), ('337', '26', '遂宁', '2', '0'), ('338', '26', '雅安', '2', '0'), ('339', '26', '宜宾', '2', '0'), ('340', '26', '资阳', '2', '0'), ('341', '26', '自贡', '2', '0'), ('342', '26', '泸州', '2', '0'), ('343', '27', '天津', '2', '0'), ('344', '28', '拉萨', '2', '0'), ('345', '28', '阿里', '2', '0'), ('346', '28', '昌都', '2', '0'), ('347', '28', '林芝', '2', '0'), ('348', '28', '那曲', '2', '0'), ('349', '28', '日喀则', '2', '0'), ('350', '28', '山南', '2', '0'), ('351', '29', '乌鲁木齐', '2', '0'), ('352', '29', '阿克苏', '2', '0'), ('353', '29', '阿拉尔', '2', '0'), ('354', '29', '巴音郭楞', '2', '0'), ('355', '29', '博尔塔拉', '2', '0'), ('356', '29', '昌吉', '2', '0'), ('357', '29', '哈密', '2', '0'), ('358', '29', '和田', '2', '0'), ('359', '29', '喀什', '2', '0'), ('360', '29', '克拉玛依', '2', '0'), ('361', '29', '克孜勒苏', '2', '0'), ('362', '29', '石河子', '2', '0'), ('363', '29', '图木舒克', '2', '0'), ('364', '29', '吐鲁番', '2', '0'), ('365', '29', '五家渠', '2', '0'), ('366', '29', '伊犁', '2', '0'), ('367', '30', '昆明', '2', '0'), ('368', '30', '怒江', '2', '0'), ('369', '30', '普洱', '2', '0'), ('370', '30', '丽江', '2', '0'), ('371', '30', '保山', '2', '0'), ('372', '30', '楚雄', '2', '0'), ('373', '30', '大理', '2', '0'), ('374', '30', '德宏', '2', '0'), ('375', '30', '迪庆', '2', '0'), ('376', '30', '红河', '2', '0'), ('377', '30', '临沧', '2', '0'), ('378', '30', '曲靖', '2', '0'), ('379', '30', '文山', '2', '0'), ('380', '30', '西双版纳', '2', '0'), ('381', '30', '玉溪', '2', '0'), ('382', '30', '昭通', '2', '0'), ('383', '31', '杭州', '2', '0'), ('384', '31', '湖州', '2', '0'), ('385', '31', '嘉兴', '2', '0'), ('386', '31', '金华', '2', '0'), ('387', '31', '丽水', '2', '0'), ('388', '31', '宁波', '2', '0'), ('389', '31', '绍兴', '2', '0'), ('390', '31', '台州', '2', '0'), ('391', '31', '温州', '2', '0'), ('392', '31', '舟山', '2', '0'), ('393', '31', '衢州', '2', '0'), ('394', '32', '重庆', '2', '0'), ('395', '33', '香港', '2', '0'), ('396', '34', '澳门', '2', '0'), ('397', '35', '台湾', '2', '0'), ('398', '36', '迎江区', '3', '0'), ('399', '36', '大观区', '3', '0'), ('400', '36', '宜秀区', '3', '0'), ('401', '36', '桐城市', '3', '0'), ('402', '36', '怀宁县', '3', '0'), ('403', '36', '枞阳县', '3', '0'), ('404', '36', '潜山县', '3', '0'), ('405', '36', '太湖县', '3', '0'), ('406', '36', '宿松县', '3', '0'), ('407', '36', '望江县', '3', '0'), ('408', '36', '岳西县', '3', '0'), ('409', '37', '中市区', '3', '0'), ('410', '37', '东市区', '3', '0'), ('411', '37', '西市区', '3', '0'), ('412', '37', '郊区', '3', '0'), ('413', '37', '怀远县', '3', '0'), ('414', '37', '五河县', '3', '0'), ('415', '37', '固镇县', '3', '0'), ('416', '38', '居巢区', '3', '0'), ('417', '38', '庐江县', '3', '0'), ('418', '38', '无为县', '3', '0'), ('419', '38', '含山县', '3', '0'), ('420', '38', '和县', '3', '0'), ('421', '39', '贵池区', '3', '0'), ('422', '39', '东至县', '3', '0'), ('423', '39', '石台县', '3', '0'), ('424', '39', '青阳县', '3', '0'), ('425', '40', '琅琊区', '3', '0'), ('426', '40', '南谯区', '3', '0'), ('427', '40', '天长市', '3', '0'), ('428', '40', '明光市', '3', '0'), ('429', '40', '来安县', '3', '0'), ('430', '40', '全椒县', '3', '0'), ('431', '40', '定远县', '3', '0'), ('432', '40', '凤阳县', '3', '0'), ('433', '41', '蚌山区', '3', '0'), ('434', '41', '龙子湖区', '3', '0'), ('435', '41', '禹会区', '3', '0'), ('436', '41', '淮上区', '3', '0'), ('437', '41', '颍州区', '3', '0'), ('438', '41', '颍东区', '3', '0'), ('439', '41', '颍泉区', '3', '0'), ('440', '41', '界首市', '3', '0'), ('441', '41', '临泉县', '3', '0'), ('442', '41', '太和县', '3', '0'), ('443', '41', '阜南县', '3', '0'), ('444', '41', '颖上县', '3', '0'), ('445', '42', '相山区', '3', '0'), ('446', '42', '杜集区', '3', '0'), ('447', '42', '烈山区', '3', '0'), ('448', '42', '濉溪县', '3', '0'), ('449', '43', '田家庵区', '3', '0'), ('450', '43', '大通区', '3', '0'), ('451', '43', '谢家集区', '3', '0'), ('452', '43', '八公山区', '3', '0'), ('453', '43', '潘集区', '3', '0'), ('454', '43', '凤台县', '3', '0'), ('455', '44', '屯溪区', '3', '0'), ('456', '44', '黄山区', '3', '0'), ('457', '44', '徽州区', '3', '0'), ('458', '44', '歙县', '3', '0'), ('459', '44', '休宁县', '3', '0'), ('460', '44', '黟县', '3', '0'), ('461', '44', '祁门县', '3', '0'), ('462', '45', '金安区', '3', '0'), ('463', '45', '裕安区', '3', '0'), ('464', '45', '寿县', '3', '0'), ('465', '45', '霍邱县', '3', '0'), ('466', '45', '舒城县', '3', '0'), ('467', '45', '金寨县', '3', '0'), ('468', '45', '霍山县', '3', '0'), ('469', '46', '雨山区', '3', '0'), ('470', '46', '花山区', '3', '0'), ('471', '46', '金家庄区', '3', '0'), ('472', '46', '当涂县', '3', '0'), ('473', '47', '埇桥区', '3', '0'), ('474', '47', '砀山县', '3', '0'), ('475', '47', '萧县', '3', '0'), ('476', '47', '灵璧县', '3', '0'), ('477', '47', '泗县', '3', '0'), ('478', '48', '铜官山区', '3', '0'), ('479', '48', '狮子山区', '3', '0'), ('480', '48', '郊区', '3', '0'), ('481', '48', '铜陵县', '3', '0'), ('482', '49', '镜湖区', '3', '0'), ('483', '49', '弋江区', '3', '0'), ('484', '49', '鸠江区', '3', '0'), ('485', '49', '三山区', '3', '0'), ('486', '49', '芜湖县', '3', '0'), ('487', '49', '繁昌县', '3', '0'), ('488', '49', '南陵县', '3', '0'), ('489', '50', '宣州区', '3', '0'), ('490', '50', '宁国市', '3', '0'), ('491', '50', '郎溪县', '3', '0'), ('492', '50', '广德县', '3', '0'), ('493', '50', '泾县', '3', '0'), ('494', '50', '绩溪县', '3', '0'), ('495', '50', '旌德县', '3', '0'), ('496', '51', '涡阳县', '3', '0'), ('497', '51', '蒙城县', '3', '0'), ('498', '51', '利辛县', '3', '0'), ('499', '51', '谯城区', '3', '0'), ('500', '52', '东城区', '3', '0'), ('501', '52', '西城区', '3', '0'), ('502', '52', '海淀区', '3', '0'), ('503', '52', '朝阳区', '3', '0'), ('504', '52', '崇文区', '3', '0'), ('505', '52', '宣武区', '3', '0'), ('506', '52', '丰台区', '3', '0'), ('507', '52', '石景山区', '3', '0'), ('508', '52', '房山区', '3', '0'), ('509', '52', '门头沟区', '3', '0'), ('510', '52', '通州区', '3', '0'), ('511', '52', '顺义区', '3', '0'), ('512', '52', '昌平区', '3', '0'), ('513', '52', '怀柔区', '3', '0'), ('514', '52', '平谷区', '3', '0'), ('515', '52', '大兴区', '3', '0'), ('516', '52', '密云县', '3', '0'), ('517', '52', '延庆县', '3', '0'), ('518', '53', '鼓楼区', '3', '0'), ('519', '53', '台江区', '3', '0'), ('520', '53', '仓山区', '3', '0'), ('521', '53', '马尾区', '3', '0'), ('522', '53', '晋安区', '3', '0'), ('523', '53', '福清市', '3', '0'), ('524', '53', '长乐市', '3', '0'), ('525', '53', '闽侯县', '3', '0'), ('526', '53', '连江县', '3', '0'), ('527', '53', '罗源县', '3', '0'), ('528', '53', '闽清县', '3', '0'), ('529', '53', '永泰县', '3', '0'), ('530', '53', '平潭县', '3', '0'), ('531', '54', '新罗区', '3', '0'), ('532', '54', '漳平市', '3', '0'), ('533', '54', '长汀县', '3', '0'), ('534', '54', '永定县', '3', '0'), ('535', '54', '上杭县', '3', '0'), ('536', '54', '武平县', '3', '0'), ('537', '54', '连城县', '3', '0'), ('538', '55', '延平区', '3', '0'), ('539', '55', '邵武市', '3', '0'), ('540', '55', '武夷山市', '3', '0'), ('541', '55', '建瓯市', '3', '0'), ('542', '55', '建阳市', '3', '0'), ('543', '55', '顺昌县', '3', '0'), ('544', '55', '浦城县', '3', '0'), ('545', '55', '光泽县', '3', '0'), ('546', '55', '松溪县', '3', '0'), ('547', '55', '政和县', '3', '0'), ('548', '56', '蕉城区', '3', '0'), ('549', '56', '福安市', '3', '0'), ('550', '56', '福鼎市', '3', '0'), ('551', '56', '霞浦县', '3', '0'), ('552', '56', '古田县', '3', '0'), ('553', '56', '屏南县', '3', '0'), ('554', '56', '寿宁县', '3', '0'), ('555', '56', '周宁县', '3', '0'), ('556', '56', '柘荣县', '3', '0'), ('557', '57', '城厢区', '3', '0'), ('558', '57', '涵江区', '3', '0'), ('559', '57', '荔城区', '3', '0'), ('560', '57', '秀屿区', '3', '0'), ('561', '57', '仙游县', '3', '0'), ('562', '58', '鲤城区', '3', '0'), ('563', '58', '丰泽区', '3', '0'), ('564', '58', '洛江区', '3', '0'), ('565', '58', '清濛开发区', '3', '0'), ('566', '58', '泉港区', '3', '0'), ('567', '58', '石狮市', '3', '0'), ('568', '58', '晋江市', '3', '0'), ('569', '58', '南安市', '3', '0'), ('570', '58', '惠安县', '3', '0'), ('571', '58', '安溪县', '3', '0'), ('572', '58', '永春县', '3', '0'), ('573', '58', '德化县', '3', '0'), ('574', '58', '金门县', '3', '0'), ('575', '59', '梅列区', '3', '0'), ('576', '59', '三元区', '3', '0'), ('577', '59', '永安市', '3', '0'), ('578', '59', '明溪县', '3', '0'), ('579', '59', '清流县', '3', '0'), ('580', '59', '宁化县', '3', '0'), ('581', '59', '大田县', '3', '0'), ('582', '59', '尤溪县', '3', '0'), ('583', '59', '沙县', '3', '0'), ('584', '59', '将乐县', '3', '0'), ('585', '59', '泰宁县', '3', '0'), ('586', '59', '建宁县', '3', '0'), ('587', '60', '思明区', '3', '0'), ('588', '60', '海沧区', '3', '0'), ('589', '60', '湖里区', '3', '0'), ('590', '60', '集美区', '3', '0'), ('591', '60', '同安区', '3', '0'), ('592', '60', '翔安区', '3', '0'), ('593', '61', '芗城区', '3', '0'), ('594', '61', '龙文区', '3', '0'), ('595', '61', '龙海市', '3', '0'), ('596', '61', '云霄县', '3', '0'), ('597', '61', '漳浦县', '3', '0'), ('598', '61', '诏安县', '3', '0'), ('599', '61', '长泰县', '3', '0'), ('600', '61', '东山县', '3', '0'), ('601', '61', '南靖县', '3', '0'), ('602', '61', '平和县', '3', '0'), ('603', '61', '华安县', '3', '0'), ('604', '62', '皋兰县', '3', '0'), ('605', '62', '城关区', '3', '0'), ('606', '62', '七里河区', '3', '0'), ('607', '62', '西固区', '3', '0'), ('608', '62', '安宁区', '3', '0'), ('609', '62', '红古区', '3', '0'), ('610', '62', '永登县', '3', '0'), ('611', '62', '榆中县', '3', '0'), ('612', '63', '白银区', '3', '0'), ('613', '63', '平川区', '3', '0'), ('614', '63', '会宁县', '3', '0'), ('615', '63', '景泰县', '3', '0'), ('616', '63', '靖远县', '3', '0'), ('617', '64', '临洮县', '3', '0'), ('618', '64', '陇西县', '3', '0'), ('619', '64', '通渭县', '3', '0'), ('620', '64', '渭源县', '3', '0'), ('621', '64', '漳县', '3', '0'), ('622', '64', '岷县', '3', '0'), ('623', '64', '安定区', '3', '0'), ('624', '64', '安定区', '3', '0'), ('625', '65', '合作市', '3', '0'), ('626', '65', '临潭县', '3', '0'), ('627', '65', '卓尼县', '3', '0'), ('628', '65', '舟曲县', '3', '0'), ('629', '65', '迭部县', '3', '0'), ('630', '65', '玛曲县', '3', '0'), ('631', '65', '碌曲县', '3', '0'), ('632', '65', '夏河县', '3', '0'), ('633', '66', '嘉峪关市', '3', '0'), ('634', '67', '金川区', '3', '0'), ('635', '67', '永昌县', '3', '0'), ('636', '68', '肃州区', '3', '0'), ('637', '68', '玉门市', '3', '0'), ('638', '68', '敦煌市', '3', '0'), ('639', '68', '金塔县', '3', '0'), ('640', '68', '瓜州县', '3', '0'), ('641', '68', '肃北', '3', '0'), ('642', '68', '阿克塞', '3', '0'), ('643', '69', '临夏市', '3', '0'), ('644', '69', '临夏县', '3', '0'), ('645', '69', '康乐县', '3', '0'), ('646', '69', '永靖县', '3', '0'), ('647', '69', '广河县', '3', '0'), ('648', '69', '和政县', '3', '0'), ('649', '69', '东乡族自治县', '3', '0'), ('650', '69', '积石山', '3', '0'), ('651', '70', '成县', '3', '0'), ('652', '70', '徽县', '3', '0'), ('653', '70', '康县', '3', '0'), ('654', '70', '礼县', '3', '0'), ('655', '70', '两当县', '3', '0'), ('656', '70', '文县', '3', '0'), ('657', '70', '西和县', '3', '0'), ('658', '70', '宕昌县', '3', '0'), ('659', '70', '武都区', '3', '0'), ('660', '71', '崇信县', '3', '0'), ('661', '71', '华亭县', '3', '0'), ('662', '71', '静宁县', '3', '0'), ('663', '71', '灵台县', '3', '0'), ('664', '71', '崆峒区', '3', '0'), ('665', '71', '庄浪县', '3', '0'), ('666', '71', '泾川县', '3', '0'), ('667', '72', '合水县', '3', '0'), ('668', '72', '华池县', '3', '0'), ('669', '72', '环县', '3', '0'), ('670', '72', '宁县', '3', '0'), ('671', '72', '庆城县', '3', '0'), ('672', '72', '西峰区', '3', '0'), ('673', '72', '镇原县', '3', '0'), ('674', '72', '正宁县', '3', '0'), ('675', '73', '甘谷县', '3', '0'), ('676', '73', '秦安县', '3', '0'), ('677', '73', '清水县', '3', '0'), ('678', '73', '秦州区', '3', '0'), ('679', '73', '麦积区', '3', '0'), ('680', '73', '武山县', '3', '0'), ('681', '73', '张家川', '3', '0'), ('682', '74', '古浪县', '3', '0'), ('683', '74', '民勤县', '3', '0'), ('684', '74', '天祝', '3', '0'), ('685', '74', '凉州区', '3', '0'), ('686', '75', '高台县', '3', '0'), ('687', '75', '临泽县', '3', '0'), ('688', '75', '民乐县', '3', '0'), ('689', '75', '山丹县', '3', '0'), ('690', '75', '肃南', '3', '0'), ('691', '75', '甘州区', '3', '0'), ('692', '76', '从化市', '3', '0'), ('693', '76', '天河区', '3', '0'), ('694', '76', '东山区', '3', '0'), ('695', '76', '白云区', '3', '0'), ('696', '76', '海珠区', '3', '0'), ('697', '76', '荔湾区', '3', '0'), ('698', '76', '越秀区', '3', '0'), ('699', '76', '黄埔区', '3', '0'), ('700', '76', '番禺区', '3', '0'), ('701', '76', '花都区', '3', '0'), ('702', '76', '增城区', '3', '0'), ('703', '76', '从化区', '3', '0'), ('704', '76', '市郊', '3', '0'), ('705', '77', '福田区', '3', '0'), ('706', '77', '罗湖区', '3', '0'), ('707', '77', '南山区', '3', '0'), ('708', '77', '宝安区', '3', '0'), ('709', '77', '龙岗区', '3', '0'), ('710', '77', '盐田区', '3', '0'), ('711', '78', '湘桥区', '3', '0'), ('712', '78', '潮安县', '3', '0'), ('713', '78', '饶平县', '3', '0'), ('714', '79', '南城区', '3', '0'), ('715', '79', '东城区', '3', '0'), ('716', '79', '万江区', '3', '0'), ('717', '79', '莞城区', '3', '0'), ('718', '79', '石龙镇', '3', '0'), ('719', '79', '虎门镇', '3', '0'), ('720', '79', '麻涌镇', '3', '0'), ('721', '79', '道滘镇', '3', '0'), ('722', '79', '石碣镇', '3', '0'), ('723', '79', '沙田镇', '3', '0'), ('724', '79', '望牛墩镇', '3', '0'), ('725', '79', '洪梅镇', '3', '0'), ('726', '79', '茶山镇', '3', '0'), ('727', '79', '寮步镇', '3', '0'), ('728', '79', '大岭山镇', '3', '0'), ('729', '79', '大朗镇', '3', '0'), ('730', '79', '黄江镇', '3', '0'), ('731', '79', '樟木头', '3', '0'), ('732', '79', '凤岗镇', '3', '0'), ('733', '79', '塘厦镇', '3', '0'), ('734', '79', '谢岗镇', '3', '0'), ('735', '79', '厚街镇', '3', '0'), ('736', '79', '清溪镇', '3', '0'), ('737', '79', '常平镇', '3', '0'), ('738', '79', '桥头镇', '3', '0'), ('739', '79', '横沥镇', '3', '0'), ('740', '79', '东坑镇', '3', '0'), ('741', '79', '企石镇', '3', '0'), ('742', '79', '石排镇', '3', '0'), ('743', '79', '长安镇', '3', '0'), ('744', '79', '中堂镇', '3', '0'), ('745', '79', '高埗镇', '3', '0'), ('746', '80', '禅城区', '3', '0'), ('747', '80', '南海区', '3', '0'), ('748', '80', '顺德区', '3', '0'), ('749', '80', '三水区', '3', '0'), ('750', '80', '高明区', '3', '0'), ('751', '81', '东源县', '3', '0'), ('752', '81', '和平县', '3', '0'), ('753', '81', '源城区', '3', '0'), ('754', '81', '连平县', '3', '0'), ('755', '81', '龙川县', '3', '0'), ('756', '81', '紫金县', '3', '0'), ('757', '82', '惠阳区', '3', '0'), ('758', '82', '惠城区', '3', '0'), ('759', '82', '大亚湾', '3', '0'), ('760', '82', '博罗县', '3', '0'), ('761', '82', '惠东县', '3', '0'), ('762', '82', '龙门县', '3', '0'), ('763', '83', '江海区', '3', '0'), ('764', '83', '蓬江区', '3', '0'), ('765', '83', '新会区', '3', '0'), ('766', '83', '台山市', '3', '0'), ('767', '83', '开平市', '3', '0'), ('768', '83', '鹤山市', '3', '0'), ('769', '83', '恩平市', '3', '0'), ('770', '84', '榕城区', '3', '0'), ('771', '84', '普宁市', '3', '0'), ('772', '84', '揭东县', '3', '0'), ('773', '84', '揭西县', '3', '0'), ('774', '84', '惠来县', '3', '0'), ('775', '85', '茂南区', '3', '0'), ('776', '85', '茂港区', '3', '0'), ('777', '85', '高州市', '3', '0'), ('778', '85', '化州市', '3', '0'), ('779', '85', '信宜市', '3', '0'), ('780', '85', '电白县', '3', '0'), ('781', '86', '梅县', '3', '0'), ('782', '86', '梅江区', '3', '0'), ('783', '86', '兴宁市', '3', '0'), ('784', '86', '大埔县', '3', '0'), ('785', '86', '丰顺县', '3', '0'), ('786', '86', '五华县', '3', '0'), ('787', '86', '平远县', '3', '0'), ('788', '86', '蕉岭县', '3', '0'), ('789', '87', '清城区', '3', '0'), ('790', '87', '英德市', '3', '0'), ('791', '87', '连州市', '3', '0'), ('792', '87', '佛冈县', '3', '0'), ('793', '87', '阳山县', '3', '0'), ('794', '87', '清新县', '3', '0'), ('795', '87', '连山', '3', '0'), ('796', '87', '连南', '3', '0'), ('797', '88', '南澳县', '3', '0'), ('798', '88', '潮阳区', '3', '0'), ('799', '88', '澄海区', '3', '0'), ('800', '88', '龙湖区', '3', '0'), ('801', '88', '金平区', '3', '0'), ('802', '88', '濠江区', '3', '0'), ('803', '88', '潮南区', '3', '0'), ('804', '89', '城区', '3', '0'), ('805', '89', '陆丰市', '3', '0'), ('806', '89', '海丰县', '3', '0'), ('807', '89', '陆河县', '3', '0'), ('808', '90', '曲江县', '3', '0'), ('809', '90', '浈江区', '3', '0'), ('810', '90', '武江区', '3', '0'), ('811', '90', '曲江区', '3', '0'), ('812', '90', '乐昌市', '3', '0'), ('813', '90', '南雄市', '3', '0'), ('814', '90', '始兴县', '3', '0'), ('815', '90', '仁化县', '3', '0'), ('816', '90', '翁源县', '3', '0'), ('817', '90', '新丰县', '3', '0'), ('818', '90', '乳源', '3', '0'), ('819', '91', '江城区', '3', '0'), ('820', '91', '阳春市', '3', '0'), ('821', '91', '阳西县', '3', '0'), ('822', '91', '阳东县', '3', '0'), ('823', '92', '云城区', '3', '0'), ('824', '92', '罗定市', '3', '0'), ('825', '92', '新兴县', '3', '0'), ('826', '92', '郁南县', '3', '0'), ('827', '92', '云安县', '3', '0'), ('828', '93', '赤坎区', '3', '0'), ('829', '93', '霞山区', '3', '0'), ('830', '93', '坡头区', '3', '0'), ('831', '93', '麻章区', '3', '0'), ('832', '93', '廉江市', '3', '0'), ('833', '93', '雷州市', '3', '0'), ('834', '93', '吴川市', '3', '0'), ('835', '93', '遂溪县', '3', '0'), ('836', '93', '徐闻县', '3', '0'), ('837', '94', '肇庆市', '3', '0'), ('838', '94', '高要市', '3', '0'), ('839', '94', '四会市', '3', '0'), ('840', '94', '广宁县', '3', '0'), ('841', '94', '怀集县', '3', '0'), ('842', '94', '封开县', '3', '0'), ('843', '94', '德庆县', '3', '0'), ('844', '95', '石岐街道', '3', '0'), ('845', '95', '东区街道', '3', '0'), ('846', '95', '西区街道', '3', '0'), ('847', '95', '环城街道', '3', '0'), ('848', '95', '中山港街道', '3', '0'), ('849', '95', '五桂山街道', '3', '0'), ('850', '96', '香洲区', '3', '0'), ('851', '96', '斗门区', '3', '0'), ('852', '96', '金湾区', '3', '0'), ('853', '97', '邕宁区', '3', '0'), ('854', '97', '青秀区', '3', '0'), ('855', '97', '兴宁区', '3', '0'), ('856', '97', '良庆区', '3', '0'), ('857', '97', '西乡塘区', '3', '0'), ('858', '97', '江南区', '3', '0'), ('859', '97', '武鸣县', '3', '0'), ('860', '97', '隆安县', '3', '0'), ('861', '97', '马山县', '3', '0'), ('862', '97', '上林县', '3', '0'), ('863', '97', '宾阳县', '3', '0'), ('864', '97', '横县', '3', '0'), ('865', '98', '秀峰区', '3', '0'), ('866', '98', '叠彩区', '3', '0'), ('867', '98', '象山区', '3', '0'), ('868', '98', '七星区', '3', '0'), ('869', '98', '雁山区', '3', '0'), ('870', '98', '阳朔县', '3', '0'), ('871', '98', '临桂县', '3', '0'), ('872', '98', '灵川县', '3', '0'), ('873', '98', '全州县', '3', '0'), ('874', '98', '平乐县', '3', '0'), ('875', '98', '兴安县', '3', '0'), ('876', '98', '灌阳县', '3', '0'), ('877', '98', '荔浦县', '3', '0'), ('878', '98', '资源县', '3', '0'), ('879', '98', '永福县', '3', '0'), ('880', '98', '龙胜', '3', '0'), ('881', '98', '恭城', '3', '0'), ('882', '99', '右江区', '3', '0'), ('883', '99', '凌云县', '3', '0'), ('884', '99', '平果县', '3', '0'), ('885', '99', '西林县', '3', '0'), ('886', '99', '乐业县', '3', '0'), ('887', '99', '德保县', '3', '0'), ('888', '99', '田林县', '3', '0'), ('889', '99', '田阳县', '3', '0'), ('890', '99', '靖西县', '3', '0'), ('891', '99', '田东县', '3', '0'), ('892', '99', '那坡县', '3', '0'), ('893', '99', '隆林', '3', '0'), ('894', '100', '海城区', '3', '0'), ('895', '100', '银海区', '3', '0'), ('896', '100', '铁山港区', '3', '0'), ('897', '100', '合浦县', '3', '0'), ('898', '101', '江州区', '3', '0'), ('899', '101', '凭祥市', '3', '0'), ('900', '101', '宁明县', '3', '0'), ('901', '101', '扶绥县', '3', '0'), ('902', '101', '龙州县', '3', '0'), ('903', '101', '大新县', '3', '0'), ('904', '101', '天等县', '3', '0'), ('905', '102', '港口区', '3', '0'), ('906', '102', '防城区', '3', '0'), ('907', '102', '东兴市', '3', '0'), ('908', '102', '上思县', '3', '0'), ('909', '103', '港北区', '3', '0'), ('910', '103', '港南区', '3', '0'), ('911', '103', '覃塘区', '3', '0'), ('912', '103', '桂平市', '3', '0'), ('913', '103', '平南县', '3', '0'), ('914', '104', '金城江区', '3', '0'), ('915', '104', '宜州市', '3', '0'), ('916', '104', '天峨县', '3', '0'), ('917', '104', '凤山县', '3', '0'), ('918', '104', '南丹县', '3', '0'), ('919', '104', '东兰县', '3', '0'), ('920', '104', '都安', '3', '0'), ('921', '104', '罗城', '3', '0'), ('922', '104', '巴马', '3', '0'), ('923', '104', '环江', '3', '0'), ('924', '104', '大化', '3', '0'), ('925', '105', '八步区', '3', '0'), ('926', '105', '钟山县', '3', '0'), ('927', '105', '昭平县', '3', '0'), ('928', '105', '富川', '3', '0'), ('929', '106', '兴宾区', '3', '0'), ('930', '106', '合山市', '3', '0'), ('931', '106', '象州县', '3', '0'), ('932', '106', '武宣县', '3', '0'), ('933', '106', '忻城县', '3', '0'), ('934', '106', '金秀', '3', '0'), ('935', '107', '城中区', '3', '0'), ('936', '107', '鱼峰区', '3', '0'), ('937', '107', '柳北区', '3', '0'), ('938', '107', '柳南区', '3', '0'), ('939', '107', '柳江县', '3', '0'), ('940', '107', '柳城县', '3', '0'), ('941', '107', '鹿寨县', '3', '0'), ('942', '107', '融安县', '3', '0'), ('943', '107', '融水', '3', '0'), ('944', '107', '三江', '3', '0'), ('945', '108', '钦南区', '3', '0'), ('946', '108', '钦北区', '3', '0'), ('947', '108', '灵山县', '3', '0'), ('948', '108', '浦北县', '3', '0'), ('949', '109', '万秀区', '3', '0'), ('950', '109', '蝶山区', '3', '0'), ('951', '109', '长洲区', '3', '0'), ('952', '109', '岑溪市', '3', '0'), ('953', '109', '苍梧县', '3', '0'), ('954', '109', '藤县', '3', '0'), ('955', '109', '蒙山县', '3', '0'), ('956', '110', '玉州区', '3', '0'), ('957', '110', '北流市', '3', '0'), ('958', '110', '容县', '3', '0'), ('959', '110', '陆川县', '3', '0'), ('960', '110', '博白县', '3', '0'), ('961', '110', '兴业县', '3', '0'), ('962', '111', '南明区', '3', '0'), ('963', '111', '云岩区', '3', '0'), ('964', '111', '花溪区', '3', '0'), ('965', '111', '乌当区', '3', '0'), ('966', '111', '白云区', '3', '0'), ('967', '111', '小河区', '3', '0'), ('968', '111', '金阳新区', '3', '0'), ('969', '111', '新天园区', '3', '0'), ('970', '111', '清镇市', '3', '0'), ('971', '111', '开阳县', '3', '0'), ('972', '111', '修文县', '3', '0'), ('973', '111', '息烽县', '3', '0'), ('974', '112', '西秀区', '3', '0'), ('975', '112', '关岭', '3', '0'), ('976', '112', '镇宁', '3', '0'), ('977', '112', '紫云', '3', '0'), ('978', '112', '平坝县', '3', '0'), ('979', '112', '普定县', '3', '0'), ('980', '113', '毕节市', '3', '0'), ('981', '113', '大方县', '3', '0'), ('982', '113', '黔西县', '3', '0'), ('983', '113', '金沙县', '3', '0'), ('984', '113', '织金县', '3', '0'), ('985', '113', '纳雍县', '3', '0'), ('986', '113', '赫章县', '3', '0'), ('987', '113', '威宁', '3', '0'), ('988', '114', '钟山区', '3', '0'), ('989', '114', '六枝特区', '3', '0'), ('990', '114', '水城县', '3', '0'), ('991', '114', '盘县', '3', '0'), ('992', '115', '凯里市', '3', '0'), ('993', '115', '黄平县', '3', '0'), ('994', '115', '施秉县', '3', '0'), ('995', '115', '三穗县', '3', '0'), ('996', '115', '镇远县', '3', '0'), ('997', '115', '岑巩县', '3', '0'), ('998', '115', '天柱县', '3', '0'), ('999', '115', '锦屏县', '3', '0'), ('1000', '115', '剑河县', '3', '0'), ('1001', '115', '台江县', '3', '0'), ('1002', '115', '黎平县', '3', '0'), ('1003', '115', '榕江县', '3', '0'), ('1004', '115', '从江县', '3', '0'), ('1005', '115', '雷山县', '3', '0'), ('1006', '115', '麻江县', '3', '0'), ('1007', '115', '丹寨县', '3', '0'), ('1008', '116', '都匀市', '3', '0'), ('1009', '116', '福泉市', '3', '0'), ('1010', '116', '荔波县', '3', '0'), ('1011', '116', '贵定县', '3', '0'), ('1012', '116', '瓮安县', '3', '0'), ('1013', '116', '独山县', '3', '0'), ('1014', '116', '平塘县', '3', '0'), ('1015', '116', '罗甸县', '3', '0'), ('1016', '116', '长顺县', '3', '0'), ('1017', '116', '龙里县', '3', '0'), ('1018', '116', '惠水县', '3', '0'), ('1019', '116', '三都', '3', '0'), ('1020', '117', '兴义市', '3', '0'), ('1021', '117', '兴仁县', '3', '0'), ('1022', '117', '普安县', '3', '0'), ('1023', '117', '晴隆县', '3', '0'), ('1024', '117', '贞丰县', '3', '0'), ('1025', '117', '望谟县', '3', '0'), ('1026', '117', '册亨县', '3', '0'), ('1027', '117', '安龙县', '3', '0'), ('1028', '118', '铜仁市', '3', '0'), ('1029', '118', '江口县', '3', '0'), ('1030', '118', '石阡县', '3', '0'), ('1031', '118', '思南县', '3', '0'), ('1032', '118', '德江县', '3', '0'), ('1033', '118', '玉屏', '3', '0'), ('1034', '118', '印江', '3', '0'), ('1035', '118', '沿河', '3', '0'), ('1036', '118', '松桃', '3', '0'), ('1037', '118', '万山特区', '3', '0'), ('1038', '119', '红花岗区', '3', '0'), ('1039', '119', '务川县', '3', '0'), ('1040', '119', '道真县', '3', '0'), ('1041', '119', '汇川区', '3', '0'), ('1042', '119', '赤水市', '3', '0'), ('1043', '119', '仁怀市', '3', '0'), ('1044', '119', '遵义县', '3', '0'), ('1045', '119', '桐梓县', '3', '0'), ('1046', '119', '绥阳县', '3', '0'), ('1047', '119', '正安县', '3', '0'), ('1048', '119', '凤冈县', '3', '0'), ('1049', '119', '湄潭县', '3', '0'), ('1050', '119', '余庆县', '3', '0'), ('1051', '119', '习水县', '3', '0'), ('1052', '119', '道真', '3', '0'), ('1053', '119', '务川', '3', '0'), ('1054', '120', '秀英区', '3', '0'), ('1055', '120', '龙华区', '3', '0'), ('1056', '120', '琼山区', '3', '0'), ('1057', '120', '美兰区', '3', '0'), ('1058', '137', '市区', '3', '0'), ('1059', '137', '洋浦开发区', '3', '0'), ('1060', '137', '那大镇', '3', '0'), ('1061', '137', '王五镇', '3', '0'), ('1062', '137', '雅星镇', '3', '0'), ('1063', '137', '大成镇', '3', '0'), ('1064', '137', '中和镇', '3', '0'), ('1065', '137', '峨蔓镇', '3', '0'), ('1066', '137', '南丰镇', '3', '0'), ('1067', '137', '白马井镇', '3', '0'), ('1068', '137', '兰洋镇', '3', '0'), ('1069', '137', '和庆镇', '3', '0'), ('1070', '137', '海头镇', '3', '0'), ('1071', '137', '排浦镇', '3', '0'), ('1072', '137', '东成镇', '3', '0'), ('1073', '137', '光村镇', '3', '0'), ('1074', '137', '木棠镇', '3', '0'), ('1075', '137', '新州镇', '3', '0'), ('1076', '137', '三都镇', '3', '0'), ('1077', '137', '其他', '3', '0'), ('1078', '138', '长安区', '3', '0'), ('1079', '138', '桥东区', '3', '0'), ('1080', '138', '桥西区', '3', '0'), ('1081', '138', '新华区', '3', '0'), ('1082', '138', '裕华区', '3', '0'), ('1083', '138', '井陉矿区', '3', '0'), ('1084', '138', '高新区', '3', '0'), ('1085', '138', '辛集市', '3', '0'), ('1086', '138', '藁城市', '3', '0'), ('1087', '138', '晋州市', '3', '0'), ('1088', '138', '新乐市', '3', '0'), ('1089', '138', '鹿泉市', '3', '0'), ('1090', '138', '井陉县', '3', '0'), ('1091', '138', '正定县', '3', '0'), ('1092', '138', '栾城县', '3', '0'), ('1093', '138', '行唐县', '3', '0'), ('1094', '138', '灵寿县', '3', '0'), ('1095', '138', '高邑县', '3', '0'), ('1096', '138', '深泽县', '3', '0'), ('1097', '138', '赞皇县', '3', '0'), ('1098', '138', '无极县', '3', '0'), ('1099', '138', '平山县', '3', '0'), ('1100', '138', '元氏县', '3', '0'), ('1101', '138', '赵县', '3', '0'), ('1102', '139', '新市区', '3', '0'), ('1103', '139', '南市区', '3', '0'), ('1104', '139', '北市区', '3', '0'), ('1105', '139', '涿州市', '3', '0'), ('1106', '139', '定州市', '3', '0'), ('1107', '139', '安国市', '3', '0'), ('1108', '139', '高碑店市', '3', '0'), ('1109', '139', '满城县', '3', '0'), ('1110', '139', '清苑县', '3', '0'), ('1111', '139', '涞水县', '3', '0'), ('1112', '139', '阜平县', '3', '0'), ('1113', '139', '徐水县', '3', '0'), ('1114', '139', '定兴县', '3', '0'), ('1115', '139', '唐县', '3', '0'), ('1116', '139', '高阳县', '3', '0'), ('1117', '139', '容城县', '3', '0'), ('1118', '139', '涞源县', '3', '0'), ('1119', '139', '望都县', '3', '0'), ('1120', '139', '安新县', '3', '0'), ('1121', '139', '易县', '3', '0'), ('1122', '139', '曲阳县', '3', '0'), ('1123', '139', '蠡县', '3', '0'), ('1124', '139', '顺平县', '3', '0'), ('1125', '139', '博野县', '3', '0'), ('1126', '139', '雄县', '3', '0'), ('1127', '140', '运河区', '3', '0'), ('1128', '140', '新华区', '3', '0'), ('1129', '140', '泊头市', '3', '0'), ('1130', '140', '任丘市', '3', '0'), ('1131', '140', '黄骅市', '3', '0'), ('1132', '140', '河间市', '3', '0'), ('1133', '140', '沧县', '3', '0'), ('1134', '140', '青县', '3', '0'), ('1135', '140', '东光县', '3', '0'), ('1136', '140', '海兴县', '3', '0'), ('1137', '140', '盐山县', '3', '0'), ('1138', '140', '肃宁县', '3', '0'), ('1139', '140', '南皮县', '3', '0'), ('1140', '140', '吴桥县', '3', '0'), ('1141', '140', '献县', '3', '0'), ('1142', '140', '孟村', '3', '0'), ('1143', '141', '双桥区', '3', '0'), ('1144', '141', '双滦区', '3', '0'), ('1145', '141', '鹰手营子矿区', '3', '0'), ('1146', '141', '承德县', '3', '0'), ('1147', '141', '兴隆县', '3', '0'), ('1148', '141', '平泉县', '3', '0'), ('1149', '141', '滦平县', '3', '0'), ('1150', '141', '隆化县', '3', '0'), ('1151', '141', '丰宁', '3', '0'), ('1152', '141', '宽城', '3', '0'), ('1153', '141', '围场', '3', '0'), ('1154', '142', '从台区', '3', '0'), ('1155', '142', '复兴区', '3', '0'), ('1156', '142', '邯山区', '3', '0'), ('1157', '142', '峰峰矿区', '3', '0'), ('1158', '142', '武安市', '3', '0'), ('1159', '142', '邯郸县', '3', '0'), ('1160', '142', '临漳县', '3', '0'), ('1161', '142', '成安县', '3', '0'), ('1162', '142', '大名县', '3', '0'), ('1163', '142', '涉县', '3', '0'), ('1164', '142', '磁县', '3', '0'), ('1165', '142', '肥乡县', '3', '0'), ('1166', '142', '永年县', '3', '0'), ('1167', '142', '邱县', '3', '0'), ('1168', '142', '鸡泽县', '3', '0'), ('1169', '142', '广平县', '3', '0'), ('1170', '142', '馆陶县', '3', '0'), ('1171', '142', '魏县', '3', '0'), ('1172', '142', '曲周县', '3', '0'), ('1173', '143', '桃城区', '3', '0'), ('1174', '143', '冀州市', '3', '0'), ('1175', '143', '深州市', '3', '0'), ('1176', '143', '枣强县', '3', '0'), ('1177', '143', '武邑县', '3', '0'), ('1178', '143', '武强县', '3', '0'), ('1179', '143', '饶阳县', '3', '0'), ('1180', '143', '安平县', '3', '0'), ('1181', '143', '故城县', '3', '0'), ('1182', '143', '景县', '3', '0'), ('1183', '143', '阜城县', '3', '0'), ('1184', '144', '安次区', '3', '0'), ('1185', '144', '广阳区', '3', '0'), ('1186', '144', '霸州市', '3', '0'), ('1187', '144', '三河市', '3', '0'), ('1188', '144', '固安县', '3', '0'), ('1189', '144', '永清县', '3', '0'), ('1190', '144', '香河县', '3', '0'), ('1191', '144', '大城县', '3', '0'), ('1192', '144', '文安县', '3', '0'), ('1193', '144', '大厂', '3', '0'), ('1194', '145', '海港区', '3', '0'), ('1195', '145', '山海关区', '3', '0'), ('1196', '145', '北戴河区', '3', '0'), ('1197', '145', '昌黎县', '3', '0'), ('1198', '145', '抚宁县', '3', '0'), ('1199', '145', '卢龙县', '3', '0'), ('1200', '145', '青龙', '3', '0'), ('1201', '146', '路北区', '3', '0'), ('1202', '146', '路南区', '3', '0'), ('1203', '146', '古冶区', '3', '0'), ('1204', '146', '开平区', '3', '0'), ('1205', '146', '丰南区', '3', '0'), ('1206', '146', '丰润区', '3', '0'), ('1207', '146', '遵化市', '3', '0'), ('1208', '146', '迁安市', '3', '0'), ('1209', '146', '滦县', '3', '0'), ('1210', '146', '滦南县', '3', '0'), ('1211', '146', '乐亭县', '3', '0'), ('1212', '146', '迁西县', '3', '0'), ('1213', '146', '玉田县', '3', '0'), ('1214', '146', '唐海县', '3', '0'), ('1215', '147', '桥东区', '3', '0'), ('1216', '147', '桥西区', '3', '0'), ('1217', '147', '南宫市', '3', '0'), ('1218', '147', '沙河市', '3', '0'), ('1219', '147', '邢台县', '3', '0'), ('1220', '147', '临城县', '3', '0'), ('1221', '147', '内丘县', '3', '0'), ('1222', '147', '柏乡县', '3', '0'), ('1223', '147', '隆尧县', '3', '0'), ('1224', '147', '任县', '3', '0'), ('1225', '147', '南和县', '3', '0'), ('1226', '147', '宁晋县', '3', '0'), ('1227', '147', '巨鹿县', '3', '0'), ('1228', '147', '新河县', '3', '0'), ('1229', '147', '广宗县', '3', '0'), ('1230', '147', '平乡县', '3', '0'), ('1231', '147', '威县', '3', '0'), ('1232', '147', '清河县', '3', '0'), ('1233', '147', '临西县', '3', '0'), ('1234', '148', '桥西区', '3', '0'), ('1235', '148', '桥东区', '3', '0'), ('1236', '148', '宣化区', '3', '0'), ('1237', '148', '下花园区', '3', '0'), ('1238', '148', '宣化县', '3', '0'), ('1239', '148', '张北县', '3', '0'), ('1240', '148', '康保县', '3', '0'), ('1241', '148', '沽源县', '3', '0'), ('1242', '148', '尚义县', '3', '0'), ('1243', '148', '蔚县', '3', '0'), ('1244', '148', '阳原县', '3', '0'), ('1245', '148', '怀安县', '3', '0'), ('1246', '148', '万全县', '3', '0'), ('1247', '148', '怀来县', '3', '0'), ('1248', '148', '涿鹿县', '3', '0'), ('1249', '148', '赤城县', '3', '0'), ('1250', '148', '崇礼县', '3', '0'), ('1251', '149', '金水区', '3', '0'), ('1252', '149', '邙山区', '3', '0'), ('1253', '149', '二七区', '3', '0'), ('1254', '149', '管城区', '3', '0'), ('1255', '149', '中原区', '3', '0'), ('1256', '149', '上街区', '3', '0'), ('1257', '149', '惠济区', '3', '0'), ('1258', '149', '郑东新区', '3', '0'), ('1259', '149', '经济技术开发区', '3', '0'), ('1260', '149', '高新开发区', '3', '0'), ('1261', '149', '出口加工区', '3', '0'), ('1262', '149', '巩义市', '3', '0'), ('1263', '149', '荥阳市', '3', '0'), ('1264', '149', '新密市', '3', '0'), ('1265', '149', '新郑市', '3', '0'), ('1266', '149', '登封市', '3', '0'), ('1267', '149', '中牟县', '3', '0'), ('1268', '150', '西工区', '3', '0'), ('1269', '150', '老城区', '3', '0'), ('1270', '150', '涧西区', '3', '0'), ('1271', '150', '瀍河回族区', '3', '0'), ('1272', '150', '洛龙区', '3', '0'), ('1273', '150', '吉利区', '3', '0'), ('1274', '150', '偃师市', '3', '0'), ('1275', '150', '孟津县', '3', '0'), ('1276', '150', '新安县', '3', '0'), ('1277', '150', '栾川县', '3', '0'), ('1278', '150', '嵩县', '3', '0'), ('1279', '150', '汝阳县', '3', '0'), ('1280', '150', '宜阳县', '3', '0'), ('1281', '150', '洛宁县', '3', '0'), ('1282', '150', '伊川县', '3', '0'), ('1283', '151', '鼓楼区', '3', '0'), ('1284', '151', '龙亭区', '3', '0'), ('1285', '151', '顺河回族区', '3', '0'), ('1286', '151', '金明区', '3', '0'), ('1287', '151', '禹王台区', '3', '0'), ('1288', '151', '杞县', '3', '0'), ('1289', '151', '通许县', '3', '0'), ('1290', '151', '尉氏县', '3', '0'), ('1291', '151', '开封县', '3', '0'), ('1292', '151', '兰考县', '3', '0'), ('1293', '152', '北关区', '3', '0'), ('1294', '152', '文峰区', '3', '0'), ('1295', '152', '殷都区', '3', '0'), ('1296', '152', '龙安区', '3', '0'), ('1297', '152', '林州市', '3', '0'), ('1298', '152', '安阳县', '3', '0'), ('1299', '152', '汤阴县', '3', '0'), ('1300', '152', '滑县', '3', '0'), ('1301', '152', '内黄县', '3', '0'), ('1302', '153', '淇滨区', '3', '0'), ('1303', '153', '山城区', '3', '0'), ('1304', '153', '鹤山区', '3', '0'), ('1305', '153', '浚县', '3', '0'), ('1306', '153', '淇县', '3', '0'), ('1307', '154', '济源市', '3', '0'), ('1308', '155', '解放区', '3', '0'), ('1309', '155', '中站区', '3', '0'), ('1310', '155', '马村区', '3', '0'), ('1311', '155', '山阳区', '3', '0'), ('1312', '155', '沁阳市', '3', '0'), ('1313', '155', '孟州市', '3', '0'), ('1314', '155', '修武县', '3', '0'), ('1315', '155', '博爱县', '3', '0'), ('1316', '155', '武陟县', '3', '0'), ('1317', '155', '温县', '3', '0'), ('1318', '156', '卧龙区', '3', '0'), ('1319', '156', '宛城区', '3', '0'), ('1320', '156', '邓州市', '3', '0'), ('1321', '156', '南召县', '3', '0'), ('1322', '156', '方城县', '3', '0'), ('1323', '156', '西峡县', '3', '0'), ('1324', '156', '镇平县', '3', '0'), ('1325', '156', '内乡县', '3', '0'), ('1326', '156', '淅川县', '3', '0'), ('1327', '156', '社旗县', '3', '0'), ('1328', '156', '唐河县', '3', '0'), ('1329', '156', '新野县', '3', '0'), ('1330', '156', '桐柏县', '3', '0'), ('1331', '157', '新华区', '3', '0'), ('1332', '157', '卫东区', '3', '0'), ('1333', '157', '湛河区', '3', '0'), ('1334', '157', '石龙区', '3', '0'), ('1335', '157', '舞钢市', '3', '0'), ('1336', '157', '汝州市', '3', '0'), ('1337', '157', '宝丰县', '3', '0'), ('1338', '157', '叶县', '3', '0'), ('1339', '157', '鲁山县', '3', '0'), ('1340', '157', '郏县', '3', '0'), ('1341', '158', '湖滨区', '3', '0'), ('1342', '158', '义马市', '3', '0'), ('1343', '158', '灵宝市', '3', '0'), ('1344', '158', '渑池县', '3', '0'), ('1345', '158', '陕县', '3', '0'), ('1346', '158', '卢氏县', '3', '0'), ('1347', '159', '梁园区', '3', '0'), ('1348', '159', '睢阳区', '3', '0'), ('1349', '159', '永城市', '3', '0'), ('1350', '159', '民权县', '3', '0'), ('1351', '159', '睢县', '3', '0'), ('1352', '159', '宁陵县', '3', '0'), ('1353', '159', '虞城县', '3', '0'), ('1354', '159', '柘城县', '3', '0'), ('1355', '159', '夏邑县', '3', '0'), ('1356', '160', '卫滨区', '3', '0'), ('1357', '160', '红旗区', '3', '0'), ('1358', '160', '凤泉区', '3', '0'), ('1359', '160', '牧野区', '3', '0'), ('1360', '160', '卫辉市', '3', '0'), ('1361', '160', '辉县市', '3', '0'), ('1362', '160', '新乡县', '3', '0'), ('1363', '160', '获嘉县', '3', '0'), ('1364', '160', '原阳县', '3', '0'), ('1365', '160', '延津县', '3', '0'), ('1366', '160', '封丘县', '3', '0'), ('1367', '160', '长垣县', '3', '0'), ('1368', '161', '浉河区', '3', '0'), ('1369', '161', '平桥区', '3', '0'), ('1370', '161', '罗山县', '3', '0'), ('1371', '161', '光山县', '3', '0'), ('1372', '161', '新县', '3', '0'), ('1373', '161', '商城县', '3', '0'), ('1374', '161', '固始县', '3', '0'), ('1375', '161', '潢川县', '3', '0'), ('1376', '161', '淮滨县', '3', '0'), ('1377', '161', '息县', '3', '0'), ('1378', '162', '魏都区', '3', '0'), ('1379', '162', '禹州市', '3', '0'), ('1380', '162', '长葛市', '3', '0'), ('1381', '162', '许昌县', '3', '0'), ('1382', '162', '鄢陵县', '3', '0'), ('1383', '162', '襄城县', '3', '0'), ('1384', '163', '川汇区', '3', '0'), ('1385', '163', '项城市', '3', '0'), ('1386', '163', '扶沟县', '3', '0'), ('1387', '163', '西华县', '3', '0'), ('1388', '163', '商水县', '3', '0'), ('1389', '163', '沈丘县', '3', '0'), ('1390', '163', '郸城县', '3', '0'), ('1391', '163', '淮阳县', '3', '0'), ('1392', '163', '太康县', '3', '0'), ('1393', '163', '鹿邑县', '3', '0'), ('1394', '164', '驿城区', '3', '0'), ('1395', '164', '西平县', '3', '0'), ('1396', '164', '上蔡县', '3', '0'), ('1397', '164', '平舆县', '3', '0'), ('1398', '164', '正阳县', '3', '0'), ('1399', '164', '确山县', '3', '0'), ('1400', '164', '泌阳县', '3', '0'), ('1401', '164', '汝南县', '3', '0'), ('1402', '164', '遂平县', '3', '0'), ('1403', '164', '新蔡县', '3', '0'), ('1404', '165', '郾城区', '3', '0'), ('1405', '165', '源汇区', '3', '0'), ('1406', '165', '召陵区', '3', '0'), ('1407', '165', '舞阳县', '3', '0'), ('1408', '165', '临颍县', '3', '0'), ('1409', '166', '华龙区', '3', '0'), ('1410', '166', '清丰县', '3', '0'), ('1411', '166', '南乐县', '3', '0'), ('1412', '166', '范县', '3', '0'), ('1413', '166', '台前县', '3', '0'), ('1414', '166', '濮阳县', '3', '0'), ('1415', '167', '道里区', '3', '0'), ('1416', '167', '南岗区', '3', '0'), ('1417', '167', '动力区', '3', '0'), ('1418', '167', '平房区', '3', '0'), ('1419', '167', '香坊区', '3', '0'), ('1420', '167', '太平区', '3', '0'), ('1421', '167', '道外区', '3', '0'), ('1422', '167', '阿城区', '3', '0'), ('1423', '167', '呼兰区', '3', '0'), ('1424', '167', '松北区', '3', '0'), ('1425', '167', '尚志市', '3', '0'), ('1426', '167', '双城市', '3', '0'), ('1427', '167', '五常市', '3', '0'), ('1428', '167', '方正县', '3', '0'), ('1429', '167', '宾县', '3', '0'), ('1430', '167', '依兰县', '3', '0'), ('1431', '167', '巴彦县', '3', '0'), ('1432', '167', '通河县', '3', '0'), ('1433', '167', '木兰县', '3', '0'), ('1434', '167', '延寿县', '3', '0'), ('1435', '168', '萨尔图区', '3', '0'), ('1436', '168', '红岗区', '3', '0'), ('1437', '168', '龙凤区', '3', '0'), ('1438', '168', '让胡路区', '3', '0'), ('1439', '168', '大同区', '3', '0'), ('1440', '168', '肇州县', '3', '0'), ('1441', '168', '肇源县', '3', '0'), ('1442', '168', '林甸县', '3', '0'), ('1443', '168', '杜尔伯特', '3', '0'), ('1444', '169', '呼玛县', '3', '0'), ('1445', '169', '漠河县', '3', '0'), ('1446', '169', '塔河县', '3', '0'), ('1447', '170', '兴山区', '3', '0'), ('1448', '170', '工农区', '3', '0'), ('1449', '170', '南山区', '3', '0'), ('1450', '170', '兴安区', '3', '0'), ('1451', '170', '向阳区', '3', '0'), ('1452', '170', '东山区', '3', '0'), ('1453', '170', '萝北县', '3', '0'), ('1454', '170', '绥滨县', '3', '0'), ('1455', '171', '爱辉区', '3', '0'), ('1456', '171', '五大连池市', '3', '0'), ('1457', '171', '北安市', '3', '0'), ('1458', '171', '嫩江县', '3', '0'), ('1459', '171', '逊克县', '3', '0'), ('1460', '171', '孙吴县', '3', '0'), ('1461', '172', '鸡冠区', '3', '0'), ('1462', '172', '恒山区', '3', '0'), ('1463', '172', '城子河区', '3', '0'), ('1464', '172', '滴道区', '3', '0'), ('1465', '172', '梨树区', '3', '0'), ('1466', '172', '虎林市', '3', '0'), ('1467', '172', '密山市', '3', '0'), ('1468', '172', '鸡东县', '3', '0'), ('1469', '173', '前进区', '3', '0'), ('1470', '173', '郊区', '3', '0'), ('1471', '173', '向阳区', '3', '0'), ('1472', '173', '东风区', '3', '0'), ('1473', '173', '同江市', '3', '0'), ('1474', '173', '富锦市', '3', '0'), ('1475', '173', '桦南县', '3', '0'), ('1476', '173', '桦川县', '3', '0'), ('1477', '173', '汤原县', '3', '0'), ('1478', '173', '抚远县', '3', '0'), ('1479', '174', '爱民区', '3', '0'), ('1480', '174', '东安区', '3', '0'), ('1481', '174', '阳明区', '3', '0'), ('1482', '174', '西安区', '3', '0'), ('1483', '174', '绥芬河市', '3', '0'), ('1484', '174', '海林市', '3', '0'), ('1485', '174', '宁安市', '3', '0'), ('1486', '174', '穆棱市', '3', '0'), ('1487', '174', '东宁县', '3', '0'), ('1488', '174', '林口县', '3', '0'), ('1489', '175', '桃山区', '3', '0'), ('1490', '175', '新兴区', '3', '0'), ('1491', '175', '茄子河区', '3', '0'), ('1492', '175', '勃利县', '3', '0'), ('1493', '176', '龙沙区', '3', '0'), ('1494', '176', '昂昂溪区', '3', '0'), ('1495', '176', '铁峰区', '3', '0'), ('1496', '176', '建华区', '3', '0'), ('1497', '176', '富拉尔基区', '3', '0'), ('1498', '176', '碾子山区', '3', '0'), ('1499', '176', '梅里斯达斡尔区', '3', '0'), ('1500', '176', '讷河市', '3', '0'), ('1501', '176', '龙江县', '3', '0'), ('1502', '176', '依安县', '3', '0'), ('1503', '176', '泰来县', '3', '0'), ('1504', '176', '甘南县', '3', '0'), ('1505', '176', '富裕县', '3', '0'), ('1506', '176', '克山县', '3', '0'), ('1507', '176', '克东县', '3', '0'), ('1508', '176', '拜泉县', '3', '0'), ('1509', '177', '尖山区', '3', '0'), ('1510', '177', '岭东区', '3', '0'), ('1511', '177', '四方台区', '3', '0'), ('1512', '177', '宝山区', '3', '0'), ('1513', '177', '集贤县', '3', '0'), ('1514', '177', '友谊县', '3', '0'), ('1515', '177', '宝清县', '3', '0'), ('1516', '177', '饶河县', '3', '0'), ('1517', '178', '北林区', '3', '0'), ('1518', '178', '安达市', '3', '0'), ('1519', '178', '肇东市', '3', '0'), ('1520', '178', '海伦市', '3', '0'), ('1521', '178', '望奎县', '3', '0'), ('1522', '178', '兰西县', '3', '0'), ('1523', '178', '青冈县', '3', '0'), ('1524', '178', '庆安县', '3', '0'), ('1525', '178', '明水县', '3', '0'), ('1526', '178', '绥棱县', '3', '0'), ('1527', '179', '伊春区', '3', '0'), ('1528', '179', '带岭区', '3', '0'), ('1529', '179', '南岔区', '3', '0'), ('1530', '179', '金山屯区', '3', '0'), ('1531', '179', '西林区', '3', '0'), ('1532', '179', '美溪区', '3', '0'), ('1533', '179', '乌马河区', '3', '0'), ('1534', '179', '翠峦区', '3', '0'), ('1535', '179', '友好区', '3', '0'), ('1536', '179', '上甘岭区', '3', '0'), ('1537', '179', '五营区', '3', '0'), ('1538', '179', '红星区', '3', '0'), ('1539', '179', '新青区', '3', '0'), ('1540', '179', '汤旺河区', '3', '0'), ('1541', '179', '乌伊岭区', '3', '0'), ('1542', '179', '铁力市', '3', '0'), ('1543', '179', '嘉荫县', '3', '0'), ('1544', '180', '江岸区', '3', '0'), ('1545', '180', '武昌区', '3', '0'), ('1546', '180', '江汉区', '3', '0'), ('1547', '180', '硚口区', '3', '0'), ('1548', '180', '汉阳区', '3', '0'), ('1549', '180', '青山区', '3', '0'), ('1550', '180', '洪山区', '3', '0'), ('1551', '180', '东西湖区', '3', '0'), ('1552', '180', '汉南区', '3', '0'), ('1553', '180', '蔡甸区', '3', '0'), ('1554', '180', '江夏区', '3', '0'), ('1555', '180', '黄陂区', '3', '0'), ('1556', '180', '新洲区', '3', '0'), ('1557', '180', '经济开发区', '3', '0'), ('1558', '181', '仙桃市', '3', '0'), ('1559', '182', '鄂城区', '3', '0'), ('1560', '182', '华容区', '3', '0'), ('1561', '182', '梁子湖区', '3', '0'), ('1562', '183', '黄州区', '3', '0'), ('1563', '183', '麻城市', '3', '0'), ('1564', '183', '武穴市', '3', '0'), ('1565', '183', '团风县', '3', '0'), ('1566', '183', '红安县', '3', '0'), ('1567', '183', '罗田县', '3', '0'), ('1568', '183', '英山县', '3', '0'), ('1569', '183', '浠水县', '3', '0'), ('1570', '183', '蕲春县', '3', '0'), ('1571', '183', '黄梅县', '3', '0'), ('1572', '184', '黄石港区', '3', '0'), ('1573', '184', '西塞山区', '3', '0'), ('1574', '184', '下陆区', '3', '0'), ('1575', '184', '铁山区', '3', '0'), ('1576', '184', '大冶市', '3', '0'), ('1577', '184', '阳新县', '3', '0'), ('1578', '185', '东宝区', '3', '0'), ('1579', '185', '掇刀区', '3', '0'), ('1580', '185', '钟祥市', '3', '0'), ('1581', '185', '京山县', '3', '0'), ('1582', '185', '沙洋县', '3', '0'), ('1583', '186', '沙市区', '3', '0'), ('1584', '186', '荆州区', '3', '0'), ('1585', '186', '石首市', '3', '0'), ('1586', '186', '洪湖市', '3', '0'), ('1587', '186', '松滋市', '3', '0'), ('1588', '186', '公安县', '3', '0'), ('1589', '186', '监利县', '3', '0'), ('1590', '186', '江陵县', '3', '0'), ('1591', '187', '潜江市', '3', '0'), ('1592', '188', '神农架林区', '3', '0'), ('1593', '189', '张湾区', '3', '0'), ('1594', '189', '茅箭区', '3', '0'), ('1595', '189', '丹江口市', '3', '0'), ('1596', '189', '郧县', '3', '0'), ('1597', '189', '郧西县', '3', '0'), ('1598', '189', '竹山县', '3', '0'), ('1599', '189', '竹溪县', '3', '0'), ('1600', '189', '房县', '3', '0'), ('1601', '190', '曾都区', '3', '0'), ('1602', '190', '广水市', '3', '0'), ('1603', '191', '天门市', '3', '0'), ('1604', '192', '咸安区', '3', '0'), ('1605', '192', '赤壁市', '3', '0'), ('1606', '192', '嘉鱼县', '3', '0'), ('1607', '192', '通城县', '3', '0'), ('1608', '192', '崇阳县', '3', '0'), ('1609', '192', '通山县', '3', '0'), ('1610', '193', '襄城区', '3', '0'), ('1611', '193', '樊城区', '3', '0'), ('1612', '193', '襄阳区', '3', '0'), ('1613', '193', '老河口市', '3', '0'), ('1614', '193', '枣阳市', '3', '0'), ('1615', '193', '宜城市', '3', '0'), ('1616', '193', '南漳县', '3', '0'), ('1617', '193', '谷城县', '3', '0'), ('1618', '193', '保康县', '3', '0'), ('1619', '194', '孝南区', '3', '0'), ('1620', '194', '应城市', '3', '0'), ('1621', '194', '安陆市', '3', '0'), ('1622', '194', '汉川市', '3', '0'), ('1623', '194', '孝昌县', '3', '0'), ('1624', '194', '大悟县', '3', '0'), ('1625', '194', '云梦县', '3', '0'), ('1626', '195', '长阳', '3', '0'), ('1627', '195', '五峰', '3', '0'), ('1628', '195', '西陵区', '3', '0'), ('1629', '195', '伍家岗区', '3', '0'), ('1630', '195', '点军区', '3', '0'), ('1631', '195', '猇亭区', '3', '0'), ('1632', '195', '夷陵区', '3', '0'), ('1633', '195', '宜都市', '3', '0'), ('1634', '195', '当阳市', '3', '0'), ('1635', '195', '枝江市', '3', '0'), ('1636', '195', '远安县', '3', '0'), ('1637', '195', '兴山县', '3', '0'), ('1638', '195', '秭归县', '3', '0'), ('1639', '196', '恩施市', '3', '0'), ('1640', '196', '利川市', '3', '0'), ('1641', '196', '建始县', '3', '0'), ('1642', '196', '巴东县', '3', '0'), ('1643', '196', '宣恩县', '3', '0'), ('1644', '196', '咸丰县', '3', '0'), ('1645', '196', '来凤县', '3', '0'), ('1646', '196', '鹤峰县', '3', '0'), ('1647', '197', '岳麓区', '3', '0'), ('1648', '197', '芙蓉区', '3', '0'), ('1649', '197', '天心区', '3', '0'), ('1650', '197', '开福区', '3', '0'), ('1651', '197', '雨花区', '3', '0'), ('1652', '197', '开发区', '3', '0'), ('1653', '197', '浏阳市', '3', '0'), ('1654', '197', '长沙县', '3', '0'), ('1655', '197', '望城县', '3', '0'), ('1656', '197', '宁乡县', '3', '0'), ('1657', '198', '永定区', '3', '0'), ('1658', '198', '武陵源区', '3', '0'), ('1659', '198', '慈利县', '3', '0'), ('1660', '198', '桑植县', '3', '0'), ('1661', '199', '武陵区', '3', '0'), ('1662', '199', '鼎城区', '3', '0'), ('1663', '199', '津市市', '3', '0'), ('1664', '199', '安乡县', '3', '0'), ('1665', '199', '汉寿县', '3', '0'), ('1666', '199', '澧县', '3', '0'), ('1667', '199', '临澧县', '3', '0'), ('1668', '199', '桃源县', '3', '0'), ('1669', '199', '石门县', '3', '0'), ('1670', '200', '北湖区', '3', '0'), ('1671', '200', '苏仙区', '3', '0'), ('1672', '200', '资兴市', '3', '0'), ('1673', '200', '桂阳县', '3', '0'), ('1674', '200', '宜章县', '3', '0'), ('1675', '200', '永兴县', '3', '0'), ('1676', '200', '嘉禾县', '3', '0'), ('1677', '200', '临武县', '3', '0'), ('1678', '200', '汝城县', '3', '0'), ('1679', '200', '桂东县', '3', '0'), ('1680', '200', '安仁县', '3', '0'), ('1681', '201', '雁峰区', '3', '0'), ('1682', '201', '珠晖区', '3', '0'), ('1683', '201', '石鼓区', '3', '0'), ('1684', '201', '蒸湘区', '3', '0'), ('1685', '201', '南岳区', '3', '0'), ('1686', '201', '耒阳市', '3', '0'), ('1687', '201', '常宁市', '3', '0'), ('1688', '201', '衡阳县', '3', '0'), ('1689', '201', '衡南县', '3', '0'), ('1690', '201', '衡山县', '3', '0'), ('1691', '201', '衡东县', '3', '0'), ('1692', '201', '祁东县', '3', '0'), ('1693', '202', '鹤城区', '3', '0'), ('1694', '202', '靖州', '3', '0'), ('1695', '202', '麻阳', '3', '0'), ('1696', '202', '通道', '3', '0'), ('1697', '202', '新晃', '3', '0'), ('1698', '202', '芷江', '3', '0'), ('1699', '202', '沅陵县', '3', '0'), ('1700', '202', '辰溪县', '3', '0'), ('1701', '202', '溆浦县', '3', '0'), ('1702', '202', '中方县', '3', '0'), ('1703', '202', '会同县', '3', '0'), ('1704', '202', '洪江市', '3', '0'), ('1705', '203', '娄星区', '3', '0'), ('1706', '203', '冷水江市', '3', '0'), ('1707', '203', '涟源市', '3', '0'), ('1708', '203', '双峰县', '3', '0'), ('1709', '203', '新化县', '3', '0'), ('1710', '204', '城步', '3', '0'), ('1711', '204', '双清区', '3', '0'), ('1712', '204', '大祥区', '3', '0'), ('1713', '204', '北塔区', '3', '0'), ('1714', '204', '武冈市', '3', '0'), ('1715', '204', '邵东县', '3', '0'), ('1716', '204', '新邵县', '3', '0'), ('1717', '204', '邵阳县', '3', '0'), ('1718', '204', '隆回县', '3', '0'), ('1719', '204', '洞口县', '3', '0'), ('1720', '204', '绥宁县', '3', '0'), ('1721', '204', '新宁县', '3', '0'), ('1722', '205', '岳塘区', '3', '0'), ('1723', '205', '雨湖区', '3', '0'), ('1724', '205', '湘乡市', '3', '0'), ('1725', '205', '韶山市', '3', '0'), ('1726', '205', '湘潭县', '3', '0'), ('1727', '206', '吉首市', '3', '0'), ('1728', '206', '泸溪县', '3', '0'), ('1729', '206', '凤凰县', '3', '0'), ('1730', '206', '花垣县', '3', '0'), ('1731', '206', '保靖县', '3', '0'), ('1732', '206', '古丈县', '3', '0'), ('1733', '206', '永顺县', '3', '0'), ('1734', '206', '龙山县', '3', '0'), ('1735', '207', '赫山区', '3', '0'), ('1736', '207', '资阳区', '3', '0'), ('1737', '207', '沅江市', '3', '0'), ('1738', '207', '南县', '3', '0'), ('1739', '207', '桃江县', '3', '0'), ('1740', '207', '安化县', '3', '0'), ('1741', '208', '江华', '3', '0'), ('1742', '208', '冷水滩区', '3', '0'), ('1743', '208', '零陵区', '3', '0'), ('1744', '208', '祁阳县', '3', '0'), ('1745', '208', '东安县', '3', '0'), ('1746', '208', '双牌县', '3', '0'), ('1747', '208', '道县', '3', '0'), ('1748', '208', '江永县', '3', '0'), ('1749', '208', '宁远县', '3', '0'), ('1750', '208', '蓝山县', '3', '0'), ('1751', '208', '新田县', '3', '0'), ('1752', '209', '岳阳楼区', '3', '0'), ('1753', '209', '君山区', '3', '0'), ('1754', '209', '云溪区', '3', '0'), ('1755', '209', '汨罗市', '3', '0'), ('1756', '209', '临湘市', '3', '0'), ('1757', '209', '岳阳县', '3', '0'), ('1758', '209', '华容县', '3', '0'), ('1759', '209', '湘阴县', '3', '0'), ('1760', '209', '平江县', '3', '0'), ('1761', '210', '天元区', '3', '0'), ('1762', '210', '荷塘区', '3', '0'), ('1763', '210', '芦淞区', '3', '0'), ('1764', '210', '石峰区', '3', '0'), ('1765', '210', '醴陵市', '3', '0'), ('1766', '210', '株洲县', '3', '0'), ('1767', '210', '攸县', '3', '0'), ('1768', '210', '茶陵县', '3', '0'), ('1769', '210', '炎陵县', '3', '0'), ('1770', '211', '朝阳区', '3', '0'), ('1771', '211', '宽城区', '3', '0'), ('1772', '211', '二道区', '3', '0'), ('1773', '211', '南关区', '3', '0'), ('1774', '211', '绿园区', '3', '0'), ('1775', '211', '双阳区', '3', '0'), ('1776', '211', '净月潭开发区', '3', '0'), ('1777', '211', '高新技术开发区', '3', '0'), ('1778', '211', '经济技术开发区', '3', '0'), ('1779', '211', '汽车产业开发区', '3', '0'), ('1780', '211', '德惠市', '3', '0'), ('1781', '211', '九台市', '3', '0'), ('1782', '211', '榆树市', '3', '0'), ('1783', '211', '农安县', '3', '0'), ('1784', '212', '船营区', '3', '0'), ('1785', '212', '昌邑区', '3', '0'), ('1786', '212', '龙潭区', '3', '0'), ('1787', '212', '丰满区', '3', '0'), ('1788', '212', '蛟河市', '3', '0'), ('1789', '212', '桦甸市', '3', '0'), ('1790', '212', '舒兰市', '3', '0'), ('1791', '212', '磐石市', '3', '0'), ('1792', '212', '永吉县', '3', '0'), ('1793', '213', '洮北区', '3', '0'), ('1794', '213', '洮南市', '3', '0'), ('1795', '213', '大安市', '3', '0'), ('1796', '213', '镇赉县', '3', '0'), ('1797', '213', '通榆县', '3', '0'), ('1798', '214', '江源区', '3', '0'), ('1799', '214', '八道江区', '3', '0'), ('1800', '214', '长白', '3', '0'), ('1801', '214', '临江市', '3', '0'), ('1802', '214', '抚松县', '3', '0'), ('1803', '214', '靖宇县', '3', '0'), ('1804', '215', '龙山区', '3', '0'), ('1805', '215', '西安区', '3', '0'), ('1806', '215', '东丰县', '3', '0'), ('1807', '215', '东辽县', '3', '0'), ('1808', '216', '铁西区', '3', '0'), ('1809', '216', '铁东区', '3', '0'), ('1810', '216', '伊通', '3', '0'), ('1811', '216', '公主岭市', '3', '0'), ('1812', '216', '双辽市', '3', '0'), ('1813', '216', '梨树县', '3', '0'), ('1814', '217', '前郭尔罗斯', '3', '0'), ('1815', '217', '宁江区', '3', '0'), ('1816', '217', '长岭县', '3', '0'), ('1817', '217', '乾安县', '3', '0'), ('1818', '217', '扶余县', '3', '0'), ('1819', '218', '东昌区', '3', '0'), ('1820', '218', '二道江区', '3', '0'), ('1821', '218', '梅河口市', '3', '0'), ('1822', '218', '集安市', '3', '0'), ('1823', '218', '通化县', '3', '0'), ('1824', '218', '辉南县', '3', '0'), ('1825', '218', '柳河县', '3', '0'), ('1826', '219', '延吉市', '3', '0'), ('1827', '219', '图们市', '3', '0'), ('1828', '219', '敦化市', '3', '0'), ('1829', '219', '珲春市', '3', '0'), ('1830', '219', '龙井市', '3', '0'), ('1831', '219', '和龙市', '3', '0'), ('1832', '219', '安图县', '3', '0'), ('1833', '219', '汪清县', '3', '0'), ('1834', '220', '玄武区', '3', '0'), ('1835', '220', '鼓楼区', '3', '0'), ('1836', '220', '白下区', '3', '0'), ('1837', '220', '建邺区', '3', '0'), ('1838', '220', '秦淮区', '3', '0'), ('1839', '220', '雨花台区', '3', '0'), ('1840', '220', '下关区', '3', '0'), ('1841', '220', '栖霞区', '3', '0'), ('1842', '220', '浦口区', '3', '0'), ('1843', '220', '江宁区', '3', '0'), ('1844', '220', '六合区', '3', '0'), ('1845', '220', '溧水县', '3', '0'), ('1846', '220', '高淳县', '3', '0'), ('1847', '221', '沧浪区', '3', '0'), ('1848', '221', '金阊区', '3', '0'), ('1849', '221', '平江区', '3', '0'), ('1850', '221', '虎丘区', '3', '0'), ('1851', '221', '吴中区', '3', '0'), ('1852', '221', '相城区', '3', '0'), ('1853', '221', '园区', '3', '0'), ('1854', '221', '新区', '3', '0'), ('1855', '221', '常熟市', '3', '0'), ('1856', '221', '张家港市', '3', '0'), ('1857', '221', '玉山镇', '3', '0'), ('1858', '221', '巴城镇', '3', '0'), ('1859', '221', '周市镇', '3', '0'), ('1860', '221', '陆家镇', '3', '0'), ('1861', '221', '花桥镇', '3', '0'), ('1862', '221', '淀山湖镇', '3', '0'), ('1863', '221', '张浦镇', '3', '0'), ('1864', '221', '周庄镇', '3', '0'), ('1865', '221', '千灯镇', '3', '0'), ('1866', '221', '锦溪镇', '3', '0'), ('1867', '221', '开发区', '3', '0'), ('1868', '221', '吴江市', '3', '0'), ('1869', '221', '太仓市', '3', '0'), ('1870', '222', '崇安区', '3', '0'), ('1871', '222', '北塘区', '3', '0'), ('1872', '222', '南长区', '3', '0'), ('1873', '222', '锡山区', '3', '0'), ('1874', '222', '惠山区', '3', '0'), ('1875', '222', '滨湖区', '3', '0'), ('1876', '222', '新区', '3', '0'), ('1877', '222', '江阴市', '3', '0'), ('1878', '222', '宜兴市', '3', '0'), ('1879', '223', '天宁区', '3', '0'), ('1880', '223', '钟楼区', '3', '0'), ('1881', '223', '戚墅堰区', '3', '0'), ('1882', '223', '郊区', '3', '0'), ('1883', '223', '新北区', '3', '0'), ('1884', '223', '武进区', '3', '0'), ('1885', '223', '溧阳市', '3', '0'), ('1886', '223', '金坛市', '3', '0'), ('1887', '224', '清河区', '3', '0'), ('1888', '224', '清浦区', '3', '0'), ('1889', '224', '楚州区', '3', '0'), ('1890', '224', '淮阴区', '3', '0'), ('1891', '224', '涟水县', '3', '0'), ('1892', '224', '洪泽县', '3', '0'), ('1893', '224', '盱眙县', '3', '0'), ('1894', '224', '金湖县', '3', '0'), ('1895', '225', '新浦区', '3', '0'), ('1896', '225', '连云区', '3', '0'), ('1897', '225', '海州区', '3', '0'), ('1898', '225', '赣榆县', '3', '0'), ('1899', '225', '东海县', '3', '0'), ('1900', '225', '灌云县', '3', '0'), ('1901', '225', '灌南县', '3', '0'), ('1902', '226', '崇川区', '3', '0'), ('1903', '226', '港闸区', '3', '0'), ('1904', '226', '经济开发区', '3', '0'), ('1905', '226', '启东市', '3', '0'), ('1906', '226', '如皋市', '3', '0'), ('1907', '226', '通州市', '3', '0'), ('1908', '226', '海门市', '3', '0'), ('1909', '226', '海安县', '3', '0'), ('1910', '226', '如东县', '3', '0'), ('1911', '227', '宿城区', '3', '0'), ('1912', '227', '宿豫区', '3', '0'), ('1913', '227', '宿豫县', '3', '0'), ('1914', '227', '沭阳县', '3', '0'), ('1915', '227', '泗阳县', '3', '0'), ('1916', '227', '泗洪县', '3', '0'), ('1917', '228', '海陵区', '3', '0'), ('1918', '228', '高港区', '3', '0'), ('1919', '228', '兴化市', '3', '0'), ('1920', '228', '靖江市', '3', '0'), ('1921', '228', '泰兴市', '3', '0'), ('1922', '228', '姜堰市', '3', '0'), ('1923', '229', '云龙区', '3', '0'), ('1924', '229', '鼓楼区', '3', '0'), ('1925', '229', '九里区', '3', '0'), ('1926', '229', '贾汪区', '3', '0'), ('1927', '229', '泉山区', '3', '0'), ('1928', '229', '新沂市', '3', '0'), ('1929', '229', '邳州市', '3', '0'), ('1930', '229', '丰县', '3', '0'), ('1931', '229', '沛县', '3', '0'), ('1932', '229', '铜山县', '3', '0'), ('1933', '229', '睢宁县', '3', '0'), ('1934', '230', '城区', '3', '0'), ('1935', '230', '亭湖区', '3', '0'), ('1936', '230', '盐都区', '3', '0'), ('1937', '230', '盐都县', '3', '0'), ('1938', '230', '东台市', '3', '0'), ('1939', '230', '大丰市', '3', '0'), ('1940', '230', '响水县', '3', '0'), ('1941', '230', '滨海县', '3', '0'), ('1942', '230', '阜宁县', '3', '0'), ('1943', '230', '射阳县', '3', '0'), ('1944', '230', '建湖县', '3', '0'), ('1945', '231', '广陵区', '3', '0'), ('1946', '231', '维扬区', '3', '0'), ('1947', '231', '邗江区', '3', '0'), ('1948', '231', '仪征市', '3', '0'), ('1949', '231', '高邮市', '3', '0'), ('1950', '231', '江都市', '3', '0'), ('1951', '231', '宝应县', '3', '0'), ('1952', '232', '京口区', '3', '0'), ('1953', '232', '润州区', '3', '0'), ('1954', '232', '丹徒区', '3', '0'), ('1955', '232', '丹阳市', '3', '0'), ('1956', '232', '扬中市', '3', '0'), ('1957', '232', '句容市', '3', '0'), ('1958', '233', '东湖区', '3', '0'), ('1959', '233', '西湖区', '3', '0'), ('1960', '233', '青云谱区', '3', '0'), ('1961', '233', '湾里区', '3', '0'), ('1962', '233', '青山湖区', '3', '0'), ('1963', '233', '红谷滩新区', '3', '0'), ('1964', '233', '昌北区', '3', '0'), ('1965', '233', '高新区', '3', '0'), ('1966', '233', '南昌县', '3', '0'), ('1967', '233', '新建县', '3', '0'), ('1968', '233', '安义县', '3', '0'), ('1969', '233', '进贤县', '3', '0'), ('1970', '234', '临川区', '3', '0'), ('1971', '234', '南城县', '3', '0'), ('1972', '234', '黎川县', '3', '0'), ('1973', '234', '南丰县', '3', '0'), ('1974', '234', '崇仁县', '3', '0'), ('1975', '234', '乐安县', '3', '0'), ('1976', '234', '宜黄县', '3', '0'), ('1977', '234', '金溪县', '3', '0'), ('1978', '234', '资溪县', '3', '0'), ('1979', '234', '东乡县', '3', '0'), ('1980', '234', '广昌县', '3', '0'), ('1981', '235', '章贡区', '3', '0'), ('1982', '235', '于都县', '3', '0'), ('1983', '235', '瑞金市', '3', '0'), ('1984', '235', '南康市', '3', '0'), ('1985', '235', '赣县', '3', '0'), ('1986', '235', '信丰县', '3', '0'), ('1987', '235', '大余县', '3', '0'), ('1988', '235', '上犹县', '3', '0'), ('1989', '235', '崇义县', '3', '0'), ('1990', '235', '安远县', '3', '0'), ('1991', '235', '龙南县', '3', '0'), ('1992', '235', '定南县', '3', '0'), ('1993', '235', '全南县', '3', '0'), ('1994', '235', '宁都县', '3', '0'), ('1995', '235', '兴国县', '3', '0'), ('1996', '235', '会昌县', '3', '0'), ('1997', '235', '寻乌县', '3', '0'), ('1998', '235', '石城县', '3', '0'), ('1999', '236', '安福县', '3', '0'), ('2000', '236', '吉州区', '3', '0');
INSERT INTO `sp_region` VALUES ('2001', '236', '青原区', '3', '0'), ('2002', '236', '井冈山市', '3', '0'), ('2003', '236', '吉安县', '3', '0'), ('2004', '236', '吉水县', '3', '0'), ('2005', '236', '峡江县', '3', '0'), ('2006', '236', '新干县', '3', '0'), ('2007', '236', '永丰县', '3', '0'), ('2008', '236', '泰和县', '3', '0'), ('2009', '236', '遂川县', '3', '0'), ('2010', '236', '万安县', '3', '0'), ('2011', '236', '永新县', '3', '0'), ('2012', '237', '珠山区', '3', '0'), ('2013', '237', '昌江区', '3', '0'), ('2014', '237', '乐平市', '3', '0'), ('2015', '237', '浮梁县', '3', '0'), ('2016', '238', '浔阳区', '3', '0'), ('2017', '238', '庐山区', '3', '0'), ('2018', '238', '瑞昌市', '3', '0'), ('2019', '238', '九江县', '3', '0'), ('2020', '238', '武宁县', '3', '0'), ('2021', '238', '修水县', '3', '0'), ('2022', '238', '永修县', '3', '0'), ('2023', '238', '德安县', '3', '0'), ('2024', '238', '星子县', '3', '0'), ('2025', '238', '都昌县', '3', '0'), ('2026', '238', '湖口县', '3', '0'), ('2027', '238', '彭泽县', '3', '0'), ('2028', '239', '安源区', '3', '0'), ('2029', '239', '湘东区', '3', '0'), ('2030', '239', '莲花县', '3', '0'), ('2031', '239', '芦溪县', '3', '0'), ('2032', '239', '上栗县', '3', '0'), ('2033', '240', '信州区', '3', '0'), ('2034', '240', '德兴市', '3', '0'), ('2035', '240', '上饶县', '3', '0'), ('2036', '240', '广丰县', '3', '0'), ('2037', '240', '玉山县', '3', '0'), ('2038', '240', '铅山县', '3', '0'), ('2039', '240', '横峰县', '3', '0'), ('2040', '240', '弋阳县', '3', '0'), ('2041', '240', '余干县', '3', '0'), ('2042', '240', '波阳县', '3', '0'), ('2043', '240', '万年县', '3', '0'), ('2044', '240', '婺源县', '3', '0'), ('2045', '241', '渝水区', '3', '0'), ('2046', '241', '分宜县', '3', '0'), ('2047', '242', '袁州区', '3', '0'), ('2048', '242', '丰城市', '3', '0'), ('2049', '242', '樟树市', '3', '0'), ('2050', '242', '高安市', '3', '0'), ('2051', '242', '奉新县', '3', '0'), ('2052', '242', '万载县', '3', '0'), ('2053', '242', '上高县', '3', '0'), ('2054', '242', '宜丰县', '3', '0'), ('2055', '242', '靖安县', '3', '0'), ('2056', '242', '铜鼓县', '3', '0'), ('2057', '243', '月湖区', '3', '0'), ('2058', '243', '贵溪市', '3', '0'), ('2059', '243', '余江县', '3', '0'), ('2060', '244', '沈河区', '3', '0'), ('2061', '244', '皇姑区', '3', '0'), ('2062', '244', '和平区', '3', '0'), ('2063', '244', '大东区', '3', '0'), ('2064', '244', '铁西区', '3', '0'), ('2065', '244', '苏家屯区', '3', '0'), ('2066', '244', '东陵区', '3', '0'), ('2067', '244', '沈北新区', '3', '0'), ('2068', '244', '于洪区', '3', '0'), ('2069', '244', '浑南新区', '3', '0'), ('2070', '244', '新民市', '3', '0'), ('2071', '244', '辽中县', '3', '0'), ('2072', '244', '康平县', '3', '0'), ('2073', '244', '法库县', '3', '0'), ('2074', '245', '西岗区', '3', '0'), ('2075', '245', '中山区', '3', '0'), ('2076', '245', '沙河口区', '3', '0'), ('2077', '245', '甘井子区', '3', '0'), ('2078', '245', '旅顺口区', '3', '0'), ('2079', '245', '金州区', '3', '0'), ('2080', '245', '开发区', '3', '0'), ('2081', '245', '瓦房店市', '3', '0'), ('2082', '245', '普兰店市', '3', '0'), ('2083', '245', '庄河市', '3', '0'), ('2084', '245', '长海县', '3', '0'), ('2085', '246', '铁东区', '3', '0'), ('2086', '246', '铁西区', '3', '0'), ('2087', '246', '立山区', '3', '0'), ('2088', '246', '千山区', '3', '0'), ('2089', '246', '岫岩', '3', '0'), ('2090', '246', '海城市', '3', '0'), ('2091', '246', '台安县', '3', '0'), ('2092', '247', '本溪', '3', '0'), ('2093', '247', '平山区', '3', '0'), ('2094', '247', '明山区', '3', '0'), ('2095', '247', '溪湖区', '3', '0'), ('2096', '247', '南芬区', '3', '0'), ('2097', '247', '桓仁', '3', '0'), ('2098', '248', '双塔区', '3', '0'), ('2099', '248', '龙城区', '3', '0'), ('2100', '248', '喀喇沁左翼蒙古族自治县', '3', '0'), ('2101', '248', '北票市', '3', '0'), ('2102', '248', '凌源市', '3', '0'), ('2103', '248', '朝阳县', '3', '0'), ('2104', '248', '建平县', '3', '0'), ('2105', '249', '振兴区', '3', '0'), ('2106', '249', '元宝区', '3', '0'), ('2107', '249', '振安区', '3', '0'), ('2108', '249', '宽甸', '3', '0'), ('2109', '249', '东港市', '3', '0'), ('2110', '249', '凤城市', '3', '0'), ('2111', '250', '顺城区', '3', '0'), ('2112', '250', '新抚区', '3', '0'), ('2113', '250', '东洲区', '3', '0'), ('2114', '250', '望花区', '3', '0'), ('2115', '250', '清原', '3', '0'), ('2116', '250', '新宾', '3', '0'), ('2117', '250', '抚顺县', '3', '0'), ('2118', '251', '阜新', '3', '0'), ('2119', '251', '海州区', '3', '0'), ('2120', '251', '新邱区', '3', '0'), ('2121', '251', '太平区', '3', '0'), ('2122', '251', '清河门区', '3', '0'), ('2123', '251', '细河区', '3', '0'), ('2124', '251', '彰武县', '3', '0'), ('2125', '252', '龙港区', '3', '0'), ('2126', '252', '南票区', '3', '0'), ('2127', '252', '连山区', '3', '0'), ('2128', '252', '兴城市', '3', '0'), ('2129', '252', '绥中县', '3', '0'), ('2130', '252', '建昌县', '3', '0'), ('2131', '253', '太和区', '3', '0'), ('2132', '253', '古塔区', '3', '0'), ('2133', '253', '凌河区', '3', '0'), ('2134', '253', '凌海市', '3', '0'), ('2135', '253', '北镇市', '3', '0'), ('2136', '253', '黑山县', '3', '0'), ('2137', '253', '义县', '3', '0'), ('2138', '254', '白塔区', '3', '0'), ('2139', '254', '文圣区', '3', '0'), ('2140', '254', '宏伟区', '3', '0'), ('2141', '254', '太子河区', '3', '0'), ('2142', '254', '弓长岭区', '3', '0'), ('2143', '254', '灯塔市', '3', '0'), ('2144', '254', '辽阳县', '3', '0'), ('2145', '255', '双台子区', '3', '0'), ('2146', '255', '兴隆台区', '3', '0'), ('2147', '255', '大洼县', '3', '0'), ('2148', '255', '盘山县', '3', '0'), ('2149', '256', '银州区', '3', '0'), ('2150', '256', '清河区', '3', '0'), ('2151', '256', '调兵山市', '3', '0'), ('2152', '256', '开原市', '3', '0'), ('2153', '256', '铁岭县', '3', '0'), ('2154', '256', '西丰县', '3', '0'), ('2155', '256', '昌图县', '3', '0'), ('2156', '257', '站前区', '3', '0'), ('2157', '257', '西市区', '3', '0'), ('2158', '257', '鲅鱼圈区', '3', '0'), ('2159', '257', '老边区', '3', '0'), ('2160', '257', '盖州市', '3', '0'), ('2161', '257', '大石桥市', '3', '0'), ('2162', '258', '回民区', '3', '0'), ('2163', '258', '玉泉区', '3', '0'), ('2164', '258', '新城区', '3', '0'), ('2165', '258', '赛罕区', '3', '0'), ('2166', '258', '清水河县', '3', '0'), ('2167', '258', '土默特左旗', '3', '0'), ('2168', '258', '托克托县', '3', '0'), ('2169', '258', '和林格尔县', '3', '0'), ('2170', '258', '武川县', '3', '0'), ('2171', '259', '阿拉善左旗', '3', '0'), ('2172', '259', '阿拉善右旗', '3', '0'), ('2173', '259', '额济纳旗', '3', '0'), ('2174', '260', '临河区', '3', '0'), ('2175', '260', '五原县', '3', '0'), ('2176', '260', '磴口县', '3', '0'), ('2177', '260', '乌拉特前旗', '3', '0'), ('2178', '260', '乌拉特中旗', '3', '0'), ('2179', '260', '乌拉特后旗', '3', '0'), ('2180', '260', '杭锦后旗', '3', '0'), ('2181', '261', '昆都仑区', '3', '0'), ('2182', '261', '青山区', '3', '0'), ('2183', '261', '东河区', '3', '0'), ('2184', '261', '九原区', '3', '0'), ('2185', '261', '石拐区', '3', '0'), ('2186', '261', '白云矿区', '3', '0'), ('2187', '261', '土默特右旗', '3', '0'), ('2188', '261', '固阳县', '3', '0'), ('2189', '261', '达尔罕茂明安联合旗', '3', '0'), ('2190', '262', '红山区', '3', '0'), ('2191', '262', '元宝山区', '3', '0'), ('2192', '262', '松山区', '3', '0'), ('2193', '262', '阿鲁科尔沁旗', '3', '0'), ('2194', '262', '巴林左旗', '3', '0'), ('2195', '262', '巴林右旗', '3', '0'), ('2196', '262', '林西县', '3', '0'), ('2197', '262', '克什克腾旗', '3', '0'), ('2198', '262', '翁牛特旗', '3', '0'), ('2199', '262', '喀喇沁旗', '3', '0'), ('2200', '262', '宁城县', '3', '0'), ('2201', '262', '敖汉旗', '3', '0'), ('2202', '263', '东胜区', '3', '0'), ('2203', '263', '达拉特旗', '3', '0'), ('2204', '263', '准格尔旗', '3', '0'), ('2205', '263', '鄂托克前旗', '3', '0'), ('2206', '263', '鄂托克旗', '3', '0'), ('2207', '263', '杭锦旗', '3', '0'), ('2208', '263', '乌审旗', '3', '0'), ('2209', '263', '伊金霍洛旗', '3', '0'), ('2210', '264', '海拉尔区', '3', '0'), ('2211', '264', '莫力达瓦', '3', '0'), ('2212', '264', '满洲里市', '3', '0'), ('2213', '264', '牙克石市', '3', '0'), ('2214', '264', '扎兰屯市', '3', '0'), ('2215', '264', '额尔古纳市', '3', '0'), ('2216', '264', '根河市', '3', '0'), ('2217', '264', '阿荣旗', '3', '0'), ('2218', '264', '鄂伦春自治旗', '3', '0'), ('2219', '264', '鄂温克族自治旗', '3', '0'), ('2220', '264', '陈巴尔虎旗', '3', '0'), ('2221', '264', '新巴尔虎左旗', '3', '0'), ('2222', '264', '新巴尔虎右旗', '3', '0'), ('2223', '265', '科尔沁区', '3', '0'), ('2224', '265', '霍林郭勒市', '3', '0'), ('2225', '265', '科尔沁左翼中旗', '3', '0'), ('2226', '265', '科尔沁左翼后旗', '3', '0'), ('2227', '265', '开鲁县', '3', '0'), ('2228', '265', '库伦旗', '3', '0'), ('2229', '265', '奈曼旗', '3', '0'), ('2230', '265', '扎鲁特旗', '3', '0'), ('2231', '266', '海勃湾区', '3', '0'), ('2232', '266', '乌达区', '3', '0'), ('2233', '266', '海南区', '3', '0'), ('2234', '267', '化德县', '3', '0'), ('2235', '267', '集宁区', '3', '0'), ('2236', '267', '丰镇市', '3', '0'), ('2237', '267', '卓资县', '3', '0'), ('2238', '267', '商都县', '3', '0'), ('2239', '267', '兴和县', '3', '0'), ('2240', '267', '凉城县', '3', '0'), ('2241', '267', '察哈尔右翼前旗', '3', '0'), ('2242', '267', '察哈尔右翼中旗', '3', '0'), ('2243', '267', '察哈尔右翼后旗', '3', '0'), ('2244', '267', '四子王旗', '3', '0'), ('2245', '268', '二连浩特市', '3', '0'), ('2246', '268', '锡林浩特市', '3', '0'), ('2247', '268', '阿巴嘎旗', '3', '0'), ('2248', '268', '苏尼特左旗', '3', '0'), ('2249', '268', '苏尼特右旗', '3', '0'), ('2250', '268', '东乌珠穆沁旗', '3', '0'), ('2251', '268', '西乌珠穆沁旗', '3', '0'), ('2252', '268', '太仆寺旗', '3', '0'), ('2253', '268', '镶黄旗', '3', '0'), ('2254', '268', '正镶白旗', '3', '0'), ('2255', '268', '正蓝旗', '3', '0'), ('2256', '268', '多伦县', '3', '0'), ('2257', '269', '乌兰浩特市', '3', '0'), ('2258', '269', '阿尔山市', '3', '0'), ('2259', '269', '科尔沁右翼前旗', '3', '0'), ('2260', '269', '科尔沁右翼中旗', '3', '0'), ('2261', '269', '扎赉特旗', '3', '0'), ('2262', '269', '突泉县', '3', '0'), ('2263', '270', '西夏区', '3', '0'), ('2264', '270', '金凤区', '3', '0'), ('2265', '270', '兴庆区', '3', '0'), ('2266', '270', '灵武市', '3', '0'), ('2267', '270', '永宁县', '3', '0'), ('2268', '270', '贺兰县', '3', '0'), ('2269', '271', '原州区', '3', '0'), ('2270', '271', '海原县', '3', '0'), ('2271', '271', '西吉县', '3', '0'), ('2272', '271', '隆德县', '3', '0'), ('2273', '271', '泾源县', '3', '0'), ('2274', '271', '彭阳县', '3', '0'), ('2275', '272', '惠农县', '3', '0'), ('2276', '272', '大武口区', '3', '0'), ('2277', '272', '惠农区', '3', '0'), ('2278', '272', '陶乐县', '3', '0'), ('2279', '272', '平罗县', '3', '0'), ('2280', '273', '利通区', '3', '0'), ('2281', '273', '中卫县', '3', '0'), ('2282', '273', '青铜峡市', '3', '0'), ('2283', '273', '中宁县', '3', '0'), ('2284', '273', '盐池县', '3', '0'), ('2285', '273', '同心县', '3', '0'), ('2286', '274', '沙坡头区', '3', '0'), ('2287', '274', '海原县', '3', '0'), ('2288', '274', '中宁县', '3', '0'), ('2289', '275', '城中区', '3', '0'), ('2290', '275', '城东区', '3', '0'), ('2291', '275', '城西区', '3', '0'), ('2292', '275', '城北区', '3', '0'), ('2293', '275', '湟中县', '3', '0'), ('2294', '275', '湟源县', '3', '0'), ('2295', '275', '大通', '3', '0'), ('2296', '276', '玛沁县', '3', '0'), ('2297', '276', '班玛县', '3', '0'), ('2298', '276', '甘德县', '3', '0'), ('2299', '276', '达日县', '3', '0'), ('2300', '276', '久治县', '3', '0'), ('2301', '276', '玛多县', '3', '0'), ('2302', '277', '海晏县', '3', '0'), ('2303', '277', '祁连县', '3', '0'), ('2304', '277', '刚察县', '3', '0'), ('2305', '277', '门源', '3', '0'), ('2306', '278', '平安县', '3', '0'), ('2307', '278', '乐都县', '3', '0'), ('2308', '278', '民和', '3', '0'), ('2309', '278', '互助', '3', '0'), ('2310', '278', '化隆', '3', '0'), ('2311', '278', '循化', '3', '0'), ('2312', '279', '共和县', '3', '0'), ('2313', '279', '同德县', '3', '0'), ('2314', '279', '贵德县', '3', '0'), ('2315', '279', '兴海县', '3', '0'), ('2316', '279', '贵南县', '3', '0'), ('2317', '280', '德令哈市', '3', '0'), ('2318', '280', '格尔木市', '3', '0'), ('2319', '280', '乌兰县', '3', '0'), ('2320', '280', '都兰县', '3', '0'), ('2321', '280', '天峻县', '3', '0'), ('2322', '281', '同仁县', '3', '0'), ('2323', '281', '尖扎县', '3', '0'), ('2324', '281', '泽库县', '3', '0'), ('2325', '281', '河南蒙古族自治县', '3', '0'), ('2326', '282', '玉树县', '3', '0'), ('2327', '282', '杂多县', '3', '0'), ('2328', '282', '称多县', '3', '0'), ('2329', '282', '治多县', '3', '0'), ('2330', '282', '囊谦县', '3', '0'), ('2331', '282', '曲麻莱县', '3', '0'), ('2332', '283', '市中区', '3', '0'), ('2333', '283', '历下区', '3', '0'), ('2334', '283', '天桥区', '3', '0'), ('2335', '283', '槐荫区', '3', '0'), ('2336', '283', '历城区', '3', '0'), ('2337', '283', '长清区', '3', '0'), ('2338', '283', '章丘市', '3', '0'), ('2339', '283', '平阴县', '3', '0'), ('2340', '283', '济阳县', '3', '0'), ('2341', '283', '商河县', '3', '0'), ('2342', '284', '市南区', '3', '0'), ('2343', '284', '市北区', '3', '0'), ('2344', '284', '城阳区', '3', '0'), ('2345', '284', '四方区', '3', '0'), ('2346', '284', '李沧区', '3', '0'), ('2347', '284', '黄岛区', '3', '0'), ('2348', '284', '崂山区', '3', '0'), ('2349', '284', '胶州市', '3', '0'), ('2350', '284', '即墨市', '3', '0'), ('2351', '284', '平度市', '3', '0'), ('2352', '284', '胶南市', '3', '0'), ('2353', '284', '莱西市', '3', '0'), ('2354', '285', '滨城区', '3', '0'), ('2355', '285', '惠民县', '3', '0'), ('2356', '285', '阳信县', '3', '0'), ('2357', '285', '无棣县', '3', '0'), ('2358', '285', '沾化县', '3', '0'), ('2359', '285', '博兴县', '3', '0'), ('2360', '285', '邹平县', '3', '0'), ('2361', '286', '德城区', '3', '0'), ('2362', '286', '陵县', '3', '0'), ('2363', '286', '乐陵市', '3', '0'), ('2364', '286', '禹城市', '3', '0'), ('2365', '286', '宁津县', '3', '0'), ('2366', '286', '庆云县', '3', '0'), ('2367', '286', '临邑县', '3', '0'), ('2368', '286', '齐河县', '3', '0'), ('2369', '286', '平原县', '3', '0'), ('2370', '286', '夏津县', '3', '0'), ('2371', '286', '武城县', '3', '0'), ('2372', '287', '东营区', '3', '0'), ('2373', '287', '河口区', '3', '0'), ('2374', '287', '垦利县', '3', '0'), ('2375', '287', '利津县', '3', '0'), ('2376', '287', '广饶县', '3', '0'), ('2377', '288', '牡丹区', '3', '0'), ('2378', '288', '曹县', '3', '0'), ('2379', '288', '单县', '3', '0'), ('2380', '288', '成武县', '3', '0'), ('2381', '288', '巨野县', '3', '0'), ('2382', '288', '郓城县', '3', '0'), ('2383', '288', '鄄城县', '3', '0'), ('2384', '288', '定陶县', '3', '0'), ('2385', '288', '东明县', '3', '0'), ('2386', '289', '市中区', '3', '0'), ('2387', '289', '任城区', '3', '0'), ('2388', '289', '曲阜市', '3', '0'), ('2389', '289', '兖州市', '3', '0'), ('2390', '289', '邹城市', '3', '0'), ('2391', '289', '微山县', '3', '0'), ('2392', '289', '鱼台县', '3', '0'), ('2393', '289', '金乡县', '3', '0'), ('2394', '289', '嘉祥县', '3', '0'), ('2395', '289', '汶上县', '3', '0'), ('2396', '289', '泗水县', '3', '0'), ('2397', '289', '梁山县', '3', '0'), ('2398', '290', '莱城区', '3', '0'), ('2399', '290', '钢城区', '3', '0'), ('2400', '291', '东昌府区', '3', '0'), ('2401', '291', '临清市', '3', '0'), ('2402', '291', '阳谷县', '3', '0'), ('2403', '291', '莘县', '3', '0'), ('2404', '291', '茌平县', '3', '0'), ('2405', '291', '东阿县', '3', '0'), ('2406', '291', '冠县', '3', '0'), ('2407', '291', '高唐县', '3', '0'), ('2408', '292', '兰山区', '3', '0'), ('2409', '292', '罗庄区', '3', '0'), ('2410', '292', '河东区', '3', '0'), ('2411', '292', '沂南县', '3', '0'), ('2412', '292', '郯城县', '3', '0'), ('2413', '292', '沂水县', '3', '0'), ('2414', '292', '苍山县', '3', '0'), ('2415', '292', '费县', '3', '0'), ('2416', '292', '平邑县', '3', '0'), ('2417', '292', '莒南县', '3', '0'), ('2418', '292', '蒙阴县', '3', '0'), ('2419', '292', '临沭县', '3', '0'), ('2420', '293', '东港区', '3', '0'), ('2421', '293', '岚山区', '3', '0'), ('2422', '293', '五莲县', '3', '0'), ('2423', '293', '莒县', '3', '0'), ('2424', '294', '泰山区', '3', '0'), ('2425', '294', '岱岳区', '3', '0'), ('2426', '294', '新泰市', '3', '0'), ('2427', '294', '肥城市', '3', '0'), ('2428', '294', '宁阳县', '3', '0'), ('2429', '294', '东平县', '3', '0'), ('2430', '295', '荣成市', '3', '0'), ('2431', '295', '乳山市', '3', '0'), ('2432', '295', '环翠区', '3', '0'), ('2433', '295', '文登市', '3', '0'), ('2434', '296', '潍城区', '3', '0'), ('2435', '296', '寒亭区', '3', '0'), ('2436', '296', '坊子区', '3', '0'), ('2437', '296', '奎文区', '3', '0'), ('2438', '296', '青州市', '3', '0'), ('2439', '296', '诸城市', '3', '0'), ('2440', '296', '寿光市', '3', '0'), ('2441', '296', '安丘市', '3', '0'), ('2442', '296', '高密市', '3', '0'), ('2443', '296', '昌邑市', '3', '0'), ('2444', '296', '临朐县', '3', '0'), ('2445', '296', '昌乐县', '3', '0'), ('2446', '297', '芝罘区', '3', '0'), ('2447', '297', '福山区', '3', '0'), ('2448', '297', '牟平区', '3', '0'), ('2449', '297', '莱山区', '3', '0'), ('2450', '297', '开发区', '3', '0'), ('2451', '297', '龙口市', '3', '0'), ('2452', '297', '莱阳市', '3', '0'), ('2453', '297', '莱州市', '3', '0'), ('2454', '297', '蓬莱市', '3', '0'), ('2455', '297', '招远市', '3', '0'), ('2456', '297', '栖霞市', '3', '0'), ('2457', '297', '海阳市', '3', '0'), ('2458', '297', '长岛县', '3', '0'), ('2459', '298', '市中区', '3', '0'), ('2460', '298', '山亭区', '3', '0'), ('2461', '298', '峄城区', '3', '0'), ('2462', '298', '台儿庄区', '3', '0'), ('2463', '298', '薛城区', '3', '0'), ('2464', '298', '滕州市', '3', '0'), ('2465', '299', '张店区', '3', '0'), ('2466', '299', '临淄区', '3', '0'), ('2467', '299', '淄川区', '3', '0'), ('2468', '299', '博山区', '3', '0'), ('2469', '299', '周村区', '3', '0'), ('2470', '299', '桓台县', '3', '0'), ('2471', '299', '高青县', '3', '0'), ('2472', '299', '沂源县', '3', '0'), ('2473', '300', '杏花岭区', '3', '0'), ('2474', '300', '小店区', '3', '0'), ('2475', '300', '迎泽区', '3', '0'), ('2476', '300', '尖草坪区', '3', '0'), ('2477', '300', '万柏林区', '3', '0'), ('2478', '300', '晋源区', '3', '0'), ('2479', '300', '高新开发区', '3', '0'), ('2480', '300', '民营经济开发区', '3', '0'), ('2481', '300', '经济技术开发区', '3', '0'), ('2482', '300', '清徐县', '3', '0'), ('2483', '300', '阳曲县', '3', '0'), ('2484', '300', '娄烦县', '3', '0'), ('2485', '300', '古交市', '3', '0'), ('2486', '301', '城区', '3', '0'), ('2487', '301', '郊区', '3', '0'), ('2488', '301', '沁县', '3', '0'), ('2489', '301', '潞城市', '3', '0'), ('2490', '301', '长治县', '3', '0'), ('2491', '301', '襄垣县', '3', '0'), ('2492', '301', '屯留县', '3', '0'), ('2493', '301', '平顺县', '3', '0'), ('2494', '301', '黎城县', '3', '0'), ('2495', '301', '壶关县', '3', '0'), ('2496', '301', '长子县', '3', '0'), ('2497', '301', '武乡县', '3', '0'), ('2498', '301', '沁源县', '3', '0'), ('2499', '302', '城区', '3', '0'), ('2500', '302', '矿区', '3', '0'), ('2501', '302', '南郊区', '3', '0'), ('2502', '302', '新荣区', '3', '0'), ('2503', '302', '阳高县', '3', '0'), ('2504', '302', '天镇县', '3', '0'), ('2505', '302', '广灵县', '3', '0'), ('2506', '302', '灵丘县', '3', '0'), ('2507', '302', '浑源县', '3', '0'), ('2508', '302', '左云县', '3', '0'), ('2509', '302', '大同县', '3', '0'), ('2510', '303', '城区', '3', '0'), ('2511', '303', '高平市', '3', '0'), ('2512', '303', '沁水县', '3', '0'), ('2513', '303', '阳城县', '3', '0'), ('2514', '303', '陵川县', '3', '0'), ('2515', '303', '泽州县', '3', '0'), ('2516', '304', '榆次区', '3', '0'), ('2517', '304', '介休市', '3', '0'), ('2518', '304', '榆社县', '3', '0'), ('2519', '304', '左权县', '3', '0'), ('2520', '304', '和顺县', '3', '0'), ('2521', '304', '昔阳县', '3', '0'), ('2522', '304', '寿阳县', '3', '0'), ('2523', '304', '太谷县', '3', '0'), ('2524', '304', '祁县', '3', '0'), ('2525', '304', '平遥县', '3', '0'), ('2526', '304', '灵石县', '3', '0'), ('2527', '305', '尧都区', '3', '0'), ('2528', '305', '侯马市', '3', '0'), ('2529', '305', '霍州市', '3', '0'), ('2530', '305', '曲沃县', '3', '0'), ('2531', '305', '翼城县', '3', '0'), ('2532', '305', '襄汾县', '3', '0'), ('2533', '305', '洪洞县', '3', '0'), ('2534', '305', '吉县', '3', '0'), ('2535', '305', '安泽县', '3', '0'), ('2536', '305', '浮山县', '3', '0'), ('2537', '305', '古县', '3', '0'), ('2538', '305', '乡宁县', '3', '0'), ('2539', '305', '大宁县', '3', '0'), ('2540', '305', '隰县', '3', '0'), ('2541', '305', '永和县', '3', '0'), ('2542', '305', '蒲县', '3', '0'), ('2543', '305', '汾西县', '3', '0'), ('2544', '306', '离石市', '3', '0'), ('2545', '306', '离石区', '3', '0'), ('2546', '306', '孝义市', '3', '0'), ('2547', '306', '汾阳市', '3', '0'), ('2548', '306', '文水县', '3', '0'), ('2549', '306', '交城县', '3', '0'), ('2550', '306', '兴县', '3', '0'), ('2551', '306', '临县', '3', '0'), ('2552', '306', '柳林县', '3', '0'), ('2553', '306', '石楼县', '3', '0'), ('2554', '306', '岚县', '3', '0'), ('2555', '306', '方山县', '3', '0'), ('2556', '306', '中阳县', '3', '0'), ('2557', '306', '交口县', '3', '0'), ('2558', '307', '朔城区', '3', '0'), ('2559', '307', '平鲁区', '3', '0'), ('2560', '307', '山阴县', '3', '0'), ('2561', '307', '应县', '3', '0'), ('2562', '307', '右玉县', '3', '0'), ('2563', '307', '怀仁县', '3', '0'), ('2564', '308', '忻府区', '3', '0'), ('2565', '308', '原平市', '3', '0'), ('2566', '308', '定襄县', '3', '0'), ('2567', '308', '五台县', '3', '0'), ('2568', '308', '代县', '3', '0'), ('2569', '308', '繁峙县', '3', '0'), ('2570', '308', '宁武县', '3', '0'), ('2571', '308', '静乐县', '3', '0'), ('2572', '308', '神池县', '3', '0'), ('2573', '308', '五寨县', '3', '0'), ('2574', '308', '岢岚县', '3', '0'), ('2575', '308', '河曲县', '3', '0'), ('2576', '308', '保德县', '3', '0'), ('2577', '308', '偏关县', '3', '0'), ('2578', '309', '城区', '3', '0'), ('2579', '309', '矿区', '3', '0'), ('2580', '309', '郊区', '3', '0'), ('2581', '309', '平定县', '3', '0'), ('2582', '309', '盂县', '3', '0'), ('2583', '310', '盐湖区', '3', '0'), ('2584', '310', '永济市', '3', '0'), ('2585', '310', '河津市', '3', '0'), ('2586', '310', '临猗县', '3', '0'), ('2587', '310', '万荣县', '3', '0'), ('2588', '310', '闻喜县', '3', '0'), ('2589', '310', '稷山县', '3', '0'), ('2590', '310', '新绛县', '3', '0'), ('2591', '310', '绛县', '3', '0'), ('2592', '310', '垣曲县', '3', '0'), ('2593', '310', '夏县', '3', '0'), ('2594', '310', '平陆县', '3', '0'), ('2595', '310', '芮城县', '3', '0'), ('2596', '311', '莲湖区', '3', '0'), ('2597', '311', '新城区', '3', '0'), ('2598', '311', '碑林区', '3', '0'), ('2599', '311', '雁塔区', '3', '0'), ('2600', '311', '灞桥区', '3', '0'), ('2601', '311', '未央区', '3', '0'), ('2602', '311', '阎良区', '3', '0'), ('2603', '311', '临潼区', '3', '0'), ('2604', '311', '长安区', '3', '0'), ('2605', '311', '蓝田县', '3', '0'), ('2606', '311', '周至县', '3', '0'), ('2607', '311', '户县', '3', '0'), ('2608', '311', '高陵县', '3', '0'), ('2609', '312', '汉滨区', '3', '0'), ('2610', '312', '汉阴县', '3', '0'), ('2611', '312', '石泉县', '3', '0'), ('2612', '312', '宁陕县', '3', '0'), ('2613', '312', '紫阳县', '3', '0'), ('2614', '312', '岚皋县', '3', '0'), ('2615', '312', '平利县', '3', '0'), ('2616', '312', '镇坪县', '3', '0'), ('2617', '312', '旬阳县', '3', '0'), ('2618', '312', '白河县', '3', '0'), ('2619', '313', '陈仓区', '3', '0'), ('2620', '313', '渭滨区', '3', '0'), ('2621', '313', '金台区', '3', '0'), ('2622', '313', '凤翔县', '3', '0'), ('2623', '313', '岐山县', '3', '0'), ('2624', '313', '扶风县', '3', '0'), ('2625', '313', '眉县', '3', '0'), ('2626', '313', '陇县', '3', '0'), ('2627', '313', '千阳县', '3', '0'), ('2628', '313', '麟游县', '3', '0'), ('2629', '313', '凤县', '3', '0'), ('2630', '313', '太白县', '3', '0'), ('2631', '314', '汉台区', '3', '0'), ('2632', '314', '南郑县', '3', '0'), ('2633', '314', '城固县', '3', '0'), ('2634', '314', '洋县', '3', '0'), ('2635', '314', '西乡县', '3', '0'), ('2636', '314', '勉县', '3', '0'), ('2637', '314', '宁强县', '3', '0'), ('2638', '314', '略阳县', '3', '0'), ('2639', '314', '镇巴县', '3', '0'), ('2640', '314', '留坝县', '3', '0'), ('2641', '314', '佛坪县', '3', '0'), ('2642', '315', '商州区', '3', '0'), ('2643', '315', '洛南县', '3', '0'), ('2644', '315', '丹凤县', '3', '0'), ('2645', '315', '商南县', '3', '0'), ('2646', '315', '山阳县', '3', '0'), ('2647', '315', '镇安县', '3', '0'), ('2648', '315', '柞水县', '3', '0'), ('2649', '316', '耀州区', '3', '0'), ('2650', '316', '王益区', '3', '0'), ('2651', '316', '印台区', '3', '0'), ('2652', '316', '宜君县', '3', '0'), ('2653', '317', '临渭区', '3', '0'), ('2654', '317', '韩城市', '3', '0'), ('2655', '317', '华阴市', '3', '0'), ('2656', '317', '华县', '3', '0'), ('2657', '317', '潼关县', '3', '0'), ('2658', '317', '大荔县', '3', '0'), ('2659', '317', '合阳县', '3', '0'), ('2660', '317', '澄城县', '3', '0'), ('2661', '317', '蒲城县', '3', '0'), ('2662', '317', '白水县', '3', '0'), ('2663', '317', '富平县', '3', '0'), ('2664', '318', '秦都区', '3', '0'), ('2665', '318', '渭城区', '3', '0'), ('2666', '318', '杨陵区', '3', '0'), ('2667', '318', '兴平市', '3', '0'), ('2668', '318', '三原县', '3', '0'), ('2669', '318', '泾阳县', '3', '0'), ('2670', '318', '乾县', '3', '0'), ('2671', '318', '礼泉县', '3', '0'), ('2672', '318', '永寿县', '3', '0'), ('2673', '318', '彬县', '3', '0'), ('2674', '318', '长武县', '3', '0'), ('2675', '318', '旬邑县', '3', '0'), ('2676', '318', '淳化县', '3', '0'), ('2677', '318', '武功县', '3', '0'), ('2678', '319', '吴起县', '3', '0'), ('2679', '319', '宝塔区', '3', '0'), ('2680', '319', '延长县', '3', '0'), ('2681', '319', '延川县', '3', '0'), ('2682', '319', '子长县', '3', '0'), ('2683', '319', '安塞县', '3', '0'), ('2684', '319', '志丹县', '3', '0'), ('2685', '319', '甘泉县', '3', '0'), ('2686', '319', '富县', '3', '0'), ('2687', '319', '洛川县', '3', '0'), ('2688', '319', '宜川县', '3', '0'), ('2689', '319', '黄龙县', '3', '0'), ('2690', '319', '黄陵县', '3', '0'), ('2691', '320', '榆阳区', '3', '0'), ('2692', '320', '神木县', '3', '0'), ('2693', '320', '府谷县', '3', '0'), ('2694', '320', '横山县', '3', '0'), ('2695', '320', '靖边县', '3', '0'), ('2696', '320', '定边县', '3', '0'), ('2697', '320', '绥德县', '3', '0'), ('2698', '320', '米脂县', '3', '0'), ('2699', '320', '佳县', '3', '0'), ('2700', '320', '吴堡县', '3', '0'), ('2701', '320', '清涧县', '3', '0'), ('2702', '320', '子洲县', '3', '0'), ('2703', '321', '长宁区', '3', '0'), ('2704', '321', '闸北区', '3', '0'), ('2705', '321', '闵行区', '3', '0'), ('2706', '321', '徐汇区', '3', '0'), ('2707', '321', '浦东新区', '3', '0'), ('2708', '321', '杨浦区', '3', '0'), ('2709', '321', '普陀区', '3', '0'), ('2710', '321', '静安区', '3', '0'), ('2711', '321', '卢湾区', '3', '0'), ('2712', '321', '虹口区', '3', '0'), ('2713', '321', '黄浦区', '3', '0'), ('2714', '321', '南汇区', '3', '0'), ('2715', '321', '松江区', '3', '0'), ('2716', '321', '嘉定区', '3', '0'), ('2717', '321', '宝山区', '3', '0'), ('2718', '321', '青浦区', '3', '0'), ('2719', '321', '金山区', '3', '0'), ('2720', '321', '奉贤区', '3', '0'), ('2721', '321', '崇明县', '3', '0'), ('2722', '322', '青羊区', '3', '0'), ('2723', '322', '锦江区', '3', '0'), ('2724', '322', '金牛区', '3', '0'), ('2725', '322', '武侯区', '3', '0'), ('2726', '322', '成华区', '3', '0'), ('2727', '322', '龙泉驿区', '3', '0'), ('2728', '322', '青白江区', '3', '0'), ('2729', '322', '新都区', '3', '0'), ('2730', '322', '温江区', '3', '0'), ('2731', '322', '高新区', '3', '0'), ('2732', '322', '高新西区', '3', '0'), ('2733', '322', '都江堰市', '3', '0'), ('2734', '322', '彭州市', '3', '0'), ('2735', '322', '邛崃市', '3', '0'), ('2736', '322', '崇州市', '3', '0'), ('2737', '322', '金堂县', '3', '0'), ('2738', '322', '双流县', '3', '0'), ('2739', '322', '郫县', '3', '0'), ('2740', '322', '大邑县', '3', '0'), ('2741', '322', '蒲江县', '3', '0'), ('2742', '322', '新津县', '3', '0'), ('2743', '322', '都江堰市', '3', '0'), ('2744', '322', '彭州市', '3', '0'), ('2745', '322', '邛崃市', '3', '0'), ('2746', '322', '崇州市', '3', '0'), ('2747', '322', '金堂县', '3', '0'), ('2748', '322', '双流县', '3', '0'), ('2749', '322', '郫县', '3', '0'), ('2750', '322', '大邑县', '3', '0'), ('2751', '322', '蒲江县', '3', '0'), ('2752', '322', '新津县', '3', '0'), ('2753', '323', '涪城区', '3', '0'), ('2754', '323', '游仙区', '3', '0'), ('2755', '323', '江油市', '3', '0'), ('2756', '323', '盐亭县', '3', '0'), ('2757', '323', '三台县', '3', '0'), ('2758', '323', '平武县', '3', '0'), ('2759', '323', '安县', '3', '0'), ('2760', '323', '梓潼县', '3', '0'), ('2761', '323', '北川县', '3', '0'), ('2762', '324', '马尔康县', '3', '0'), ('2763', '324', '汶川县', '3', '0'), ('2764', '324', '理县', '3', '0'), ('2765', '324', '茂县', '3', '0'), ('2766', '324', '松潘县', '3', '0'), ('2767', '324', '九寨沟县', '3', '0'), ('2768', '324', '金川县', '3', '0'), ('2769', '324', '小金县', '3', '0'), ('2770', '324', '黑水县', '3', '0'), ('2771', '324', '壤塘县', '3', '0'), ('2772', '324', '阿坝县', '3', '0'), ('2773', '324', '若尔盖县', '3', '0'), ('2774', '324', '红原县', '3', '0'), ('2775', '325', '巴州区', '3', '0'), ('2776', '325', '通江县', '3', '0'), ('2777', '325', '南江县', '3', '0'), ('2778', '325', '平昌县', '3', '0'), ('2779', '326', '通川区', '3', '0'), ('2780', '326', '万源市', '3', '0'), ('2781', '326', '达县', '3', '0'), ('2782', '326', '宣汉县', '3', '0'), ('2783', '326', '开江县', '3', '0'), ('2784', '326', '大竹县', '3', '0'), ('2785', '326', '渠县', '3', '0'), ('2786', '327', '旌阳区', '3', '0'), ('2787', '327', '广汉市', '3', '0'), ('2788', '327', '什邡市', '3', '0'), ('2789', '327', '绵竹市', '3', '0'), ('2790', '327', '罗江县', '3', '0'), ('2791', '327', '中江县', '3', '0'), ('2792', '328', '康定县', '3', '0'), ('2793', '328', '丹巴县', '3', '0'), ('2794', '328', '泸定县', '3', '0'), ('2795', '328', '炉霍县', '3', '0'), ('2796', '328', '九龙县', '3', '0'), ('2797', '328', '甘孜县', '3', '0'), ('2798', '328', '雅江县', '3', '0'), ('2799', '328', '新龙县', '3', '0'), ('2800', '328', '道孚县', '3', '0'), ('2801', '328', '白玉县', '3', '0'), ('2802', '328', '理塘县', '3', '0'), ('2803', '328', '德格县', '3', '0'), ('2804', '328', '乡城县', '3', '0'), ('2805', '328', '石渠县', '3', '0'), ('2806', '328', '稻城县', '3', '0'), ('2807', '328', '色达县', '3', '0'), ('2808', '328', '巴塘县', '3', '0'), ('2809', '328', '得荣县', '3', '0'), ('2810', '329', '广安区', '3', '0'), ('2811', '329', '华蓥市', '3', '0'), ('2812', '329', '岳池县', '3', '0'), ('2813', '329', '武胜县', '3', '0'), ('2814', '329', '邻水县', '3', '0'), ('2815', '330', '利州区', '3', '0'), ('2816', '330', '元坝区', '3', '0'), ('2817', '330', '朝天区', '3', '0'), ('2818', '330', '旺苍县', '3', '0'), ('2819', '330', '青川县', '3', '0'), ('2820', '330', '剑阁县', '3', '0'), ('2821', '330', '苍溪县', '3', '0'), ('2822', '331', '峨眉山市', '3', '0'), ('2823', '331', '乐山市', '3', '0'), ('2824', '331', '犍为县', '3', '0'), ('2825', '331', '井研县', '3', '0'), ('2826', '331', '夹江县', '3', '0'), ('2827', '331', '沐川县', '3', '0'), ('2828', '331', '峨边', '3', '0'), ('2829', '331', '马边', '3', '0'), ('2830', '332', '西昌市', '3', '0'), ('2831', '332', '盐源县', '3', '0'), ('2832', '332', '德昌县', '3', '0'), ('2833', '332', '会理县', '3', '0'), ('2834', '332', '会东县', '3', '0'), ('2835', '332', '宁南县', '3', '0'), ('2836', '332', '普格县', '3', '0'), ('2837', '332', '布拖县', '3', '0'), ('2838', '332', '金阳县', '3', '0'), ('2839', '332', '昭觉县', '3', '0'), ('2840', '332', '喜德县', '3', '0'), ('2841', '332', '冕宁县', '3', '0'), ('2842', '332', '越西县', '3', '0'), ('2843', '332', '甘洛县', '3', '0'), ('2844', '332', '美姑县', '3', '0'), ('2845', '332', '雷波县', '3', '0'), ('2846', '332', '木里', '3', '0'), ('2847', '333', '东坡区', '3', '0'), ('2848', '333', '仁寿县', '3', '0'), ('2849', '333', '彭山县', '3', '0'), ('2850', '333', '洪雅县', '3', '0'), ('2851', '333', '丹棱县', '3', '0'), ('2852', '333', '青神县', '3', '0'), ('2853', '334', '阆中市', '3', '0'), ('2854', '334', '南部县', '3', '0'), ('2855', '334', '营山县', '3', '0'), ('2856', '334', '蓬安县', '3', '0'), ('2857', '334', '仪陇县', '3', '0'), ('2858', '334', '顺庆区', '3', '0'), ('2859', '334', '高坪区', '3', '0'), ('2860', '334', '嘉陵区', '3', '0'), ('2861', '334', '西充县', '3', '0'), ('2862', '335', '市中区', '3', '0'), ('2863', '335', '东兴区', '3', '0'), ('2864', '335', '威远县', '3', '0'), ('2865', '335', '资中县', '3', '0'), ('2866', '335', '隆昌县', '3', '0'), ('2867', '336', '东  区', '3', '0'), ('2868', '336', '西  区', '3', '0'), ('2869', '336', '仁和区', '3', '0'), ('2870', '336', '米易县', '3', '0'), ('2871', '336', '盐边县', '3', '0'), ('2872', '337', '船山区', '3', '0'), ('2873', '337', '安居区', '3', '0'), ('2874', '337', '蓬溪县', '3', '0'), ('2875', '337', '射洪县', '3', '0'), ('2876', '337', '大英县', '3', '0'), ('2877', '338', '雨城区', '3', '0'), ('2878', '338', '名山县', '3', '0'), ('2879', '338', '荥经县', '3', '0'), ('2880', '338', '汉源县', '3', '0'), ('2881', '338', '石棉县', '3', '0'), ('2882', '338', '天全县', '3', '0'), ('2883', '338', '芦山县', '3', '0'), ('2884', '338', '宝兴县', '3', '0'), ('2885', '339', '翠屏区', '3', '0'), ('2886', '339', '宜宾县', '3', '0'), ('2887', '339', '南溪县', '3', '0'), ('2888', '339', '江安县', '3', '0'), ('2889', '339', '长宁县', '3', '0'), ('2890', '339', '高县', '3', '0'), ('2891', '339', '珙县', '3', '0'), ('2892', '339', '筠连县', '3', '0'), ('2893', '339', '兴文县', '3', '0'), ('2894', '339', '屏山县', '3', '0'), ('2895', '340', '雁江区', '3', '0'), ('2896', '340', '简阳市', '3', '0'), ('2897', '340', '安岳县', '3', '0'), ('2898', '340', '乐至县', '3', '0'), ('2899', '341', '大安区', '3', '0'), ('2900', '341', '自流井区', '3', '0'), ('2901', '341', '贡井区', '3', '0'), ('2902', '341', '沿滩区', '3', '0'), ('2903', '341', '荣县', '3', '0'), ('2904', '341', '富顺县', '3', '0'), ('2905', '342', '江阳区', '3', '0'), ('2906', '342', '纳溪区', '3', '0'), ('2907', '342', '龙马潭区', '3', '0'), ('2908', '342', '泸县', '3', '0'), ('2909', '342', '合江县', '3', '0'), ('2910', '342', '叙永县', '3', '0'), ('2911', '342', '古蔺县', '3', '0'), ('2912', '343', '和平区', '3', '0'), ('2913', '343', '河西区', '3', '0'), ('2914', '343', '南开区', '3', '0'), ('2915', '343', '河北区', '3', '0'), ('2916', '343', '河东区', '3', '0'), ('2917', '343', '红桥区', '3', '0'), ('2918', '343', '东丽区', '3', '0'), ('2919', '343', '津南区', '3', '0'), ('2920', '343', '西青区', '3', '0'), ('2921', '343', '北辰区', '3', '0'), ('2922', '343', '塘沽区', '3', '0'), ('2923', '343', '汉沽区', '3', '0'), ('2924', '343', '大港区', '3', '0'), ('2925', '343', '武清区', '3', '0'), ('2926', '343', '宝坻区', '3', '0'), ('2927', '343', '经济开发区', '3', '0'), ('2928', '343', '宁河县', '3', '0'), ('2929', '343', '静海县', '3', '0'), ('2930', '343', '蓟县', '3', '0'), ('2931', '344', '城关区', '3', '0'), ('2932', '344', '林周县', '3', '0'), ('2933', '344', '当雄县', '3', '0'), ('2934', '344', '尼木县', '3', '0'), ('2935', '344', '曲水县', '3', '0'), ('2936', '344', '堆龙德庆县', '3', '0'), ('2937', '344', '达孜县', '3', '0'), ('2938', '344', '墨竹工卡县', '3', '0'), ('2939', '345', '噶尔县', '3', '0'), ('2940', '345', '普兰县', '3', '0'), ('2941', '345', '札达县', '3', '0'), ('2942', '345', '日土县', '3', '0'), ('2943', '345', '革吉县', '3', '0'), ('2944', '345', '改则县', '3', '0'), ('2945', '345', '措勤县', '3', '0'), ('2946', '346', '昌都县', '3', '0'), ('2947', '346', '江达县', '3', '0'), ('2948', '346', '贡觉县', '3', '0'), ('2949', '346', '类乌齐县', '3', '0'), ('2950', '346', '丁青县', '3', '0'), ('2951', '346', '察雅县', '3', '0'), ('2952', '346', '八宿县', '3', '0'), ('2953', '346', '左贡县', '3', '0'), ('2954', '346', '芒康县', '3', '0'), ('2955', '346', '洛隆县', '3', '0'), ('2956', '346', '边坝县', '3', '0'), ('2957', '347', '林芝县', '3', '0'), ('2958', '347', '工布江达县', '3', '0'), ('2959', '347', '米林县', '3', '0'), ('2960', '347', '墨脱县', '3', '0'), ('2961', '347', '波密县', '3', '0'), ('2962', '347', '察隅县', '3', '0'), ('2963', '347', '朗县', '3', '0'), ('2964', '348', '那曲县', '3', '0'), ('2965', '348', '嘉黎县', '3', '0'), ('2966', '348', '比如县', '3', '0'), ('2967', '348', '聂荣县', '3', '0'), ('2968', '348', '安多县', '3', '0'), ('2969', '348', '申扎县', '3', '0'), ('2970', '348', '索县', '3', '0'), ('2971', '348', '班戈县', '3', '0'), ('2972', '348', '巴青县', '3', '0'), ('2973', '348', '尼玛县', '3', '0'), ('2974', '349', '日喀则市', '3', '0'), ('2975', '349', '南木林县', '3', '0'), ('2976', '349', '江孜县', '3', '0'), ('2977', '349', '定日县', '3', '0'), ('2978', '349', '萨迦县', '3', '0'), ('2979', '349', '拉孜县', '3', '0'), ('2980', '349', '昂仁县', '3', '0'), ('2981', '349', '谢通门县', '3', '0'), ('2982', '349', '白朗县', '3', '0'), ('2983', '349', '仁布县', '3', '0'), ('2984', '349', '康马县', '3', '0'), ('2985', '349', '定结县', '3', '0'), ('2986', '349', '仲巴县', '3', '0'), ('2987', '349', '亚东县', '3', '0'), ('2988', '349', '吉隆县', '3', '0'), ('2989', '349', '聂拉木县', '3', '0'), ('2990', '349', '萨嘎县', '3', '0'), ('2991', '349', '岗巴县', '3', '0'), ('2992', '350', '乃东县', '3', '0'), ('2993', '350', '扎囊县', '3', '0'), ('2994', '350', '贡嘎县', '3', '0'), ('2995', '350', '桑日县', '3', '0'), ('2996', '350', '琼结县', '3', '0'), ('2997', '350', '曲松县', '3', '0'), ('2998', '350', '措美县', '3', '0'), ('2999', '350', '洛扎县', '3', '0'), ('3000', '350', '加查县', '3', '0'), ('3001', '350', '隆子县', '3', '0'), ('3002', '350', '错那县', '3', '0'), ('3003', '350', '浪卡子县', '3', '0'), ('3004', '351', '天山区', '3', '0'), ('3005', '351', '沙依巴克区', '3', '0'), ('3006', '351', '新市区', '3', '0'), ('3007', '351', '水磨沟区', '3', '0'), ('3008', '351', '头屯河区', '3', '0'), ('3009', '351', '达坂城区', '3', '0'), ('3010', '351', '米东区', '3', '0'), ('3011', '351', '乌鲁木齐县', '3', '0'), ('3012', '352', '阿克苏市', '3', '0'), ('3013', '352', '温宿县', '3', '0'), ('3014', '352', '库车县', '3', '0'), ('3015', '352', '沙雅县', '3', '0'), ('3016', '352', '新和县', '3', '0'), ('3017', '352', '拜城县', '3', '0'), ('3018', '352', '乌什县', '3', '0'), ('3019', '352', '阿瓦提县', '3', '0'), ('3020', '352', '柯坪县', '3', '0'), ('3021', '353', '阿拉尔市', '3', '0'), ('3022', '354', '库尔勒市', '3', '0'), ('3023', '354', '轮台县', '3', '0'), ('3024', '354', '尉犁县', '3', '0'), ('3025', '354', '若羌县', '3', '0'), ('3026', '354', '且末县', '3', '0'), ('3027', '354', '焉耆', '3', '0'), ('3028', '354', '和静县', '3', '0'), ('3029', '354', '和硕县', '3', '0'), ('3030', '354', '博湖县', '3', '0'), ('3031', '355', '博乐市', '3', '0'), ('3032', '355', '精河县', '3', '0'), ('3033', '355', '温泉县', '3', '0'), ('3034', '356', '呼图壁县', '3', '0'), ('3035', '356', '米泉市', '3', '0'), ('3036', '356', '昌吉市', '3', '0'), ('3037', '356', '阜康市', '3', '0'), ('3038', '356', '玛纳斯县', '3', '0'), ('3039', '356', '奇台县', '3', '0'), ('3040', '356', '吉木萨尔县', '3', '0'), ('3041', '356', '木垒', '3', '0'), ('3042', '357', '哈密市', '3', '0'), ('3043', '357', '伊吾县', '3', '0'), ('3044', '357', '巴里坤', '3', '0'), ('3045', '358', '和田市', '3', '0'), ('3046', '358', '和田县', '3', '0'), ('3047', '358', '墨玉县', '3', '0'), ('3048', '358', '皮山县', '3', '0'), ('3049', '358', '洛浦县', '3', '0'), ('3050', '358', '策勒县', '3', '0'), ('3051', '358', '于田县', '3', '0'), ('3052', '358', '民丰县', '3', '0'), ('3053', '359', '喀什市', '3', '0'), ('3054', '359', '疏附县', '3', '0'), ('3055', '359', '疏勒县', '3', '0'), ('3056', '359', '英吉沙县', '3', '0'), ('3057', '359', '泽普县', '3', '0'), ('3058', '359', '莎车县', '3', '0'), ('3059', '359', '叶城县', '3', '0'), ('3060', '359', '麦盖提县', '3', '0'), ('3061', '359', '岳普湖县', '3', '0'), ('3062', '359', '伽师县', '3', '0'), ('3063', '359', '巴楚县', '3', '0'), ('3064', '359', '塔什库尔干', '3', '0'), ('3065', '360', '克拉玛依市', '3', '0'), ('3066', '361', '阿图什市', '3', '0'), ('3067', '361', '阿克陶县', '3', '0'), ('3068', '361', '阿合奇县', '3', '0'), ('3069', '361', '乌恰县', '3', '0'), ('3070', '362', '石河子市', '3', '0'), ('3071', '363', '图木舒克市', '3', '0'), ('3072', '364', '吐鲁番市', '3', '0'), ('3073', '364', '鄯善县', '3', '0'), ('3074', '364', '托克逊县', '3', '0'), ('3075', '365', '五家渠市', '3', '0'), ('3076', '366', '阿勒泰市', '3', '0'), ('3077', '366', '布克赛尔', '3', '0'), ('3078', '366', '伊宁市', '3', '0'), ('3079', '366', '布尔津县', '3', '0'), ('3080', '366', '奎屯市', '3', '0'), ('3081', '366', '乌苏市', '3', '0'), ('3082', '366', '额敏县', '3', '0'), ('3083', '366', '富蕴县', '3', '0'), ('3084', '366', '伊宁县', '3', '0'), ('3085', '366', '福海县', '3', '0'), ('3086', '366', '霍城县', '3', '0'), ('3087', '366', '沙湾县', '3', '0'), ('3088', '366', '巩留县', '3', '0'), ('3089', '366', '哈巴河县', '3', '0'), ('3090', '366', '托里县', '3', '0'), ('3091', '366', '青河县', '3', '0'), ('3092', '366', '新源县', '3', '0'), ('3093', '366', '裕民县', '3', '0'), ('3094', '366', '和布克赛尔', '3', '0'), ('3095', '366', '吉木乃县', '3', '0'), ('3096', '366', '昭苏县', '3', '0'), ('3097', '366', '特克斯县', '3', '0'), ('3098', '366', '尼勒克县', '3', '0'), ('3099', '366', '察布查尔', '3', '0'), ('3100', '367', '盘龙区', '3', '0'), ('3101', '367', '五华区', '3', '0'), ('3102', '367', '官渡区', '3', '0'), ('3103', '367', '西山区', '3', '0'), ('3104', '367', '东川区', '3', '0'), ('3105', '367', '安宁市', '3', '0'), ('3106', '367', '呈贡县', '3', '0'), ('3107', '367', '晋宁县', '3', '0'), ('3108', '367', '富民县', '3', '0'), ('3109', '367', '宜良县', '3', '0'), ('3110', '367', '嵩明县', '3', '0'), ('3111', '367', '石林县', '3', '0'), ('3112', '367', '禄劝', '3', '0'), ('3113', '367', '寻甸', '3', '0'), ('3114', '368', '兰坪', '3', '0'), ('3115', '368', '泸水县', '3', '0'), ('3116', '368', '福贡县', '3', '0'), ('3117', '368', '贡山', '3', '0'), ('3118', '369', '宁洱', '3', '0'), ('3119', '369', '思茅区', '3', '0'), ('3120', '369', '墨江', '3', '0'), ('3121', '369', '景东', '3', '0'), ('3122', '369', '景谷', '3', '0'), ('3123', '369', '镇沅', '3', '0'), ('3124', '369', '江城', '3', '0'), ('3125', '369', '孟连', '3', '0'), ('3126', '369', '澜沧', '3', '0'), ('3127', '369', '西盟', '3', '0'), ('3128', '370', '古城区', '3', '0'), ('3129', '370', '宁蒗', '3', '0'), ('3130', '370', '玉龙', '3', '0'), ('3131', '370', '永胜县', '3', '0'), ('3132', '370', '华坪县', '3', '0'), ('3133', '371', '隆阳区', '3', '0'), ('3134', '371', '施甸县', '3', '0'), ('3135', '371', '腾冲县', '3', '0'), ('3136', '371', '龙陵县', '3', '0'), ('3137', '371', '昌宁县', '3', '0'), ('3138', '372', '楚雄市', '3', '0'), ('3139', '372', '双柏县', '3', '0'), ('3140', '372', '牟定县', '3', '0'), ('3141', '372', '南华县', '3', '0'), ('3142', '372', '姚安县', '3', '0'), ('3143', '372', '大姚县', '3', '0'), ('3144', '372', '永仁县', '3', '0'), ('3145', '372', '元谋县', '3', '0'), ('3146', '372', '武定县', '3', '0'), ('3147', '372', '禄丰县', '3', '0'), ('3148', '373', '大理市', '3', '0'), ('3149', '373', '祥云县', '3', '0'), ('3150', '373', '宾川县', '3', '0'), ('3151', '373', '弥渡县', '3', '0'), ('3152', '373', '永平县', '3', '0'), ('3153', '373', '云龙县', '3', '0'), ('3154', '373', '洱源县', '3', '0'), ('3155', '373', '剑川县', '3', '0'), ('3156', '373', '鹤庆县', '3', '0'), ('3157', '373', '漾濞', '3', '0'), ('3158', '373', '南涧', '3', '0'), ('3159', '373', '巍山', '3', '0'), ('3160', '374', '潞西市', '3', '0'), ('3161', '374', '瑞丽市', '3', '0'), ('3162', '374', '梁河县', '3', '0'), ('3163', '374', '盈江县', '3', '0'), ('3164', '374', '陇川县', '3', '0'), ('3165', '375', '香格里拉县', '3', '0'), ('3166', '375', '德钦县', '3', '0'), ('3167', '375', '维西', '3', '0'), ('3168', '376', '泸西县', '3', '0'), ('3169', '376', '蒙自县', '3', '0'), ('3170', '376', '个旧市', '3', '0'), ('3171', '376', '开远市', '3', '0'), ('3172', '376', '绿春县', '3', '0'), ('3173', '376', '建水县', '3', '0'), ('3174', '376', '石屏县', '3', '0'), ('3175', '376', '弥勒县', '3', '0'), ('3176', '376', '元阳县', '3', '0'), ('3177', '376', '红河县', '3', '0'), ('3178', '376', '金平', '3', '0'), ('3179', '376', '河口', '3', '0'), ('3180', '376', '屏边', '3', '0'), ('3181', '377', '临翔区', '3', '0'), ('3182', '377', '凤庆县', '3', '0'), ('3183', '377', '云县', '3', '0'), ('3184', '377', '永德县', '3', '0'), ('3185', '377', '镇康县', '3', '0'), ('3186', '377', '双江', '3', '0'), ('3187', '377', '耿马', '3', '0'), ('3188', '377', '沧源', '3', '0'), ('3189', '378', '麒麟区', '3', '0'), ('3190', '378', '宣威市', '3', '0'), ('3191', '378', '马龙县', '3', '0'), ('3192', '378', '陆良县', '3', '0'), ('3193', '378', '师宗县', '3', '0'), ('3194', '378', '罗平县', '3', '0'), ('3195', '378', '富源县', '3', '0'), ('3196', '378', '会泽县', '3', '0'), ('3197', '378', '沾益县', '3', '0'), ('3198', '379', '文山县', '3', '0'), ('3199', '379', '砚山县', '3', '0'), ('3200', '379', '西畴县', '3', '0'), ('3201', '379', '麻栗坡县', '3', '0'), ('3202', '379', '马关县', '3', '0'), ('3203', '379', '丘北县', '3', '0'), ('3204', '379', '广南县', '3', '0'), ('3205', '379', '富宁县', '3', '0'), ('3206', '380', '景洪市', '3', '0'), ('3207', '380', '勐海县', '3', '0'), ('3208', '380', '勐腊县', '3', '0'), ('3209', '381', '红塔区', '3', '0'), ('3210', '381', '江川县', '3', '0'), ('3211', '381', '澄江县', '3', '0'), ('3212', '381', '通海县', '3', '0'), ('3213', '381', '华宁县', '3', '0'), ('3214', '381', '易门县', '3', '0'), ('3215', '381', '峨山', '3', '0'), ('3216', '381', '新平', '3', '0'), ('3217', '381', '元江', '3', '0'), ('3218', '382', '昭阳区', '3', '0'), ('3219', '382', '鲁甸县', '3', '0'), ('3220', '382', '巧家县', '3', '0'), ('3221', '382', '盐津县', '3', '0'), ('3222', '382', '大关县', '3', '0'), ('3223', '382', '永善县', '3', '0'), ('3224', '382', '绥江县', '3', '0'), ('3225', '382', '镇雄县', '3', '0'), ('3226', '382', '彝良县', '3', '0'), ('3227', '382', '威信县', '3', '0'), ('3228', '382', '水富县', '3', '0'), ('3229', '383', '西湖区', '3', '0'), ('3230', '383', '上城区', '3', '0'), ('3231', '383', '下城区', '3', '0'), ('3232', '383', '拱墅区', '3', '0'), ('3233', '383', '滨江区', '3', '0'), ('3234', '383', '江干区', '3', '0'), ('3235', '383', '萧山区', '3', '0'), ('3236', '383', '余杭区', '3', '0'), ('3237', '383', '市郊', '3', '0'), ('3238', '383', '建德市', '3', '0'), ('3239', '383', '富阳市', '3', '0'), ('3240', '383', '临安市', '3', '0'), ('3241', '383', '桐庐县', '3', '0'), ('3242', '383', '淳安县', '3', '0'), ('3243', '384', '吴兴区', '3', '0'), ('3244', '384', '南浔区', '3', '0'), ('3245', '384', '德清县', '3', '0'), ('3246', '384', '长兴县', '3', '0'), ('3247', '384', '安吉县', '3', '0'), ('3248', '385', '南湖区', '3', '0'), ('3249', '385', '秀洲区', '3', '0'), ('3250', '385', '海宁市', '3', '0'), ('3251', '385', '嘉善县', '3', '0'), ('3252', '385', '平湖市', '3', '0'), ('3253', '385', '桐乡市', '3', '0'), ('3254', '385', '海盐县', '3', '0'), ('3255', '386', '婺城区', '3', '0'), ('3256', '386', '金东区', '3', '0'), ('3257', '386', '兰溪市', '3', '0'), ('3258', '386', '市区', '3', '0'), ('3259', '386', '佛堂镇', '3', '0'), ('3260', '386', '上溪镇', '3', '0'), ('3261', '386', '义亭镇', '3', '0'), ('3262', '386', '大陈镇', '3', '0'), ('3263', '386', '苏溪镇', '3', '0'), ('3264', '386', '赤岸镇', '3', '0'), ('3265', '386', '东阳市', '3', '0'), ('3266', '386', '永康市', '3', '0'), ('3267', '386', '武义县', '3', '0'), ('3268', '386', '浦江县', '3', '0'), ('3269', '386', '磐安县', '3', '0'), ('3270', '387', '莲都区', '3', '0'), ('3271', '387', '龙泉市', '3', '0'), ('3272', '387', '青田县', '3', '0'), ('3273', '387', '缙云县', '3', '0'), ('3274', '387', '遂昌县', '3', '0'), ('3275', '387', '松阳县', '3', '0'), ('3276', '387', '云和县', '3', '0'), ('3277', '387', '庆元县', '3', '0'), ('3278', '387', '景宁', '3', '0'), ('3279', '388', '海曙区', '3', '0'), ('3280', '388', '江东区', '3', '0'), ('3281', '388', '江北区', '3', '0'), ('3282', '388', '镇海区', '3', '0'), ('3283', '388', '北仑区', '3', '0'), ('3284', '388', '鄞州区', '3', '0'), ('3285', '388', '余姚市', '3', '0'), ('3286', '388', '慈溪市', '3', '0'), ('3287', '388', '奉化市', '3', '0'), ('3288', '388', '象山县', '3', '0'), ('3289', '388', '宁海县', '3', '0'), ('3290', '389', '越城区', '3', '0'), ('3291', '389', '上虞市', '3', '0'), ('3292', '389', '嵊州市', '3', '0'), ('3293', '389', '绍兴县', '3', '0'), ('3294', '389', '新昌县', '3', '0'), ('3295', '389', '诸暨市', '3', '0'), ('3296', '390', '椒江区', '3', '0'), ('3297', '390', '黄岩区', '3', '0'), ('3298', '390', '路桥区', '3', '0'), ('3299', '390', '温岭市', '3', '0'), ('3300', '390', '临海市', '3', '0'), ('3301', '390', '玉环县', '3', '0'), ('3302', '390', '三门县', '3', '0'), ('3303', '390', '天台县', '3', '0'), ('3304', '390', '仙居县', '3', '0'), ('3305', '391', '鹿城区', '3', '0'), ('3306', '391', '龙湾区', '3', '0'), ('3307', '391', '瓯海区', '3', '0'), ('3308', '391', '瑞安市', '3', '0'), ('3309', '391', '乐清市', '3', '0'), ('3310', '391', '洞头县', '3', '0'), ('3311', '391', '永嘉县', '3', '0'), ('3312', '391', '平阳县', '3', '0'), ('3313', '391', '苍南县', '3', '0'), ('3314', '391', '文成县', '3', '0'), ('3315', '391', '泰顺县', '3', '0'), ('3316', '392', '定海区', '3', '0'), ('3317', '392', '普陀区', '3', '0'), ('3318', '392', '岱山县', '3', '0'), ('3319', '392', '嵊泗县', '3', '0'), ('3320', '393', '衢州市', '3', '0'), ('3321', '393', '江山市', '3', '0'), ('3322', '393', '常山县', '3', '0'), ('3323', '393', '开化县', '3', '0'), ('3324', '393', '龙游县', '3', '0'), ('3325', '394', '合川区', '3', '0'), ('3326', '394', '江津区', '3', '0'), ('3327', '394', '南川区', '3', '0'), ('3328', '394', '永川区', '3', '0'), ('3329', '394', '南岸区', '3', '0'), ('3330', '394', '渝北区', '3', '0'), ('3331', '394', '万盛区', '3', '0'), ('3332', '394', '大渡口区', '3', '0'), ('3333', '394', '万州区', '3', '0'), ('3334', '394', '北碚区', '3', '0'), ('3335', '394', '沙坪坝区', '3', '0'), ('3336', '394', '巴南区', '3', '0'), ('3337', '394', '涪陵区', '3', '0'), ('3338', '394', '江北区', '3', '0'), ('3339', '394', '九龙坡区', '3', '0'), ('3340', '394', '渝中区', '3', '0'), ('3341', '394', '黔江开发区', '3', '0'), ('3342', '394', '长寿区', '3', '0'), ('3343', '394', '双桥区', '3', '0'), ('3344', '394', '綦江县', '3', '0'), ('3345', '394', '潼南县', '3', '0'), ('3346', '394', '铜梁县', '3', '0'), ('3347', '394', '大足县', '3', '0'), ('3348', '394', '荣昌县', '3', '0'), ('3349', '394', '璧山县', '3', '0'), ('3350', '394', '垫江县', '3', '0'), ('3351', '394', '武隆县', '3', '0'), ('3352', '394', '丰都县', '3', '0'), ('3353', '394', '城口县', '3', '0'), ('3354', '394', '梁平县', '3', '0'), ('3355', '394', '开县', '3', '0'), ('3356', '394', '巫溪县', '3', '0'), ('3357', '394', '巫山县', '3', '0'), ('3358', '394', '奉节县', '3', '0'), ('3359', '394', '云阳县', '3', '0'), ('3360', '394', '忠县', '3', '0'), ('3361', '394', '石柱', '3', '0'), ('3362', '394', '彭水', '3', '0'), ('3363', '394', '酉阳', '3', '0'), ('3364', '394', '秀山', '3', '0'), ('3365', '395', '沙田区', '3', '0'), ('3366', '395', '东区', '3', '0'), ('3367', '395', '观塘区', '3', '0'), ('3368', '395', '黄大仙区', '3', '0'), ('3369', '395', '九龙城区', '3', '0'), ('3370', '395', '屯门区', '3', '0'), ('3371', '395', '葵青区', '3', '0'), ('3372', '395', '元朗区', '3', '0'), ('3373', '395', '深水埗区', '3', '0'), ('3374', '395', '西贡区', '3', '0'), ('3375', '395', '大埔区', '3', '0'), ('3376', '395', '湾仔区', '3', '0'), ('3377', '395', '油尖旺区', '3', '0'), ('3378', '395', '北区', '3', '0'), ('3379', '395', '南区', '3', '0'), ('3380', '395', '荃湾区', '3', '0'), ('3381', '395', '中西区', '3', '0'), ('3382', '395', '离岛区', '3', '0'), ('3383', '396', '澳门', '3', '0'), ('3384', '397', '台北', '3', '0'), ('3385', '397', '高雄', '3', '0'), ('3386', '397', '基隆', '3', '0'), ('3387', '397', '台中', '3', '0'), ('3388', '397', '台南', '3', '0'), ('3389', '397', '新竹', '3', '0'), ('3390', '397', '嘉义', '3', '0'), ('3391', '397', '宜兰县', '3', '0'), ('3392', '397', '桃园县', '3', '0'), ('3393', '397', '苗栗县', '3', '0'), ('3394', '397', '彰化县', '3', '0'), ('3395', '397', '南投县', '3', '0'), ('3396', '397', '云林县', '3', '0'), ('3397', '397', '屏东县', '3', '0'), ('3398', '397', '台东县', '3', '0'), ('3399', '397', '花莲县', '3', '0'), ('3400', '397', '澎湖县', '3', '0'), ('3401', '3', '合肥', '2', '0'), ('3402', '3401', '庐阳区', '3', '0'), ('3403', '3401', '瑶海区', '3', '0'), ('3404', '3401', '蜀山区', '3', '0'), ('3405', '3401', '包河区', '3', '0'), ('3406', '3401', '长丰县', '3', '0'), ('3407', '3401', '肥东县', '3', '0'), ('3408', '3401', '肥西县', '3', '0'), ('3409', '0', 'Islamic State of Afghanistan', '0', '0'), ('3410', '0', 'Republic of Albania', '0', '0'), ('3411', '0', 'Antarctica', '0', '0'), ('3412', '0', 'Democratic People\'s Republic of Algeria', '0', '0'), ('3413', '0', 'American Samoa', '0', '0'), ('3414', '0', 'Principality of Andorra', '0', '0'), ('3415', '0', 'Republic of Angola', '0', '0'), ('3416', '0', 'Antigua and Barbuda', '0', '0'), ('3417', '0', 'Republic of Azerbaijan', '0', '0'), ('3418', '0', 'Republic of Argentina', '0', '0'), ('3419', '0', 'Commonwealth of Australia', '0', '0'), ('3420', '0', 'Republic of Austria', '0', '0'), ('3421', '0', 'Commonwealth of the Bahamas', '0', '0'), ('3422', '0', 'State of Bahrain', '0', '0'), ('3423', '0', 'People\'s Republic of Bangladesh', '0', '0'), ('3424', '0', 'Republic of Armenia', '0', '0'), ('3425', '0', 'Barbados', '0', '0'), ('3426', '0', 'Kingdom of Belgium', '0', '0'), ('3427', '0', 'Bermuda Islands', '0', '0'), ('3428', '0', 'Kingdom of Bhutan', '0', '0'), ('3429', '0', 'Republic of Bolivia', '0', '0'), ('3430', '0', 'Republic of Bosnia and Herzegovina', '0', '0'), ('3431', '0', 'Republic of Botswana', '0', '0'), ('3432', '0', 'Bouvet Island', '0', '0'), ('3433', '0', 'Federative Republic of Brazil', '0', '0'), ('3434', '0', 'Belize', '0', '0'), ('3435', '0', 'British Indian Ocean Territory', '0', '0'), ('3436', '0', 'Solomon Islands', '0', '0'), ('3437', '0', 'British Virgin Islands', '0', '0'), ('3438', '0', 'Virgin Islands (British)', '0', '0'), ('3439', '0', 'Brunei Darussalam', '0', '0'), ('3440', '0', 'Republic ov Bulgaria', '0', '0'), ('3441', '0', 'Union of Myanmar', '0', '0'), ('3442', '0', 'Republic of Burundi', '0', '0'), ('3443', '0', 'Republic of Belarus', '0', '0'), ('3444', '0', 'Kingdom of Cambodia', '0', '0'), ('3445', '0', 'Republic of Cameroon', '0', '0'), ('3446', '0', 'Canada', '0', '0'), ('3447', '0', 'Republic of Cape Verde', '0', '0'), ('3448', '0', 'Cayman Islands', '0', '0'), ('3449', '0', 'Central African Republic', '0', '0'), ('3450', '0', 'Democratic Socialist Republic of Srilanka', '0', '0'), ('3451', '0', 'Republic of Chad', '0', '0'), ('3452', '0', 'Republic of Chile', '0', '0'), ('3453', '0', 'People\'s Republic of China', '0', '0'), ('3454', '0', 'Taiwan, Province of China', '0', '0'), ('3455', '0', 'Christmas Island', '0', '0'), ('3456', '0', 'Cocos(Keeling) Islands', '0', '0'), ('3457', '0', 'Republic of Colombia', '0', '0'), ('3458', '0', 'Federal Islamic Republic of the Co-moros', '0', '0'), ('3459', '0', 'Mayotte', '0', '0'), ('3460', '0', 'Republic of Congo', '0', '0'), ('3461', '0', 'Republic of Zaire', '0', '0'), ('3462', '0', 'Cook Islands', '0', '0'), ('3463', '0', 'Republic of Costa Rica', '0', '0'), ('3464', '0', 'Republic of Croatia', '0', '0'), ('3465', '0', 'Republic of Cuba', '0', '0'), ('3466', '0', 'Republic of Cyprus', '0', '0'), ('3467', '0', 'Czech Republic', '0', '0'), ('3468', '0', 'Republic of Benin', '0', '0'), ('3469', '0', 'Kingdom of Denmark', '0', '0'), ('3470', '0', 'Commonwealth of Dominica', '0', '0'), ('3471', '0', 'Dominican Republic', '0', '0'), ('3472', '0', 'Republic of Ecuador', '0', '0'), ('3473', '0', 'Republic of El Salvador', '0', '0'), ('3474', '0', 'Republic of Equatorial Guinea', '0', '0'), ('3475', '0', 'Ethiopia', '0', '0'), ('3476', '0', 'State of Eritrea', '0', '0'), ('3477', '0', 'Republic of Estonia', '0', '0'), ('3478', '0', 'Faroe Islands', '0', '0'), ('3479', '0', 'Malvinas islands (Falkland Islands)', '0', '0'), ('3480', '0', 'South Georgia and South Sandwich Islands', '0', '0'), ('3481', '0', 'Republic of Fiji', '0', '0'), ('3482', '0', 'Republic of Finland', '0', '0'), ('3483', '0', 'Aaland Islands', '0', '0'), ('3484', '0', 'French Republic', '0', '0'), ('3485', '0', 'French Guiana', '0', '0'), ('3486', '0', 'French Polynesia', '0', '0'), ('3487', '0', 'French Southern Territories', '0', '0'), ('3488', '0', 'Republic of Djibouti', '0', '0'), ('3489', '0', 'Gabonese Republic', '0', '0'), ('3490', '0', 'Republic of Georgia', '0', '0'), ('3491', '0', 'Republic of Gambia', '0', '0'), ('3492', '0', 'Federal Republic of Germany', '0', '0'), ('3493', '0', 'Republic of Ghana', '0', '0'), ('3494', '0', 'Gibraltar', '0', '0'), ('3495', '0', 'Republic of Kiribati', '0', '0'), ('3496', '0', 'Hellenic Republic', '0', '0'), ('3497', '0', 'Greenland', '0', '0'), ('3498', '0', 'Grenada', '0', '0'), ('3499', '0', 'Guadeloupe', '0', '0'), ('3500', '0', 'Guam', '0', '0'), ('3501', '0', 'Republic of Guatemala', '0', '0'), ('3502', '0', 'Republic of Guinea', '0', '0'), ('3503', '0', 'Cooperative Republic of Guyana', '0', '0'), ('3504', '0', 'Republic of Haiti', '0', '0'), ('3505', '0', 'Heard islands and Mc Donald Islands', '0', '0'), ('3506', '0', 'Vatican City State', '0', '0'), ('3507', '0', 'Republic of honduras', '0', '0'), ('3508', '0', 'Hong Kong', '0', '0'), ('3509', '0', 'Republic of Hungary', '0', '0'), ('3510', '0', 'Republic of Iceland', '0', '0'), ('3511', '0', 'Republic of India', '0', '0'), ('3512', '0', 'Republic of Indonesia', '0', '0'), ('3513', '0', 'Islamic Rupublic of Iran', '0', '0'), ('3514', '0', 'Republic of Iraq', '0', '0'), ('3515', '0', 'Ireland', '0', '0'), ('3516', '0', 'State of Palestine', '0', '0'), ('3517', '0', 'State of Israel', '0', '0'), ('3518', '0', 'Republic of Italy', '0', '0'), ('3519', '0', 'Republic of Cote d\'Ivire', '0', '0'), ('3520', '0', 'Jamaica', '0', '0'), ('3521', '0', 'Japan', '0', '0'), ('3522', '0', 'Republic of Kazakhstan', '0', '0'), ('3523', '0', 'Hashemite Kingdom of Jordan', '0', '0'), ('3524', '0', 'Republic of Kenya', '0', '0'), ('3525', '0', 'Democratic People\'s Republic of Ko-rea', '0', '0'), ('3526', '0', 'Republic of Korea', '0', '0'), ('3527', '0', 'State of Kuwait', '0', '0'), ('3528', '0', 'Kyrgyz Republic', '0', '0'), ('3529', '0', 'Lao People\'s Democratic Republic', '0', '0'), ('3530', '0', 'Republic of Lebanon', '0', '0'), ('3531', '0', 'Kingdom of Lesoto', '0', '0'), ('3532', '0', 'Republic of Latvia', '0', '0'), ('3533', '0', 'Republic of Liberia', '0', '0'), ('3534', '0', 'Great Socialist People\'s Libyan Arab jamahiriya', '0', '0'), ('3535', '0', 'Principality of Liechtenstein', '0', '0'), ('3536', '0', 'Republic of Lithuania', '0', '0'), ('3537', '0', 'Grand Duchy of Luxembourg', '0', '0'), ('3538', '0', 'Macau', '0', '0'), ('3539', '0', 'Republic of Madagascar', '0', '0'), ('3540', '0', 'Republic of Malawi', '0', '0'), ('3541', '0', 'Malaysia', '0', '0'), ('3542', '0', 'Republic of maldives', '0', '0'), ('3543', '0', 'Republic of Mali', '0', '0'), ('3544', '0', 'Republic of Malta', '0', '0'), ('3545', '0', 'Martinique', '0', '0'), ('3546', '0', 'Republic of Mauritius', '0', '0'), ('3547', '0', 'Republic of Mauritius', '0', '0'), ('3548', '0', 'United States of Mexico', '0', '0'), ('3549', '0', 'Principality of Monaco', '0', '0'), ('3550', '0', 'Mongolia', '0', '0'), ('3551', '0', 'Republic of Moldova', '0', '0'), ('3552', '0', 'Montserrat', '0', '0'), ('3553', '0', 'Kingdom of Morocco', '0', '0'), ('3554', '0', 'Republic of Mozambique', '0', '0'), ('3555', '0', 'Sultanate of Oman', '0', '0'), ('3556', '0', 'Republic of Namibia', '0', '0'), ('3557', '0', 'Republic of Nauru', '0', '0'), ('3558', '0', 'Kingdom of Nepal', '0', '0'), ('3559', '0', 'Kingdom of the Netherlands', '0', '0'), ('3560', '0', 'Netherlands Antilles', '0', '0'), ('3561', '0', 'Aruba', '0', '0'), ('3562', '0', 'New Caledonia', '0', '0'), ('3563', '0', 'Republic of Vanuatu', '0', '0'), ('3564', '0', 'New Zealand', '0', '0'), ('3565', '0', 'Republic of Nicaragua', '0', '0'), ('3566', '0', 'Republic of Niger', '0', '0'), ('3567', '0', 'Federal Republic of Nigeria', '0', '0'), ('3568', '0', 'Niue', '0', '0'), ('3569', '0', 'Norfolk Island', '0', '0'), ('3570', '0', 'Kingdom of Norway', '0', '0'), ('3571', '0', 'Commonwealth of the Northern Marianas', '0', '0'), ('3572', '0', 'Federated States of Micronesia', '0', '0'), ('3573', '0', 'Republic of the marshall Islands', '0', '0'), ('3574', '0', 'Republic of Palau', '0', '0'), ('3575', '0', 'Islamic Republic of Pakistan', '0', '0'), ('3576', '0', 'Republic of Panama', '0', '0'), ('3577', '0', 'Independent State of Papua New Guinea', '0', '0'), ('3578', '0', 'Republic of Paraguay', '0', '0'), ('3579', '0', 'Republic of Peru', '0', '0'), ('3580', '0', 'Republic of the Philippines', '0', '0'), ('3581', '0', 'Pitcairn Islands Group', '0', '0'), ('3582', '0', 'Republic of Poland', '0', '0'), ('3583', '0', 'Pirtuguese Republic', '0', '0'), ('3584', '0', 'Republic of Guine-bissau', '0', '0'), ('3585', '0', 'East Timor', '0', '0'), ('3586', '0', 'Commonwealth of Puerto Rico', '0', '0'), ('3587', '0', 'State of Qatar', '0', '0'), ('3588', '0', 'Reunion', '0', '0'), ('3589', '0', 'Romania', '0', '0'), ('3590', '0', 'Russian Federation', '0', '0'), ('3591', '0', 'Republic of Rwanda', '0', '0'), ('3592', '0', 'Saint Helena', '0', '0'), ('3593', '0', 'Federation of Saint Kitts and nevis', '0', '0'), ('3594', '0', 'Anguilla', '0', '0'), ('3595', '0', 'Saint Lucia', '0', '0'), ('3596', '0', 'Saint Pierre and Miquelon', '0', '0'), ('3597', '0', 'Saint Vincent and the Grenadines', '0', '0'), ('3598', '0', 'Republic of San Marino', '0', '0'), ('3599', '0', 'Democratic Republic of Sao Tome and Principe', '0', '0'), ('3600', '0', 'Kingdom of Saudi Arabia', '0', '0'), ('3601', '0', 'Republic of Senegal', '0', '0'), ('3602', '0', 'Republic of Seychelles', '0', '0'), ('3603', '0', 'Republic of Sierra Leone', '0', '0'), ('3604', '0', 'Republic of Singapore', '0', '0'), ('3605', '0', 'Slovak Republic', '0', '0'), ('3606', '0', 'Socialist Republic of Viet Nam', '0', '0'), ('3607', '0', 'Republic of Slovenia', '0', '0'), ('3608', '0', 'Somali Republic', '0', '0'), ('3609', '0', 'Republic of South Africa', '0', '0'), ('3610', '0', 'Republic of Zimbabwe', '0', '0'), ('3611', '0', 'Spain', '0', '0'), ('3612', '0', 'Western Sahara', '0', '0'), ('3613', '0', 'Republic of the Sudan', '0', '0'), ('3614', '0', 'Republic of Suriname', '0', '0'), ('3615', '0', 'Svalbard and Jan mayen islands', '0', '0'), ('3616', '0', 'Kingdom of Swaziland', '0', '0'), ('3617', '0', 'Kingdom of Sweden', '0', '0'), ('3618', '0', 'Swiss Confederation', '0', '0'), ('3619', '0', 'Syrian Arab Republic', '0', '0'), ('3620', '0', 'Republic of Tajikistan', '0', '0'), ('3621', '0', 'Kingdom of Thailand', '0', '0'), ('3622', '0', 'Republic of Tago', '0', '0'), ('3623', '0', 'Tokelau', '0', '0'), ('3624', '0', 'Kingdom of Tonga', '0', '0'), ('3625', '0', 'Republic of Trinidad and Tobago', '0', '0'), ('3626', '0', 'United Arab Emirates', '0', '0'), ('3627', '0', 'Republic of Tunisia', '0', '0'), ('3628', '0', 'Republic of Turkey', '0', '0'), ('3629', '0', 'Turkmenistan', '0', '0'), ('3630', '0', 'Turks and Caicos Islands', '0', '0'), ('3631', '0', 'Tuvalu', '0', '0'), ('3632', '0', 'Republic of Uganda', '0', '0'), ('3633', '0', 'Ukraine', '0', '0'), ('3634', '0', 'Republic of Macedonia', '0', '0'), ('3635', '0', 'Arab Republic of Egypt', '0', '0'), ('3636', '0', 'United Kingdom of Great Britain and Northern ireland', '0', '0'), ('3637', '0', 'United Republic of Tanzania', '0', '0'), ('3638', '0', 'United States of America', '0', '0'), ('3639', '0', 'United States Virgin Islands', '0', '0'), ('3640', '0', 'Burkina Faso', '0', '0'), ('3641', '0', 'Oriental Republic of Uruguay', '0', '0'), ('3642', '0', 'Republic of Uzbekistan', '0', '0'), ('3643', '0', 'Republic of Venezuela', '0', '0'), ('3644', '0', 'Wallis and Futuna Islands', '0', '0'), ('3645', '0', 'Independent State of Western Samoa', '0', '0'), ('3646', '0', 'Republic of Yemen', '0', '0'), ('3647', '0', 'Federal Republic of Yugoslavia', '0', '0'), ('3648', '0', 'Republic of Zambia', '0', '0'), ('3649', '3638', 'Alabama', '1', '0'), ('3650', '3638', 'Alaska', '1', '0'), ('3651', '3638', 'American Samoa', '1', '0'), ('3652', '3638', 'Arizona', '1', '0'), ('3653', '3638', 'Arkansas', '1', '0'), ('3654', '3638', 'California', '1', '0'), ('3655', '3638', 'Colorado', '1', '0'), ('3656', '3638', 'Connecticut', '1', '0'), ('3657', '3638', 'Delaware', '1', '0'), ('3658', '3638', 'District Columbia', '1', '0'), ('3659', '3638', 'Federated States of Micronesia', '1', '0'), ('3660', '3638', 'Florida of', '1', '0'), ('3661', '3638', 'Georgia', '1', '0'), ('3662', '3638', 'Guam', '1', '0'), ('3663', '3638', 'Hawaii', '1', '0'), ('3664', '3638', 'Idaho', '1', '0'), ('3665', '3638', 'Illinois', '1', '0'), ('3666', '3638', 'Indiana', '1', '0'), ('3667', '3638', 'Iowa', '1', '0'), ('3668', '3638', 'Kansas', '1', '0'), ('3669', '3638', 'Kentucky', '1', '0'), ('3670', '3638', 'Louisiana', '1', '0'), ('3671', '3638', 'Maine', '1', '0'), ('3672', '3638', 'Marshall  Islands', '1', '0'), ('3673', '3638', 'Maryland', '1', '0'), ('3674', '3638', 'Massachusetts', '1', '0'), ('3675', '3638', 'Michigan', '1', '0'), ('3676', '3638', 'Minnesota', '1', '0'), ('3677', '3638', 'Mississippi', '1', '0'), ('3678', '3638', 'Missouri', '1', '0'), ('3679', '3638', 'Montana', '1', '0'), ('3680', '3638', 'Nebraska', '1', '0'), ('3681', '3638', 'Nevada', '1', '0'), ('3682', '3638', 'New Hampshire', '1', '0'), ('3683', '3638', 'New Jersey', '1', '0'), ('3684', '3638', 'New Mexico', '1', '0'), ('3685', '3638', 'New York', '1', '0'), ('3686', '3638', 'North Carolina', '1', '0'), ('3687', '3638', 'North Dakota', '1', '0'), ('3688', '3638', 'Northern Mariana Islands', '1', '0'), ('3689', '3638', 'Ohio', '1', '0'), ('3690', '3638', 'Oklahoma', '1', '0'), ('3691', '3638', 'Oregon', '1', '0'), ('3692', '3638', 'Palau', '1', '0'), ('3693', '3638', 'Pennsylvania', '1', '0'), ('3694', '3638', 'Puerto Rico', '1', '0'), ('3695', '3638', 'Rhode Island', '1', '0'), ('3696', '3638', 'South  Carolina', '1', '0'), ('3697', '3638', 'South  Dakota', '1', '0'), ('3698', '3638', 'Tennessee', '1', '0'), ('3699', '3638', 'Texas', '1', '0'), ('3700', '3638', 'Utah', '1', '0'), ('3701', '3638', 'Vermont', '1', '0'), ('3702', '3638', 'Virgin  Islands', '1', '0'), ('3703', '3638', 'Virginia', '1', '0'), ('3704', '3638', 'Washington', '1', '0'), ('3705', '3638', 'West Virginia', '1', '0'), ('3706', '3638', 'Wisconsin', '1', '0'), ('3707', '3638', 'Wyoming', '1', '0'), ('3708', '3446', 'Alberta', '1', '0'), ('3709', '3446', 'British Columbia', '1', '0'), ('3710', '3446', 'Manitoba', '1', '0'), ('3711', '3446', 'New Brunswick', '1', '0'), ('3712', '3446', 'Newfoundland and Labrador', '1', '0'), ('3713', '3446', 'Northwest Territories', '1', '0'), ('3714', '3446', 'Nova Scotia', '1', '0'), ('3715', '3446', 'Nunavut', '1', '0'), ('3716', '3446', 'Ontario', '1', '0'), ('3717', '3446', 'Prince Edward Island', '1', '0'), ('3718', '3446', 'Quebec', '1', '0'), ('3719', '3446', 'Saskatchewan', '1', '0'), ('3720', '3446', 'Yukon', '1', '0'), ('3721', '3446', 'Alberta', '1', '0'), ('3722', '0', 'Global', '0', '0');
COMMIT;

-- ----------------------------
--  Table structure for `sp_resume`
-- ----------------------------
DROP TABLE IF EXISTS `sp_resume`;
CREATE TABLE `sp_resume` (
  `id` int(10) unsigned NOT NULL AUTO_INCREMENT,
  `uid` int(11) unsigned NOT NULL,
  `title` varchar(60) CHARACTER SET utf8 NOT NULL COMMENT '简历名称',
  `name` varchar(20) CHARACTER SET utf8 NOT NULL COMMENT '姓名',
  `gender` char(1) NOT NULL COMMENT '0女 1男',
  `age` tinyint(3) unsigned NOT NULL COMMENT '年龄',
  `tel` varchar(11) CHARACTER SET utf8 NOT NULL COMMENT '手机号码',
  `degree` enum('其他','博士','硕士','本科','大专','高中/专科','初中','小学') CHARACTER SET utf8 NOT NULL,
  `live_place` varchar(255) CHARACTER SET utf8 DEFAULT NULL,
  `email` varchar(60) CHARACTER SET utf8 DEFAULT NULL,
  `height` tinyint(3) DEFAULT NULL COMMENT '身高',
  `resume_content` varchar(1024) CHARACTER SET utf8 NOT NULL COMMENT '工作经验',
  `status` varchar(255) DEFAULT '1' COMMENT '1正常 0关闭 2审核不通过',
  `addtime` varchar(10) CHARACTER SET utf8 NOT NULL COMMENT '创建时间',
  `refreshtime` varchar(10) CHARACTER SET utf8 NOT NULL COMMENT '刷新时间',
  PRIMARY KEY (`id`)
) ENGINE=InnoDB AUTO_INCREMENT=7 DEFAULT CHARSET=latin1;

-- ----------------------------
--  Records of `sp_resume`
-- ----------------------------
BEGIN;
INSERT INTO `sp_resume` VALUES ('1', '15', '测死简历', '叶全宝', '1', '19', '13128736345', '小学', '湖北', '', null, '', '1', '', ''), ('2', '15', '测死简历', '叶全宝', '1', '19', '13128736345', '小学', '湖北', '', null, '', '1', '', ''), ('3', '15', '测死简历', '叶全宝', '1', '19', '13128736345', '小学', '湖北', '', null, '', '1', '', ''), ('4', '15', '臭宝贝第四方简历', '34343', '1', '44', '13128735444', '小学', '第三方的事', '', null, '', '1', '', '1435394013'), ('5', '15', '测死简历', '叶全宝', '1', '19', '13128736345', '大专', '湖北', '', null, '', '1', '1435391400', '1435393989'), ('6', '15', '测死简历', '叶全宝', '1', '19', '13128736345', '小学', '湖北', '', '0', 'dsgdsfdsfds', '1', '1435391805', '1435394021');
COMMIT;

-- ----------------------------
--  Table structure for `sp_resume_log`
-- ----------------------------
DROP TABLE IF EXISTS `sp_resume_log`;
CREATE TABLE `sp_resume_log` (
  `id` bigint(20) unsigned NOT NULL AUTO_INCREMENT,
  `send_uid` int(11) unsigned NOT NULL COMMENT '投递人的uid',
  `receive_uid` int(11) NOT NULL COMMENT '收简历的uid(雇主)',
  `send_time` varchar(10) CHARACTER SET utf8 NOT NULL,
  `status` tinyint(1) unsigned NOT NULL DEFAULT '0' COMMENT '0 投递成功 1查看 2下载 3发送面试邀请',
  `invite_info` varchar(1024) CHARACTER SET utf8 DEFAULT NULL COMMENT '发送面试邀请信息内容',
  PRIMARY KEY (`id`)
) ENGINE=InnoDB DEFAULT CHARSET=latin1;

-- ----------------------------
--  Table structure for `sp_role`
-- ----------------------------
DROP TABLE IF EXISTS `sp_role`;
CREATE TABLE `sp_role` (
  `id` smallint(6) unsigned NOT NULL AUTO_INCREMENT,
  `name` varchar(20) NOT NULL DEFAULT '角色名称',
  `pid` smallint(6) DEFAULT NULL COMMENT '父角色ID',
  `status` tinyint(1) unsigned DEFAULT NULL COMMENT '状态',
  `remark` varchar(255) DEFAULT NULL COMMENT '备注',
  `create_time` int(11) unsigned NOT NULL DEFAULT '0' COMMENT '创建时间',
  `update_time` int(11) unsigned NOT NULL DEFAULT '0' COMMENT '更新时间',
  `listorder` int(3) NOT NULL DEFAULT '0' COMMENT '排序字段',
  PRIMARY KEY (`id`),
  KEY `parentId` (`pid`),
  KEY `status` (`status`)
) ENGINE=MyISAM AUTO_INCREMENT=4 DEFAULT CHARSET=utf8;

-- ----------------------------
--  Records of `sp_role`
-- ----------------------------
BEGIN;
INSERT INTO `sp_role` VALUES ('1', '超级管理员', '0', '1', '拥有网站最高管理员权限！', '1329633709', '1329633709', '0'), ('2', '编辑人员', null, '1', '', '1428459599', '1428459609', '0'), ('3', '审核人员', null, '1', '', '1428459672', '1430892665', '0');
COMMIT;

-- ----------------------------
--  Table structure for `sp_role_user`
-- ----------------------------
DROP TABLE IF EXISTS `sp_role_user`;
CREATE TABLE `sp_role_user` (
  `role_id` mediumint(9) unsigned DEFAULT NULL,
  `user_id` char(32) DEFAULT NULL,
  KEY `group_id` (`role_id`),
  KEY `user_id` (`user_id`)
) ENGINE=MyISAM DEFAULT CHARSET=utf8;

-- ----------------------------
--  Records of `sp_role_user`
-- ----------------------------
BEGIN;
INSERT INTO `sp_role_user` VALUES ('2', '2');
COMMIT;

-- ----------------------------
--  Table structure for `sp_route`
-- ----------------------------
DROP TABLE IF EXISTS `sp_route`;
CREATE TABLE `sp_route` (
  `id` int(11) NOT NULL AUTO_INCREMENT COMMENT '路由id',
  `full_url` varchar(255) DEFAULT NULL COMMENT '完整url， 如：portal/list/index?id=1',
  `url` varchar(255) DEFAULT NULL COMMENT '实际显示的url',
  `listorder` int(5) DEFAULT '0' COMMENT '排序，优先级，越小优先级越高',
  `status` tinyint(1) DEFAULT '1' COMMENT '状态，1：启用 ;0：不启用',
  PRIMARY KEY (`id`)
) ENGINE=MyISAM DEFAULT CHARSET=utf8;

-- ----------------------------
--  Table structure for `sp_search_history`
-- ----------------------------
DROP TABLE IF EXISTS `sp_search_history`;
CREATE TABLE `sp_search_history` (
  `id` int(10) unsigned NOT NULL AUTO_INCREMENT,
  `uid` int(10) unsigned DEFAULT '0' COMMENT '0为访客,其他为uid',
  `keyword` varchar(255) DEFAULT '',
  `add_time` int(10) unsigned NOT NULL DEFAULT '0',
  PRIMARY KEY (`id`)
) ENGINE=InnoDB AUTO_INCREMENT=1153 DEFAULT CHARSET=utf8;

-- ----------------------------
--  Records of `sp_search_history`
-- ----------------------------
BEGIN;
INSERT INTO `sp_search_history` VALUES ('1', '0', 'sdfsdf', '1432626606'), ('2', '0', 'sdfsdf', '1432626626'), ('3', '0', 'q', '1432782550'), ('4', '0', 'w', '1432782556'), ('5', '0', 'e', '1432782558'), ('6', '0', 'e', '1432783271'), ('7', '0', 'e', '1432783278'), ('8', '0', 'e', '1432783304'), ('9', '0', 't', '1432783350'), ('10', '0', 'aa', '1432783749'), ('11', '0', 'aa', '1432783765'), ('12', '0', 'bb', '1432783775'), ('13', '0', 'bb', '1432783839'), ('14', '0', 'bb', '1432783841'), ('15', '0', 'cc', '1432783844'), ('16', '0', 'cc', '1432783846'), ('17', '0', 'dd', '1432783848'), ('18', '0', 'ee', '1432783851'), ('19', '0', 'ee', '1432783852'), ('20', '0', 'ee', '1432783853'), ('21', '0', 'ee', '1432783854'), ('22', '0', 'ee', '1432783854'), ('23', '0', 'ee', '1432783854'), ('24', '0', 'ee', '1432783855'), ('25', '0', 'ee', '1432784365'), ('26', '0', 'ee', '1432785570'), ('27', '0', 'rr', '1432785584'), ('28', '0', 'rr', '1432785936'), ('29', '0', 'rr', '1432785997'), ('30', '0', 'rr', '1432786008'), ('31', '0', 'rr', '1432786013'), ('32', '0', 'rr', '1432786019'), ('33', '0', 'd', '1432788510'), ('34', '0', 'd', '1432789130'), ('35', '0', 'd', '1432789184'), ('36', '0', 'rr', '1432792342'), ('37', '0', 'rr', '1432792363'), ('38', '0', 'rr', '1432792381'), ('39', '0', 'rr', '1432792414'), ('40', '0', 'rr', '1432792424'), ('41', '0', 'rr', '1432792709'), ('42', '0', 'rr', '1432792711'), ('43', '0', '去去去去去', '1432793061'), ('44', '0', '去去去去去', '1432793063'), ('45', '0', '去去去去去', '1432793064'), ('46', '0', '去去去去去', '1432793064'), ('47', '0', '去去去去去', '1432793064'), ('48', '0', '去去去去去', '1432793064'), ('49', '0', '去去去去去', '1432793064'), ('50', '0', '去去去去去', '1432793064'), ('51', '0', '去去去去去', '1432793064'), ('52', '0', '去去去去去', '1432793064'), ('53', '0', '去去去去去', '1432793064'), ('54', '0', '去去去去去', '1432793064'), ('55', '0', '去去去去去', '1432793064'), ('56', '0', '去去去去去', '1432793064'), ('57', '0', '去去去去去', '1432793064'), ('58', '0', '去去去去去', '1432793064'), ('59', '0', '去去去去去', '1432793064'), ('60', '0', '去去去去去', '1432793064'), ('61', '0', '去去去去去', '1432793064'), ('62', '0', '去去去去去', '1432793064'), ('63', '0', '去去去去去', '1432793064'), ('64', '0', '去去去去去', '1432793064'), ('65', '0', '去去去去去', '1432793064'), ('66', '0', '去去去去去', '1432793064'), ('67', '0', '去去去去去', '1432793064'), ('68', '0', '去去去去去', '1432793065'), ('69', '0', '去去去去去', '1432793065'), ('70', '0', '去去去去去', '1432793065'), ('71', '0', '去去去去去', '1432793065'), ('72', '0', '去去去去去', '1432793065'), ('73', '0', '去去去去去', '1432793065'), ('74', '0', '去去去去去', '1432793065'), ('75', '0', '去去去去去', '1432793065'), ('76', '0', '去去去去去', '1432793065'), ('77', '0', '去去去去去', '1432793065'), ('78', '0', '去去去去去', '1432793065'), ('79', '0', '去去去去去', '1432793065'), ('80', '0', '去去去去去', '1432793065'), ('81', '0', '去去去去去', '1432793065'), ('82', '0', '去去去去去', '1432793065'), ('83', '0', '去去去去去', '1432793065'), ('84', '0', '去去去去去', '1432793065'), ('85', '0', '去去去去去', '1432793065'), ('86', '0', '去去去去去', '1432793065'), ('87', '0', '去去去去去', '1432793065'), ('88', '0', '去去去去去', '1432793065'), ('89', '0', '去去去去去', '1432793066'), ('90', '0', '去去去去去', '1432793066'), ('91', '0', '去去去去去', '1432793066'), ('92', '0', '去去去去去', '1432793066'), ('93', '0', '去去去去去', '1432793066'), ('94', '0', '去去去去去', '1432793066'), ('95', '0', '去去去去去', '1432793066'), ('96', '0', '去去去去去', '1432793066'), ('97', '0', '去去去去去', '1432793066'), ('98', '0', '去去去去去', '1432793066'), ('99', '0', '去去去去去', '1432793066'), ('100', '0', '去去去去去', '1432793066'), ('101', '0', '去去去去去', '1432793066'), ('102', '0', '去去去去去', '1432793066'), ('103', '0', '去去去去去', '1432793066'), ('104', '0', '去去去去去', '1432793066'), ('105', '0', '去去去去去', '1432793066'), ('106', '0', '去去去去去', '1432793066'), ('107', '0', '去去去去去', '1432793066'), ('108', '0', '去去去去去', '1432793066'), ('109', '0', '去去去去去', '1432793066'), ('110', '0', '去去去去去', '1432793066'), ('111', '0', '去去去去去', '1432793067'), ('112', '0', '去去去去去', '1432793067'), ('113', '0', '去去去去去', '1432793067'), ('114', '0', '我要上热门', '1432793378'), ('115', '0', '我要上热门', '1432793381'), ('116', '0', '我要上热门', '1432793381'), ('117', '0', '我要上热门', '1432793381'), ('118', '0', '我要上热门', '1432793381'), ('119', '0', '我要上热门', '1432793381'), ('120', '0', '我要上热门', '1432793381'), ('121', '0', '我要上热门', '1432793381'), ('122', '0', '我要上热门', '1432793381'), ('123', '0', '我要上热门', '1432793381'), ('124', '0', '我要上热门', '1432793381'), ('125', '0', '我要上热门', '1432793381'), ('126', '0', '我要上热门', '1432793381'), ('127', '0', '我要上热门', '1432793382'), ('128', '0', '我要上热门', '1432793382'), ('129', '0', '我要上热门', '1432793382'), ('130', '0', '我要上热门', '1432793382'), ('131', '0', '我要上热门', '1432793382'), ('132', '0', '我要上热门', '1432793382'), ('133', '0', '我要上热门', '1432793382'), ('134', '0', '我要上热门', '1432793382'), ('135', '0', '我要上热门', '1432793382'), ('136', '0', '我要上热门', '1432793382'), ('137', '0', '我要上热门', '1432793382'), ('138', '0', '我要上热门', '1432793382'), ('139', '0', '我要上热门', '1432793382'), ('140', '0', '我要上热门', '1432793382'), ('141', '0', '我要上热门', '1432793382'), ('142', '0', '我要上热门', '1432793382'), ('143', '0', '我要上热门', '1432793382'), ('144', '0', '我要上热门', '1432793382'), ('145', '0', '我要上热门', '1432793382'), ('146', '0', '我要上热门', '1432793382'), ('147', '0', '我要上热门', '1432793382'), ('148', '0', '我要上热门', '1432793382'), ('149', '0', '我要上热门', '1432793382'), ('150', '0', '我要上热门', '1432793382'), ('151', '0', '我要上热门', '1432793382'), ('152', '0', '我要上热门', '1432793382'), ('153', '0', '我要上热门', '1432793382'), ('154', '0', '我要上热门', '1432793382'), ('155', '0', '我要上热门', '1432793382'), ('156', '0', '我要上热门', '1432793383'), ('157', '0', '我要上热门', '1432793383'), ('158', '0', '我要上热门', '1432793383'), ('159', '0', '我要上热门', '1432793383'), ('160', '0', '我要上热门', '1432793383'), ('161', '0', '我要上热门', '1432793383'), ('162', '0', '我要上热门', '1432793383'), ('163', '0', '我要上热门', '1432793383'), ('164', '0', '我要上热门', '1432793383'), ('165', '0', '我要上热门', '1432793383'), ('166', '0', '我要上热门', '1432793383'), ('167', '0', 's', '1432802534'), ('168', '0', 's', '1432803754'), ('169', '0', 'd', '1432810949'), ('170', '0', 'ss', '1432882610'), ('171', '0', 'dsf', '1433122644'), ('172', '0', 'dsf', '1433128106'), ('173', '0', '11', '1433239449'), ('174', '0', 'a', '1433241811'), ('175', '0', 'a', '1433242109'), ('176', '0', 'a', '1433242167'), ('177', '0', 'a', '1433242175'), ('178', '0', 'aaaaaa', '1433242204'), ('179', '0', 'aaaa', '1433242360'), ('180', '0', 'a', '1433242381'), ('181', '0', 'a', '1433242773'), ('182', '0', 'a', '1433242785'), ('183', '0', 'a', '1433242800'), ('184', '0', 'a', '1433243080'), ('185', '0', 'a', '1433243381'), ('186', '0', 'aaaa', '1433243398'), ('187', '0', 'aaaa', '1433243539'), ('188', '0', 'a', '1433243547'), ('189', '0', 'aa', '1433243561'), ('190', '0', 'aa', '1433243594'), ('191', '0', 'aa', '1433243608'), ('192', '0', 'aa', '1433243912'), ('193', '0', 'aa', '1433243965'), ('194', '0', 'aa', '1433244006'), ('195', '0', 'aaaa', '1433244016'), ('196', '0', 'aaaa', '1433296174'), ('197', '0', 'aaaa', '1433296236'), ('198', '0', 'aaaa', '1433296293'), ('199', '0', 'aaaa', '1433296350'), ('200', '0', 'aaaa', '1433296385'), ('201', '0', 'aaaa', '1433296558'), ('202', '0', 'aaaa', '1433296615'), ('203', '0', 'aaaa', '1433296647'), ('204', '0', 'aaaa', '1433296708'), ('205', '0', 'aaaa', '1433296924'), ('206', '0', 'aaaa', '1433296925'), ('207', '0', 'aaaa', '1433297008'), ('208', '0', 'aaaa', '1433297039'), ('209', '0', 'aaaa', '1433297091'), ('210', '0', 'aaaa', '1433297174'), ('211', '0', 'aaaa', '1433297186'), ('212', '0', 'aaaa', '1433297608'), ('213', '0', 'aaaa', '1433297889'), ('214', '0', 'aaaa', '1433297920'), ('215', '0', 'aaaa', '1433297951'), ('216', '0', 'aaaa', '1433297975'), ('217', '0', 'aaaa', '1433298007'), ('218', '0', 'aaaa', '1433298052'), ('219', '0', 'aaaa', '1433298061'), ('220', '0', 'aaaa', '1433298094'), ('221', '0', 'aaaa', '1433298114'), ('222', '0', 'aaaa', '1433298190'), ('223', '0', 'aaaa', '1433298300'), ('224', '0', 'aaaa', '1433298310'), ('225', '0', 'aaaa', '1433298406'), ('226', '0', 'aaaa', '1433298716'), ('227', '0', 'aaaa', '1433298776'), ('228', '0', 'aaaa', '1433298812'), ('229', '0', 'aaaa', '1433298855'), ('230', '0', 'aaaa', '1433299316'), ('231', '0', 'aaaa', '1433299371'), ('232', '0', 'aaaa', '1433299490'), ('233', '0', 'aa', '1433299507'), ('234', '0', 'aaaa', '1433299513'), ('235', '0', 'aaaa', '1433299539'), ('236', '0', 'aaaa', '1433299561'), ('237', '0', 'aaaa', '1433299587'), ('238', '0', 'aaaa', '1433299600'), ('239', '0', 'aaaa', '1433299849'), ('240', '0', 'aaaa', '1433299883'), ('241', '0', 'aaaa', '1433300120'), ('242', '0', 'aaaa', '1433300471'), ('243', '0', 'aaaa', '1433300508'), ('244', '0', 'aaaa', '1433300573'), ('245', '0', 'aaaa', '1433300635'), ('246', '0', 'aaaa', '1433300664'), ('247', '0', 'aaaa', '1433300716'), ('248', '0', 'aaaa', '1433300999'), ('249', '0', 'aaaa', '1433301001'), ('250', '0', 'aaaa', '1433301018'), ('251', '0', 'aaaa', '1433301275'), ('252', '0', 'aaaa', '1433301312'), ('253', '0', 'aaaa', '1433301331'), ('254', '0', 'aaaa', '1433301389'), ('255', '0', 'aaaa', '1433301491'), ('256', '0', 'aaaa', '1433301502'), ('257', '0', 'aaaa', '1433301545'), ('258', '0', 'aaaa', '1433301564'), ('259', '0', 'aaaa', '1433301651'), ('260', '0', 'aaaa', '1433301665'), ('261', '0', 'aaaa', '1433301747'), ('262', '0', 'aaaa', '1433301773'), ('263', '0', 'aaaa', '1433301775'), ('264', '0', 'aaaa', '1433301778'), ('265', '0', 'aaaa', '1433301780'), ('266', '0', 'aaaa', '1433301821'), ('267', '0', 'aaaa', '1433301823'), ('268', '0', 'aaaa', '1433301888'), ('269', '0', 'aaaa', '1433302482'), ('270', '0', 'aaaa', '1433302489'), ('271', '0', 'aaaa', '1433302979'), ('272', '0', 's', '1433303143'), ('273', '0', 'aaaa', '1433303301'), ('274', '0', 'aaaa', '1433303392'), ('275', '0', 'aaaa', '1433303410'), ('276', '0', 'aaaa', '1433303474'), ('277', '0', 'aaaa', '1433303489'), ('278', '0', 'aaaa', '1433303610'), ('279', '0', 'aaaa', '1433303635'), ('280', '0', 'aaaa', '1433303638'), ('281', '0', 'aaaa', '1433303655'), ('282', '0', 'aaaa', '1433303786'), ('283', '0', 'aaaa', '1433303788'), ('284', '0', 'aaaa', '1433303792'), ('285', '0', 'aaaa', '1433303794'), ('286', '0', 'aaaa', '1433303797'), ('287', '0', 'aaaa', '1433303799'), ('288', '0', 'aaaa', '1433303800'), ('289', '0', 'aaaa', '1433303802'), ('290', '0', 'aaaa', '1433303804'), ('291', '0', 'aaaa', '1433303805'), ('292', '0', 'aaaa', '1433303806'), ('293', '0', 'aaaa', '1433303807'), ('294', '0', 'aaaa', '1433303963'), ('295', '0', 'aaaa', '1433303965'), ('296', '0', 'aaaa', '1433303967'), ('297', '0', 'aaaa', '1433303969'), ('298', '0', 'aaaa', '1433303970'), ('299', '0', 'aaaa', '1433303972'), ('300', '0', 'aaaa', '1433303973'), ('301', '0', 'aaaa', '1433303986'), ('302', '0', 'aaaa', '1433303989'), ('303', '0', 'aaaa', '1433303991'), ('304', '0', 'aaaa', '1433304041'), ('305', '0', 'aaaa', '1433304043'), ('306', '0', 'aaaa', '1433304045'), ('307', '0', 'aaaa', '1433304194'), ('308', '0', 'aad', '1433311491'), ('309', '0', 'aaaa', '1433311606'), ('310', '0', 'aaaa', '1433311632'), ('311', '0', 'aaaa', '1433311717'), ('312', '0', 'aaaa', '1433311735'), ('313', '0', 'aaaa', '1433311817'), ('314', '0', 'aaaa', '1433311889'), ('315', '0', 'aaaa', '1433311916'), ('316', '0', 'aaaa', '1433311926'), ('317', '0', 'aaaa', '1433311936'), ('318', '0', 'aaaa', '1433311988'), ('319', '0', 'aaaa', '1433312038'), ('320', '0', 'aaaa', '1433312051'), ('321', '0', 'aaaa', '1433312106'), ('322', '0', 'aaaa', '1433312123'), ('323', '0', 'aaaa', '1433312124'), ('324', '0', 'aaaa', '1433312126'), ('325', '0', 'aaaa', '1433312127'), ('326', '0', 'aaaa', '1433312128'), ('327', '0', 'aaaa', '1433312131'), ('328', '0', 'aaaa', '1433312136'), ('329', '0', 'aaaa', '1433312138'), ('330', '0', 'aaaa', '1433312215'), ('331', '0', 'aaaa', '1433312227'), ('332', '0', 'aaaa', '1433312272'), ('333', '0', 'aaaa', '1433312274'), ('334', '0', 'aaaa', '1433312276'), ('335', '0', 'aaaa', '1433312280'), ('336', '0', 'aaaa', '1433312283'), ('337', '0', 'aaaa', '1433312285'), ('338', '0', 'aaaa', '1433312307'), ('339', '0', 'aaaa', '1433312981'), ('340', '0', 'aaaa', '1433312982'), ('341', '0', 'aaaa', '1433312989'), ('342', '0', 'aaaa', '1433312995'), ('343', '0', 'aaaa', '1433313063'), ('344', '0', 'aaaa', '1433313065'), ('345', '0', 'aaaa', '1433313068'), ('346', '0', 'aaaa', '1433313071'), ('347', '0', 'aaaa', '1433313073'), ('348', '0', 'aaaa', '1433313074'), ('349', '0', 'aaaa', '1433313075'), ('350', '0', 'aaaa', '1433313076'), ('351', '0', 'aaaa', '1433313097'), ('352', '0', 'aaaa', '1433313100'), ('353', '0', 'aaaa', '1433313105'), ('354', '0', 'aaaa', '1433313109'), ('355', '0', 'aaaa', '1433313110'), ('356', '0', 'aaaa', '1433313111'), ('357', '0', 'aaaa', '1433313113'), ('358', '0', 'aaaa', '1433313115'), ('359', '0', 'aaaa', '1433313117'), ('360', '0', 'aaaa', '1433313119'), ('361', '0', 'aaaa', '1433313121'), ('362', '0', 'aaaa', '1433313124'), ('363', '0', 'aaaa', '1433313144'), ('364', '0', 'aaaa', '1433313147'), ('365', '0', 'aaaa', '1433313151'), ('366', '0', 'aaaa', '1433313219'), ('367', '0', 'aaaa', '1433313220'), ('368', '0', 'aaaa', '1433313223'), ('369', '0', 'aaaa', '1433313225'), ('370', '0', 'aaaa', '1433313227'), ('371', '0', 'aaaa', '1433313228'), ('372', '0', 'aaaa', '1433313230'), ('373', '0', 'aaaa', '1433313231'), ('374', '0', 'aaaa', '1433313233'), ('375', '0', 'aaaa', '1433313236'), ('376', '0', 'aaaa', '1433313239'), ('377', '0', 'aaaa', '1433313329'), ('378', '0', 'aaaa', '1433313364'), ('379', '0', 'aaaa', '1433313367'), ('380', '0', 'aaaa', '1433313369'), ('381', '0', 'aaaa', '1433313393'), ('382', '0', 'aaaa', '1433313395'), ('383', '0', 'aaaa', '1433313397'), ('384', '0', 'aaaa', '1433313489'), ('385', '0', 'aaaa', '1433313523'), ('386', '0', 'aaaa', '1433313525'), ('387', '0', 'aaaa', '1433313525'), ('388', '0', 'aaaa', '1433313526'), ('389', '0', 'aaaa', '1433313527'), ('390', '0', 'aaaa', '1433313528'), ('391', '0', 'aaaa', '1433313529'), ('392', '0', 'aaaa', '1433313530'), ('393', '0', 'aaaa', '1433313530'), ('394', '0', 'aaaa', '1433313531'), ('395', '0', 'aaaa', '1433313531'), ('396', '0', 'aaaa', '1433313532'), ('397', '0', 'aaaa', '1433313568'), ('398', '0', 'aaaa', '1433313719'), ('399', '0', 'aaaa', '1433313725'), ('400', '0', 'aaaa', '1433313727'), ('401', '0', 'aaaa', '1433313731'), ('402', '0', 'aaaa', '1433313734'), ('403', '0', 'aaaa', '1433313740'), ('404', '0', 'aaaa', '1433313742'), ('405', '0', 'aaaa', '1433313744'), ('406', '0', 'aaaa', '1433313745'), ('407', '0', 'aaaa', '1433313746'), ('408', '0', 'aaaa', '1433313747'), ('409', '0', 'aaaa', '1433313749'), ('410', '0', 'aaaa', '1433313752'), ('411', '0', 'aaaa', '1433313753'), ('412', '0', 'aaaa', '1433313754'), ('413', '0', 'aaaa', '1433313755'), ('414', '0', 'aaaa', '1433313810'), ('415', '0', 'aaaa', '1433313818'), ('416', '0', 'aaaa', '1433313865'), ('417', '0', 'aaaa', '1433313870'), ('418', '0', 'aaaa', '1433313940'), ('419', '0', 'aaaa', '1433313942'), ('420', '0', 'aaaa', '1433313952'), ('421', '0', 'aaaa', '1433313957'), ('422', '0', 'aaaa', '1433313959'), ('423', '0', 'aaaa', '1433314001'), ('424', '0', 'aaaa', '1433314006'), ('425', '0', 'aaaa', '1433314009'), ('426', '0', 'aaaa', '1433314010'), ('427', '0', 'aaaa', '1433314012'), ('428', '0', 'aaaa', '1433314014'), ('429', '0', 'aaaa', '1433316187'), ('430', '0', 'aaaa', '1433316194'), ('431', '0', 'aaaa', '1433316219'), ('432', '0', 'aaaa', '1433316688'), ('433', '0', 'aa', '1433316751'), ('434', '0', 'cccc', '1433316937'), ('435', '0', 'ccccc', '1433316949'), ('436', '0', 'c', '1433316961'), ('437', '0', 'ccccc', '1433316965'), ('438', '0', 'ccccc', '1433317178'), ('439', '0', 'cc', '1433317181'), ('440', '0', 'aaaa', '1433317187'), ('441', '0', 'aa', '1433317192'), ('442', '0', 'aa', '1433317203'), ('443', '0', 'aaaa', '1433317221'), ('444', '0', 'aaaa', '1433317242'), ('445', '0', 'aaaa', '1433317457'), ('446', '0', 'aaaa', '1433317471'), ('447', '0', 'aa', '1433317480'), ('448', '0', 'aaaa', '1433317485'), ('449', '0', 'aaaa', '1433318135'), ('450', '0', 'aaaa', '1433318147'), ('451', '0', 'ccccc', '1433318150'), ('452', '0', 'ccccc', '1433318202'), ('453', '0', 'aaaa', '1433318205'), ('454', '0', 'aaaa', '1433318515'), ('455', '0', 'aaaa', '1433318648'), ('456', '0', 'aaaa', '1433318813'), ('457', '0', 'aaaa', '1433318924'), ('458', '0', 'aaaa', '1433318925'), ('459', '0', 'aaaa', '1433319028'), ('460', '0', 'aaaa', '1433319042'), ('461', '0', 'aaa', '1433319048'), ('462', '0', 'aaaa', '1433319051'), ('463', '0', 'aaaa', '1433321534'), ('464', '0', 'aaaa', '1433321564'), ('465', '0', 'aaaa', '1433321607'), ('466', '0', 'aaaa', '1433321672'), ('467', '0', 'aaaa', '1433321676'), ('468', '0', 'aaaa', '1433321677'), ('469', '0', 'aaaa', '1433321708'), ('470', '0', 'aaaa', '1433321725'), ('471', '0', 'aaaa', '1433321748'), ('472', '0', 'aaaa', '1433321765'), ('473', '0', 'aaaa', '1433321770'), ('474', '0', 'aaaa', '1433321774'), ('475', '0', 'aaaa', '1433321842'), ('476', '0', 'aaaa', '1433321878'), ('477', '0', 'aaaa', '1433321879'), ('478', '0', 'aaaa', '1433321883'), ('479', '0', 'aaaa', '1433321898'), ('480', '0', 'aaaa', '1433321900'), ('481', '0', 'aaaa', '1433321902'), ('482', '0', 'aaaa', '1433321903'), ('483', '0', 'aaaa', '1433321905'), ('484', '0', 'aaaa', '1433321957'), ('485', '0', 'aaaa', '1433321965'), ('486', '0', 'aaaa', '1433321988'), ('487', '0', 'sort', '1433325195'), ('488', '0', 'sort', '1433325521'), ('489', '0', 'sort', '1433325572'), ('490', '0', 'sort', '1433325582'), ('491', '0', 'sort', '1433325621'), ('492', '0', 'aaaa', '1433325960'), ('493', '0', 'aaaa', '1433325962'), ('494', '0', '啊啊', '1433405013'), ('495', '0', '啊啊', '1433405028'), ('496', '0', '国', '1433405041'), ('497', '0', '国', '1433405161'), ('498', '0', '测试', '1433408377'), ('499', '0', '测试一个', '1433408387'), ('500', '0', '测试一个', '1433408404'), ('501', '0', '测试一个', '1433408410'), ('502', '0', '测试一个', '1433408412'), ('503', '0', '测试一个', '1433408420'), ('504', '0', '测试一个', '1433408521'), ('505', '0', '测试一个', '1433408526'), ('506', '0', '测试', '1433409874'), ('507', '0', '测试一个', '1433409883'), ('508', '0', '测试', '1433410557'), ('509', '0', '是', '1433411405'), ('510', '0', '测试', '1433411410'), ('511', '0', '测试', '1433411433'), ('512', '0', '测试', '1433411507'), ('513', '0', '测试', '1433411675'), ('514', '0', '测试', '1433411705'), ('515', '0', '测试', '1433411815'), ('516', '0', '测试', '1433411837'), ('517', '0', '测试', '1433411840'), ('518', '0', '测试', '1433412225'), ('519', '0', '测试', '1433412229'), ('520', '0', '测试', '1433412236'), ('521', '0', '测试', '1433412243'), ('522', '0', '测试', '1433412248'), ('523', '0', '测试', '1433412255'), ('524', '0', '测试一个', '1433412308'), ('525', '0', '测试一个', '1433412337'), ('526', '0', '测试一个', '1433412341'), ('527', '0', '测试一个', '1433412347'), ('528', '0', '测试一个', '1433412351'), ('529', '0', '测试一个', '1433418928'), ('530', '0', '测试', '1433490016'), ('531', '0', '2', '1434011104'), ('532', '0', '2', '1434011117'), ('533', '0', 'c', '1434016420'), ('534', '0', 'c', '1434016426'), ('535', '0', 'c', '1434016439'), ('536', '0', 'c', '1434016441'), ('537', '0', 'c', '1434016443'), ('538', '0', '测试', '1434016453'), ('539', '0', '测试两个', '1434016463'), ('540', '0', '专', '1434021831'), ('541', '0', '专', '1434021837'), ('542', '0', '专', '1434021871'), ('543', '0', '爱你', '1434022003'), ('544', '0', '爱你一万年', '1434022014'), ('545', '0', '爱你', '1434022057'), ('546', '0', '爱你一万年', '1434022063'), ('547', '0', '爱你一万年啊啊啊', '1434022068'), ('548', '0', '爱你一万年', '1434022072'), ('549', '0', '影碟', '1434022389'), ('550', '0', '', '1434022402'), ('551', '0', '爱你一', '1434024883'), ('552', '0', '影碟', '1434032348'), ('553', '0', '影碟', '1434075698'), ('554', '0', '测试', '1434078721'), ('555', '0', '测试', '1434078761'), ('556', '0', '测试', '1434078766'), ('557', '0', '测试', '1434078769'), ('558', '0', '测试', '1434078789'), ('559', '0', '测试三个', '1434078802'), ('560', '0', 'ipon', '1434078821'), ('561', '0', ' ', '1434078824'), ('562', '0', ' 测试', '1434078929'), ('563', '0', '两个', '1434078940'), ('564', '0', '测试三个', '1434078954'), ('565', '0', '试三', '1434078963'), ('566', '0', '影碟', '1434078972'), ('567', '0', '影碟', '1434079195'), ('568', '0', '影碟', '1434079223'), ('569', '0', '影', '1434079243'), ('570', '0', '影碟', '1434079248'), ('571', '0', '影碟', '1434079263'), ('572', '0', '影碟', '1434079269'), ('573', '0', '影碟', '1434079272'), ('574', '0', '影碟', '1434079274'), ('575', '0', '影碟', '1434079279'), ('576', '0', '影碟', '1434079285'), ('577', '0', '影碟', '1434079290'), ('578', '0', '影碟', '1434079302'), ('579', '0', '影碟', '1434079306'), ('580', '0', '影碟', '1434079309'), ('581', '0', '影碟', '1434079311'), ('582', '0', '影碟', '1434079313'), ('583', '0', '影碟', '1434079327'), ('584', '0', '影碟', '1434079359'), ('585', '0', '影碟', '1434079363'), ('586', '0', '影碟', '1434079373'), ('587', '0', '影碟', '1434079375'), ('588', '0', '影碟', '1434079395'), ('589', '0', '影碟', '1434079398'), ('590', '0', '影碟', '1434079402'), ('591', '0', '影碟', '1434079406'), ('592', '0', '影碟', '1434079445'), ('593', '0', '影碟', '1434079448'), ('594', '0', '影碟', '1434079460'), ('595', '0', '影碟', '1434079463'), ('596', '0', '影碟', '1434079465'), ('597', '0', '影碟', '1434079485'), ('598', '0', '影碟', '1434079490'), ('599', '0', '影碟', '1434079493'), ('600', '0', '影碟', '1434079508'), ('601', '0', '影碟', '1434079512'), ('602', '0', '影碟', '1434079516'), ('603', '0', '影碟', '1434079535'), ('604', '0', '影碟', '1434079538'), ('605', '0', '影碟', '1434079541'), ('606', '0', '影碟', '1434079545'), ('607', '0', '影碟', '1434079546'), ('608', '0', '影碟', '1434079552'), ('609', '0', '影碟', '1434079570'), ('610', '0', '影碟', '1434079572'), ('611', '0', '影碟', '1434079574'), ('612', '0', '影碟', '1434079575'), ('613', '0', '影碟', '1434079578'), ('614', '0', '测试', '1434079582'), ('615', '0', '测试', '1434079585'), ('616', '0', '测试', '1434079587'), ('617', '0', '测试', '1434079590'), ('618', '0', '测试', '1434079592'), ('619', '0', '测试', '1434079595'), ('620', '0', '测试', '1434079997'), ('621', '0', '测试', '1434080157'), ('622', '0', '测试', '1434080209'), ('623', '0', '测试', '1434080218'), ('624', '0', '测试', '1434080232'), ('625', '0', '测试', '1434080233'), ('626', '0', '测试', '1434080384'), ('627', '0', '测试', '1434080389'), ('628', '0', '测试', '1434080421'), ('629', '0', '测试', '1434080433'), ('630', '0', '测试', '1434080463'), ('631', '0', '测试', '1434080618'), ('632', '0', '测试', '1434080669'), ('633', '0', '测试', '1434081031'), ('634', '0', '测试', '1434081044'), ('635', '0', '测试', '1434081083'), ('636', '0', '测试', '1434081110'), ('637', '0', '测试', '1434081130'), ('638', '0', '测试', '1434081158'), ('639', '0', '测试', '1434081166'), ('640', '0', '测试', '1434081170'), ('641', '0', '测试', '1434081177'), ('642', '0', '测试', '1434081190'), ('643', '0', '测试', '1434081193'), ('644', '0', '测试', '1434081194'), ('645', '0', '测试', '1434081196'), ('646', '0', '测试', '1434081198'), ('647', '0', '测试', '1434081200'), ('648', '0', '测试', '1434081201'), ('649', '0', '测试', '1434081203'), ('650', '0', '测试', '1434081206'), ('651', '0', '测试', '1434081211'), ('652', '0', '测试', '1434081213'), ('653', '0', '测试', '1434081215'), ('654', '0', '测试', '1434081217'), ('655', '0', '测试', '1434081218'), ('656', '0', '测试', '1434081221'), ('657', '0', '测试', '1434081223'), ('658', '0', '测试', '1434081247'), ('659', '0', '测试', '1434081254'), ('660', '0', '测试', '1434081257'), ('661', '0', '测试', '1434081269'), ('662', '0', '测试', '1434081278'), ('663', '0', '测试', '1434081280'), ('664', '0', '测试', '1434081283'), ('665', '0', '测试', '1434081286'), ('666', '0', '测试', '1434081292'), ('667', '0', '测试', '1434081295'), ('668', '0', '测试', '1434081310'), ('669', '0', '测试', '1434081534'), ('670', '0', '测试', '1434081564'), ('671', '0', '测试', '1434081650'), ('672', '0', '测试', '1434081718'), ('673', '0', '测试', '1434081736'), ('674', '0', '测试', '1434081745'), ('675', '0', '测试', '1434081750'), ('676', '0', '测试', '1434081758'), ('677', '0', '测试', '1434081769'), ('678', '0', '测试', '1434081775'), ('679', '0', '测试', '1434081810'), ('680', '0', '测试', '1434081817'), ('681', '0', '测试', '1434088835'), ('682', '0', '测试', '1434088838'), ('683', '0', '影碟', '1434089138'), ('684', '0', '测试', '1434089146'), ('685', '0', '测试', '1434089156'), ('686', '0', '测试', '1434096590'), ('687', '0', '测试', '1434096600'), ('688', '0', '测试', '1434096606'), ('689', '0', '测试', '1434096609'), ('690', '0', '测试', '1434098179'), ('691', '0', '测试', '1434098205'), ('692', '0', '测试', '1434103353'), ('693', '0', '测试', '1434103361'), ('694', '0', '测试', '1434103366'), ('695', '0', '测试', '1434103392'), ('696', '0', '测试', '1434103407'), ('697', '0', '测试', '1434103423'), ('698', '0', '测试', '1434103427'), ('699', '0', '测试', '1434103432'), ('700', '0', '测试', '1434103447'), ('701', '0', '影碟', '1434103620'), ('702', '0', '影碟', '1434103687'), ('703', '0', '影碟', '1434103897'), ('704', '0', '影碟', '1434104106'), ('705', '0', '影碟', '1434104143'), ('706', '0', '影碟', '1434104159'), ('707', '0', '影碟', '1434104166'), ('708', '0', '影碟', '1434104224'), ('709', '0', '影碟', '1434104243'), ('710', '0', '影碟', '1434104246'), ('711', '0', '影碟', '1434104250'), ('712', '0', '影碟', '1434104257'), ('713', '0', '影碟', '1434104261'), ('714', '0', '影碟', '1434104291'), ('715', '0', '影碟', '1434104295'), ('716', '0', '影碟', '1434104298'), ('717', '0', '影碟', '1434104352'), ('718', '0', '影碟', '1434104406'), ('719', '0', '影碟', '1434104426'), ('720', '0', '影碟', '1434104433'), ('721', '0', '影碟', '1434104440'), ('722', '0', '影碟', '1434104446'), ('723', '0', '影碟', '1434104456'), ('724', '0', '影碟', '1434104473'), ('725', '0', '影碟', '1434105260'), ('726', '0', '影碟', '1434105282'), ('727', '0', '影碟', '1434105568'), ('728', '0', '影碟', '1434105591'), ('729', '0', '影碟', '1434105602'), ('730', '0', '影碟', '1434105719'), ('731', '0', '影碟', '1434105937'), ('732', '0', '影碟', '1434105954'), ('733', '0', '影碟', '1434105972'), ('734', '0', '影碟', '1434105989'), ('735', '0', '影碟', '1434106096'), ('736', '0', '影碟', '1434106120'), ('737', '0', '影碟', '1434106227'), ('738', '0', '影碟', '1434106237'), ('739', '0', '影碟', '1434107351'), ('740', '0', '影碟', '1434107356'), ('741', '0', '影碟', '1434107734'), ('742', '0', '影碟', '1434107758'), ('743', '0', '影碟', '1434107918'), ('744', '0', '影碟', '1434107963'), ('745', '0', '影碟', '1434107988'), ('746', '0', '影碟', '1434108025'), ('747', '0', '影碟', '1434108043'), ('748', '0', '影碟', '1434108053'), ('749', '0', '影碟', '1434108062'), ('750', '0', '影碟', '1434108373'), ('751', '0', '影碟', '1434108411'), ('752', '0', '影碟', '1434108695'), ('753', '0', '影碟', '1434108710'), ('754', '0', '影碟', '1434108753'), ('755', '0', '影碟', '1434108779'), ('756', '0', '影碟', '1434108791'), ('757', '0', '影碟', '1434108880'), ('758', '0', '影碟', '1434108914'), ('759', '0', '影碟', '1434108940'), ('760', '0', '影碟', '1434108983'), ('761', '0', '影碟', '1434108989'), ('762', '0', '影碟', '1434109054'), ('763', '0', '影碟', '1434109093'), ('764', '0', '影碟', '1434109130'), ('765', '0', '影碟', '1434109170'), ('766', '0', '影碟', '1434109198'), ('767', '0', '影碟', '1434109208'), ('768', '0', '测试', '1434109217'), ('769', '0', '测试', '1434109239'), ('770', '0', '测试', '1434109244'), ('771', '0', '测试', '1434109291'), ('772', '0', '测', '1434109299'), ('773', '0', '测试', '1434109305'), ('774', '0', '测试', '1434262678'), ('775', '0', '测试', '1434263125'), ('776', '0', '测试', '1434263133'), ('777', '0', '测试', '1434263137'), ('778', '0', '测试', '1434263139'), ('779', '0', '测试', '1434263144'), ('780', '0', '测试', '1434263147'), ('781', '0', '测试', '1434263148'), ('782', '0', '测试', '1434263153'), ('783', '0', '测试', '1434263175'), ('784', '0', '测试', '1434263175'), ('785', '0', '测试', '1434264170'), ('786', '0', '测试', '1434264170'), ('787', '0', '测试', '1434265942'), ('788', '0', '测试', '1434266023'), ('789', '0', '测试', '1434266065'), ('790', '0', '测试', '1434266242'), ('791', '0', '测试', '1434266254'), ('792', '0', '测试', '1434266274'), ('793', '0', '测试', '1434266290'), ('794', '0', '测试', '1434266305'), ('795', '0', '测试', '1434266313'), ('796', '0', '测试', '1434266329'), ('797', '0', '测试', '1434266365'), ('798', '0', '测试', '1434266390'), ('799', '0', '测试', '1434266391'), ('800', '0', '测试', '1434266581'), ('801', '0', '测试', '1434266609'), ('802', '0', '测试', '1434266635'), ('803', '0', '测试', '1434266637'), ('804', '0', '测试', '1434266637'), ('805', '0', '测试', '1434266677'), ('806', '0', '测试', '1434266679'), ('807', '0', '测试', '1434266679'), ('808', '0', '测试', '1434266679'), ('809', '0', '测试', '1434266692'), ('810', '0', '测试', '1434266693'), ('811', '0', '测试', '1434266693'), ('812', '0', '测试', '1434266775'), ('813', '0', '测试', '1434266811'), ('814', '0', '测试', '1434266823'), ('815', '0', '测试', '1434267129'), ('816', '0', '测试', '1434267134'), ('817', '0', '测试', '1434267136'), ('818', '0', '测试', '1434267250'), ('819', '0', '测试', '1434267271'), ('820', '0', '测试', '1434267479'), ('821', '0', '测试', '1434267542'), ('822', '0', '测试', '1434267591'), ('823', '0', '测试', '1434267620'), ('824', '0', '测试', '1434267645'), ('825', '0', '测试', '1434267745'), ('826', '0', '测试', '1434267808'), ('827', '0', '测试', '1434267809'), ('828', '0', '测试', '1434267853'), ('829', '0', '测试', '1434267892'), ('830', '0', '测试', '1434267893'), ('831', '0', '测试', '1434267917'), ('832', '0', '测试', '1434268175'), ('833', '0', '测试', '1434269238'), ('834', '0', '测试', '1434269283'), ('835', '0', '测试', '1434269284'), ('836', '0', '测试', '1434269299'), ('837', '0', '测试', '1434269306'), ('838', '0', '测试', '1434269514'), ('839', '0', '测试', '1434269777'), ('840', '0', '测试', '1434269862'), ('841', '0', '测试', '1434270069'), ('842', '0', '测试', '1434270087'), ('843', '0', '测试', '1434270092'), ('844', '0', '测试', '1434270096'), ('845', '0', '测试', '1434270107'), ('846', '0', '测试', '1434270141'), ('847', '0', '测试', '1434270145'), ('848', '0', '测试', '1434270270'), ('849', '0', '测试', '1434270297'), ('850', '0', '测试', '1434270312'), ('851', '0', '测试', '1434270820'), ('852', '0', '测试', '1434270835'), ('853', '0', '测试', '1434270853'), ('854', '0', '测试', '1434270854'), ('855', '0', '测试', '1434270920'), ('856', '0', '测试', '1434270974'), ('857', '0', '测试', '1434270995'), ('858', '0', '测试', '1434271074'), ('859', '0', '测试', '1434271077'), ('860', '0', '测试', '1434271126'), ('861', '0', '测试', '1434271202'), ('862', '0', '测试', '1434271204'), ('863', '0', '测试', '1434271233'), ('864', '0', '测试', '1434271237'), ('865', '0', '测试', '1434271271'), ('866', '0', '测试', '1434271274'), ('867', '0', '测试', '1434271292'), ('868', '0', '测试', '1434271419'), ('869', '0', '测试', '1434271499'), ('870', '0', '测试', '1434271499'), ('871', '0', '测试', '1434272095'), ('872', '0', '测试', '1434272129'), ('873', '0', '测试', '1434272148'), ('874', '0', '测试', '1434272159'), ('875', '0', '测试', '1434272162'), ('876', '0', '测试', '1434272174'), ('877', '0', '测试', '1434272200'), ('878', '0', '测试', '1434272312'), ('879', '0', '测试', '1434272318'), ('880', '0', '测试', '1434272347'), ('881', '0', '测试', '1434272351'), ('882', '0', '测试', '1434272354'), ('883', '0', '测试', '1434272376'), ('884', '0', '测试', '1434272735'), ('885', '0', '测试', '1434272750'), ('886', '0', '测试', '1434272753'), ('887', '0', '测试', '1434272755'), ('888', '0', '测试', '1434272757'), ('889', '0', '测试', '1434272761'), ('890', '0', '测试', '1434272844'), ('891', '0', '测试', '1434272891'), ('892', '0', '测试', '1434272941'), ('893', '0', '测试', '1434272943'), ('894', '0', '测试', '1434273003'), ('895', '0', '测试', '1434273005'), ('896', '0', '测试', '1434273007'), ('897', '0', '测试', '1434273015'), ('898', '0', '测试', '1434273056'), ('899', '0', '测试', '1434273062'), ('900', '0', '测试', '1434273097'), ('901', '0', '测试', '1434273606'), ('902', '0', '影碟', '1434273611'), ('903', '0', '影碟', '1434273617'), ('904', '0', '测试', '1434273636'), ('905', '0', '测试', '1434274210'), ('906', '0', '测试', '1434274215'), ('907', '0', '测试', '1434274246'), ('908', '0', '测试', '1434274283'), ('909', '0', '测试', '1434274349'), ('910', '0', '测试', '1434274360'), ('911', '0', '测试', '1434274394'), ('912', '0', '测试', '1434274396'), ('913', '0', '测试', '1434274470'), ('914', '0', '测试', '1434274473'), ('915', '0', '测试', '1434274478'), ('916', '0', '测试', '1434274498'), ('917', '0', '测试', '1434274902'), ('918', '0', '测试', '1434274908'), ('919', '0', '测试', '1434274961'), ('920', '0', '测试', '1434275004'), ('921', '0', '测试', '1434275182'), ('922', '0', '测试', '1434275185'), ('923', '0', '测试', '1434275189'), ('924', '0', '测试', '1434275194'), ('925', '0', '测试', '1434275198'), ('926', '0', '测试', '1434275200'), ('927', '0', '测试', '1434275203'), ('928', '0', '测试', '1434275210'), ('929', '0', '测试', '1434275216'), ('930', '0', '测试', '1434275277'), ('931', '0', '测试', '1434276026'), ('932', '0', '测试', '1434276074'), ('933', '0', '测试', '1434276244'), ('934', '0', '测试', '1434276250'), ('935', '0', '测试', '1434276258'), ('936', '0', '测试', '1434276260'), ('937', '0', '测试', '1434276386'), ('938', '0', '测试', '1434276391'), ('939', '0', '测试', '1434276404'), ('940', '0', '测试', '1434276516'), ('941', '0', '测试', '1434276522'), ('942', '0', '测试', '1434276524'), ('943', '0', '测试', '1434276530'), ('944', '0', '测试', '1434276557'), ('945', '0', '测试', '1434276578'), ('946', '0', '测试', '1434276598'), ('947', '0', '测试', '1434276603'), ('948', '0', '测试', '1434276613'), ('949', '0', '测试', '1434276629'), ('950', '0', '测试', '1434276633'), ('951', '0', '测试', '1434276647'), ('952', '0', '影碟', '1434276734'), ('953', '0', '影碟', '1434276998'), ('954', '0', '影碟', '1434277022'), ('955', '0', '影碟', '1434277049'), ('956', '0', '影碟', '1434277051'), ('957', '0', '影碟', '1434277079'), ('958', '0', '测试', '1434277082'), ('959', '0', '测试', '1434277086'), ('960', '0', '测试', '1434277174'), ('961', '0', '测试', '1434277257'), ('962', '0', '测试', '1434277258'), ('963', '0', '测试', '1434277504'), ('964', '0', '测试', '1434277506'), ('965', '0', '测试', '1434277518'), ('966', '0', '测试', '1434277552'), ('967', '0', '测试', '1434277565'), ('968', '0', '测试', '1434277571'), ('969', '0', '测试', '1434277579'), ('970', '0', '测试', '1434277580'), ('971', '0', '测试', '1434277584'), ('972', '0', '测试', '1434277613'), ('973', '0', '测试', '1434277615'), ('974', '0', '测试', '1434277617'), ('975', '0', '影碟', '1434333495'), ('976', '0', '影碟', '1434334330'), ('977', '0', '影碟', '1434339041'), ('978', '0', 'rfgdf', '1434362745'), ('979', '0', '影碟', '1434426215'), ('980', '0', '影碟', '1434426218'), ('981', '0', '影碟', '1434426227'), ('982', '0', '影碟', '1434426253'), ('983', '0', '影碟', '1434426611'), ('984', '0', '影碟', '1434426688'), ('985', '0', '影碟', '1434426704'), ('986', '0', '影碟', '1434426707'), ('987', '0', '影碟', '1434426749'), ('988', '0', '影碟', '1434431602'), ('989', '0', '影碟', '1434431613'), ('990', '0', '影碟', '1434432430'), ('991', '0', '影碟', '1434435112'), ('992', '0', '影碟', '1434437433'), ('993', '0', '影碟', '1434437435'), ('994', '0', '影碟', '1434437436'), ('995', '0', '影碟', '1434439682'), ('996', '0', '影碟', '1434448504'), ('997', '0', '影碟', '1434521620'), ('998', '0', '影碟', '1434521718'), ('999', '0', '影碟', '1434521744'), ('1000', '0', '测试', '1434522162'), ('1001', '0', '影碟', '1434523133'), ('1002', '0', '影碟', '1434525555'), ('1003', '0', '影碟', '1434525557'), ('1004', '0', '影碟', '1434525557'), ('1005', '0', '影碟', '1434525558'), ('1006', '0', '影碟', '1434525558'), ('1007', '0', '影碟', '1434525558'), ('1008', '0', '影碟', '1434525558'), ('1009', '0', '影碟', '1434525559'), ('1010', '0', '影碟', '1434525559'), ('1011', '0', '影碟', '1434525562'), ('1012', '0', '影碟', '1434525585'), ('1013', '0', '影碟', '1434525587'), ('1014', '0', '影碟', '1434525645'), ('1015', '0', '影碟', '1434525646'), ('1016', '0', '影碟', '1434525647'), ('1017', '0', '影碟', '1434525648'), ('1018', '0', '影碟', '1434525735'), ('1019', '0', '影碟', '1434525736'), ('1020', '0', '影碟', '1434525843'), ('1021', '0', '影碟', '1434525845'), ('1022', '0', '影碟', '1434525847'), ('1023', '0', '影碟', '1434525859'), ('1024', '0', '影碟', '1434525861'), ('1025', '0', '影碟', '1434525862'), ('1026', '0', '影碟', '1434525864'), ('1027', '0', '影碟', '1434526030'), ('1028', '0', '影碟', '1434526039'), ('1029', '0', '影碟', '1434526765'), ('1030', '0', '影碟', '1434526776'), ('1031', '0', '影碟', '1434527587'), ('1032', '0', '影碟', '1434528113'), ('1033', '0', '影碟', '1434530904'), ('1034', '0', '影碟', '1434531747'), ('1035', '0', '影碟', '1434531750'), ('1036', '0', '影碟', '1434531885'), ('1037', '0', '影碟', '1434531945'), ('1038', '0', '影碟', '1434531985'), ('1039', '0', '影碟', '1434531993'), ('1040', '0', '影碟', '1434532020'), ('1041', '0', '影碟', '1434532258'), ('1042', '0', '影碟', '1434532335'), ('1043', '0', '影碟', '1434532336'), ('1044', '0', '影碟', '1434532337'), ('1045', '0', '影碟', '1434532384'), ('1046', '0', '影碟', '1434532416'), ('1047', '0', '影碟', '1434536111'), ('1048', '0', '影碟', '1434536919'), ('1049', '0', 's0fsd', '1434536964'), ('1050', '0', 'dfd', '1434536967'), ('1051', '0', 'e', '1434536983'), ('1052', '0', 'dsf', '1434536956'), ('1053', '0', 'jhhn', '1434536969'), ('1054', '0', ';kk', '1434536973'), ('1055', '0', 'e', '1434537008'), ('1056', '0', '影碟', '1434540341'), ('1057', '0', '影碟', '1434540752'), ('1058', '0', '影碟', '1434540767'), ('1059', '0', '影碟', '1434540829'), ('1060', '0', '影碟', '1434542705'), ('1061', '0', 'sdfsd', '1434592109'), ('1062', '0', 'sdfsd', '1434592501'), ('1063', '0', 'sdfsd', '1434592502'), ('1064', '0', 'sdfsdf', '1434592504'), ('1065', '0', 'test', '1434592509'), ('1066', '0', '1', '1434592512'), ('1067', '0', '1', '1434592515'), ('1068', '0', '得到的', '1434592518'), ('1069', '0', 'd', '1434592532'), ('1070', '0', '史上', '1434592611'), ('1071', '0', '的', '1434592655'), ('1072', '0', 'cd', '1434592660'), ('1073', '0', 'iy', '1434592750'), ('1074', '0', 'i', '1434592752'), ('1075', '0', '套裝 ', '1434597559'), ('1076', '0', '套裝', '1434597669'), ('1077', '0', '套裝', '1434597702'), ('1078', '0', '套裝', '1434597708'), ('1079', '0', '套裝', '1434597723'), ('1080', '0', '套裝', '1434597750'), ('1081', '0', '套裝', '1434597752'), ('1082', '0', '套裝', '1434598470'), ('1083', '0', '套裝', '1434599609'), ('1084', '0', '哎呦', '1434607802'), ('1085', '0', '阿凡达', '1434607842'), ('1086', '0', '阿凡达', '1434607992'), ('1087', '0', '影碟', '1434608901'), ('1088', '0', '影碟', '1434608959'), ('1089', '0', '影碟', '1434609001'), ('1090', '0', '影碟', '1434609005'), ('1091', '0', '影碟', '1434609085'), ('1092', '0', '影碟', '1434609162'), ('1093', '0', '影碟', '1434609169'), ('1094', '0', '影碟', '1434609221'), ('1095', '0', '影碟', '1434609222'), ('1096', '0', '影碟', '1434609400'), ('1097', '0', '影碟', '1434609470'), ('1098', '0', '影碟', '1434609474'), ('1099', '0', '影碟', '1434609611'), ('1100', '0', '影碟', '1434609616'), ('1101', '0', '影碟', '1434610750'), ('1102', '0', '影碟', '1434611550'), ('1103', '0', '影碟', '1434611615'), ('1104', '0', '影碟', '1434611719'), ('1105', '0', '影碟', '1434611895'), ('1106', '0', '影碟', '1434611911'), ('1107', '0', '影碟', '1434611915'), ('1108', '0', '影碟', '1434612219'), ('1109', '0', '影碟', '1434616946'), ('1110', '0', '影碟', '1434616969'), ('1111', '0', '影碟', '1434616969'), ('1112', '0', '影碟', '1434616970'), ('1113', '0', '影碟', '1434616972'), ('1114', '0', '影碟', '1434616973'), ('1115', '0', '影碟', '1434625139'), ('1116', '0', '影碟', '1434625150'), ('1117', '0', '影碟', '1434625408'), ('1118', '0', '影碟', '1434625564'), ('1119', '0', '影碟', '1434625570'), ('1120', '0', '影碟', '1434630665'), ('1121', '0', ' 生無所求(2CD) 套裝 ', '1434630732'), ('1122', '0', '影碟', '1434677842'), ('1123', '0', '影碟', '1434677844'), ('1124', '0', '影碟', '1434686221'), ('1125', '0', '影碟', '1434686229'), ('1126', '0', '影碟', '1434686266'), ('1127', '0', '影碟', '1434706970'), ('1128', '0', '影碟', '1434707110'), ('1129', '0', '影碟', '1434708612'), ('1130', '0', '影碟', '1434708668'), ('1131', '0', '影碟', '1435026671'), ('1132', '0', '影碟', '1435026677'), ('1133', '0', '影碟', '1435027136'), ('1134', '0', '影碟', '1435028251'), ('1135', '0', '影碟', '1435030123'), ('1136', '0', '影碟', '1435030133'), ('1137', '0', '影碟', '1435030136'), ('1138', '0', '影碟', '1435030137'), ('1139', '0', '影碟', '1435030138'), ('1140', '0', '影碟', '1435030141'), ('1141', '0', '影碟', '1435031900'), ('1142', '0', '影碟', '1435042978'), ('1143', '0', '影碟', '1435042981'), ('1144', '0', '影碟', '1435042984'), ('1145', '0', '影碟', '1435043787'), ('1146', '0', '影碟', '1435043870'), ('1147', '0', '影碟', '1435043888'), ('1148', '0', '影碟', '1435043954'), ('1149', '0', '影碟', '1435044095'), ('1150', '0', '影碟', '1435044099'), ('1151', '0', '影碟', '1435044104'), ('1152', '0', '影碟', '1435044107');
COMMIT;

-- ----------------------------
--  Table structure for `sp_shipping`
-- ----------------------------
DROP TABLE IF EXISTS `sp_shipping`;
CREATE TABLE `sp_shipping` (
  `id` tinyint(3) unsigned NOT NULL AUTO_INCREMENT,
  `code` varchar(20) NOT NULL DEFAULT '',
  `name` varchar(120) NOT NULL DEFAULT '',
  `remark` varchar(255) NOT NULL DEFAULT '',
  `insure` varchar(10) NOT NULL DEFAULT '0',
  `support_cod` tinyint(1) unsigned NOT NULL DEFAULT '0',
  `status` tinyint(1) unsigned NOT NULL DEFAULT '0',
  `print` text NOT NULL,
  PRIMARY KEY (`id`),
  KEY `shipping_code` (`code`) USING BTREE
) ENGINE=MyISAM AUTO_INCREMENT=27 DEFAULT CHARSET=utf8;

-- ----------------------------
--  Records of `sp_shipping`
-- ----------------------------
BEGIN;
INSERT INTO `sp_shipping` VALUES ('24', 'ems', 'EMS', '', '0.5', '0', '1', ''), ('25', 'ups', 'UPS', '', '1', '0', '1', ''), ('26', 'zto', '中通', '', '0.5', '0', '0', '');
COMMIT;

-- ----------------------------
--  Table structure for `sp_shipping_area`
-- ----------------------------
DROP TABLE IF EXISTS `sp_shipping_area`;
CREATE TABLE `sp_shipping_area` (
  `id` smallint(5) unsigned NOT NULL AUTO_INCREMENT,
  `name` varchar(150) NOT NULL DEFAULT '',
  `shipping_id` tinyint(3) unsigned NOT NULL DEFAULT '0',
  `config` text NOT NULL,
  `base_fee` varchar(150) NOT NULL,
  `step_fee` varchar(150) DEFAULT NULL,
  `free_money` varchar(150) DEFAULT NULL,
  PRIMARY KEY (`id`),
  KEY `shipping_id` (`shipping_id`) USING BTREE
) ENGINE=MyISAM AUTO_INCREMENT=35 DEFAULT CHARSET=utf8;

-- ----------------------------
--  Records of `sp_shipping_area`
-- ----------------------------
BEGIN;
INSERT INTO `sp_shipping_area` VALUES ('25', '全中国', '24', '[\"1\"]', '20', '2', '2000'), ('34', '香港', '24', '[\"33\"]', '22', '10', '2000');
COMMIT;

-- ----------------------------
--  Table structure for `sp_slide`
-- ----------------------------
DROP TABLE IF EXISTS `sp_slide`;
CREATE TABLE `sp_slide` (
  `slide_id` bigint(20) unsigned NOT NULL AUTO_INCREMENT,
  `slide_cid` bigint(20) NOT NULL,
  `slide_name` varchar(255) NOT NULL,
  `slide_pic` varchar(255) DEFAULT NULL,
  `slide_url` varchar(255) DEFAULT NULL,
  `slide_des` varchar(255) DEFAULT NULL,
  `slide_content` text,
  `slide_status` int(2) NOT NULL DEFAULT '1',
  `listorder` int(10) DEFAULT '0',
  PRIMARY KEY (`slide_id`),
  KEY `slide_cid` (`slide_cid`)
) ENGINE=MyISAM AUTO_INCREMENT=6 DEFAULT CHARSET=utf8;

-- ----------------------------
--  Records of `sp_slide`
-- ----------------------------
BEGIN;
INSERT INTO `sp_slide` VALUES ('3', '1', '我是首页的第一个banner啦!!!', '/data/upload/2015-06-16/557fac7dbfaf9.jpg', '/index.php?g=goods&amp;m=index&amp;a=detail&amp;id=91', 'lol', '我是内容1哟', '1', '0'), ('4', '1', '222', '/data/upload/2015-06-16/557fac890ddd6.jpg', '/index.php?g=goods&amp;m=index&amp;a=detail&amp;id=91', '我是第二张benner啦', '我是2的内容', '1', '0'), ('5', '1', '3', '/data/upload/2015-06-16/557fac93506a1.jpg', '/index.php?g=goods&amp;m=index&amp;a=detail&amp;id=91', '我是第三张的banner啦', '我是3的内容啦啦啦', '1', '0');
COMMIT;

-- ----------------------------
--  Table structure for `sp_slide_cat`
-- ----------------------------
DROP TABLE IF EXISTS `sp_slide_cat`;
CREATE TABLE `sp_slide_cat` (
  `cid` bigint(20) NOT NULL AUTO_INCREMENT,
  `cat_name` varchar(255) NOT NULL,
  `cat_idname` varchar(255) NOT NULL,
  `cat_remark` text,
  `cat_status` int(2) NOT NULL DEFAULT '1',
  PRIMARY KEY (`cid`),
  KEY `cat_idname` (`cat_idname`)
) ENGINE=MyISAM AUTO_INCREMENT=2 DEFAULT CHARSET=utf8;

-- ----------------------------
--  Records of `sp_slide_cat`
-- ----------------------------
BEGIN;
INSERT INTO `sp_slide_cat` VALUES ('1', '首页banner', 'index_banner', '首页banner', '1');
COMMIT;

-- ----------------------------
--  Table structure for `sp_sms`
-- ----------------------------
DROP TABLE IF EXISTS `sp_sms`;
CREATE TABLE `sp_sms` (
  `id` int(10) unsigned NOT NULL AUTO_INCREMENT,
  `type` tinyint(3) unsigned DEFAULT '0',
  `uid` int(10) unsigned DEFAULT '0' COMMENT 'uid默认为0,代表游客',
  `phone` varchar(11) CHARACTER SET utf8 NOT NULL DEFAULT '0',
  `code` varchar(10) CHARACTER SET utf8 NOT NULL,
  `content` varchar(255) CHARACTER SET utf8 DEFAULT '',
  `add_time` int(10) unsigned NOT NULL DEFAULT '0',
  PRIMARY KEY (`id`)
) ENGINE=MyISAM AUTO_INCREMENT=58 DEFAULT CHARSET=latin1;

-- ----------------------------
--  Records of `sp_sms`
-- ----------------------------
BEGIN;
INSERT INTO `sp_sms` VALUES ('38', '1', '0', '18664613701', 'E4QJ6n', '您的验证码是：【E4QJ6n】。请不要把验证码泄露给其他人。如非本人操作，可不用理会！', '1433150776'), ('39', '1', '0', '13827449950', 'FetfIM', '您的验证码是：【FetfIM】。请不要把验证码泄露给其他人。如非本人操作，可不用理会！', '1433150848'), ('40', '1', '0', '15666666666', 'IuDA1d', '您的验证码是：【IuDA1d】。请不要把验证码泄露给其他人。如非本人操作，可不用理会！', '1433151192'), ('41', '1', '0', '13827449950', 'CWtFvh', '您的验证码是：【CWtFvh】。请不要把验证码泄露给其他人。如非本人操作，可不用理会！', '1433474645'), ('42', '1', '0', '15666666666', 'd6gjEr', '您的验证码是：【d6gjEr】。请不要把验证码泄露给其他人。如非本人操作，可不用理会！', '1433902926'), ('43', '1', '0', '13827449950', 'DCrluc', '您的验证码是：【DCrluc】。请不要把验证码泄露给其他人。如非本人操作，可不用理会！', '1433903473'), ('44', '1', '0', '13827449950', 'lc8XTg', '您的验证码是：【lc8XTg】。请不要把验证码泄露给其他人。如非本人操作，可不用理会！', '1433903580'), ('45', '1', '0', '13827449950', 'BAxa1f', '您的验证码是：【BAxa1f】。请不要把验证码泄露给其他人。如非本人操作，可不用理会！', '1433904989'), ('46', '1', '0', '13691638252', '46UDeT', '您的验证码是：【46UDeT】。请不要把验证码泄露给其他人。如非本人操作，可不用理会！', '1434269597'), ('47', '1', '0', '13691638252', 'LgqGiD', '您的验证码是：【LgqGiD】。请不要把验证码泄露给其他人。如非本人操作，可不用理会！', '1434269637'), ('48', '1', '0', '13691638252', 'bgEEmk', '您的验证码是：【bgEEmk】。请不要把验证码泄露给其他人。如非本人操作，可不用理会！', '1434269805'), ('49', '1', '0', '13827449950', 'zTeC76', '您的验证码是：【zTeC76】。请不要把验证码泄露给其他人。如非本人操作，可不用理会！', '1434275159'), ('50', '1', '0', '13827449950', 'XU1cy4', '您的验证码是：【XU1cy4】。请不要把验证码泄露给其他人。如非本人操作，可不用理会！', '1434275419'), ('51', '1', '0', '13827449950', 'VnG7xK', '您的验证码是：【VnG7xK】。请不要把验证码泄露给其他人。如非本人操作，可不用理会！', '1434276677'), ('52', '1', '0', '13827449950', 'U6qhgM', '您的验证码是：【U6qhgM】。请不要把验证码泄露给其他人。如非本人操作，可不用理会！', '1434277022'), ('53', '1', '0', '13827449950', '2zpPte', '您的验证码是：【2zpPte】。请不要把验证码泄露给其他人。如非本人操作，可不用理会！', '1434340217'), ('54', '1', '0', '13827449950', 'iayZSR', '您的验证码是：【iayZSR】。请不要把验证码泄露给其他人。如非本人操作，可不用理会！', '1434341015'), ('55', '1', '0', '13430969844', 'DyzTZN', '您的验证码是：【DyzTZN】。请不要把验证码泄露给其他人。如非本人操作，可不用理会！', '1434420705'), ('56', '1', '0', '13827449950', 'Byfw3D', '您的验证码是：【Byfw3D】。请不要把验证码泄露给其他人。如非本人操作，可不用理会！', '1434441095'), ('57', '1', '0', '13827449950', 'S8bfek', '您的验证码是：【S8bfek】。请不要把验证码泄露给其他人。如非本人操作，可不用理会！', '1434536787');
COMMIT;

-- ----------------------------
--  Table structure for `sp_supplier`
-- ----------------------------
DROP TABLE IF EXISTS `sp_supplier`;
CREATE TABLE `sp_supplier` (
  `id` smallint(5) NOT NULL AUTO_INCREMENT,
  `name` varchar(255) DEFAULT NULL,
  `description` text,
  `status` int(2) DEFAULT '1',
  PRIMARY KEY (`id`)
) ENGINE=MyISAM AUTO_INCREMENT=3 DEFAULT CHARSET=utf8 COMMENT='ä¾›åº”å•†';

-- ----------------------------
--  Records of `sp_supplier`
-- ----------------------------
BEGIN;
INSERT INTO `sp_supplier` VALUES ('1', '深圳供应商', '深圳供应商', '1'), ('2', '上海供应商', '上海供应商', '1');
COMMIT;

-- ----------------------------
--  Table structure for `sp_term_relationships`
-- ----------------------------
DROP TABLE IF EXISTS `sp_term_relationships`;
CREATE TABLE `sp_term_relationships` (
  `tid` bigint(20) NOT NULL AUTO_INCREMENT,
  `object_id` bigint(20) unsigned NOT NULL DEFAULT '0' COMMENT 'posts表里文章id',
  `term_id` bigint(20) unsigned NOT NULL DEFAULT '0' COMMENT '分类id',
  `listorder` int(10) NOT NULL DEFAULT '0' COMMENT '排序',
  `status` int(2) NOT NULL DEFAULT '1' COMMENT '状态，1发布，0不发布',
  PRIMARY KEY (`tid`),
  KEY `term_taxonomy_id` (`term_id`)
) ENGINE=MyISAM AUTO_INCREMENT=16 DEFAULT CHARSET=utf8;

-- ----------------------------
--  Records of `sp_term_relationships`
-- ----------------------------
BEGIN;
INSERT INTO `sp_term_relationships` VALUES ('8', '9', '1', '0', '1'), ('9', '10', '1', '0', '1'), ('10', '11', '1', '0', '1'), ('14', '12', '1', '0', '1'), ('12', '13', '1', '0', '1'), ('15', '17', '1', '0', '1');
COMMIT;

-- ----------------------------
--  Table structure for `sp_terms`
-- ----------------------------
DROP TABLE IF EXISTS `sp_terms`;
CREATE TABLE `sp_terms` (
  `term_id` bigint(20) unsigned NOT NULL AUTO_INCREMENT COMMENT '分类id',
  `name` varchar(200) DEFAULT NULL COMMENT '分类名称',
  `slug` varchar(200) DEFAULT '',
  `taxonomy` varchar(32) DEFAULT NULL COMMENT '分类类型',
  `description` longtext COMMENT '分类描述',
  `parent` bigint(20) unsigned DEFAULT '0' COMMENT '分类父id',
  `count` bigint(20) DEFAULT '0' COMMENT '分类文章数',
  `path` varchar(500) DEFAULT NULL COMMENT '分类层级关系路径',
  `seo_title` varchar(500) DEFAULT NULL,
  `seo_keywords` varchar(500) DEFAULT NULL,
  `seo_description` varchar(500) DEFAULT NULL,
  `list_tpl` varchar(50) DEFAULT NULL COMMENT '分类列表模板',
  `one_tpl` varchar(50) DEFAULT NULL COMMENT '分类文章页模板',
  `listorder` int(5) NOT NULL DEFAULT '0' COMMENT '排序',
  `status` int(2) NOT NULL DEFAULT '1' COMMENT '状态，1发布，0不发布',
  PRIMARY KEY (`term_id`)
) ENGINE=MyISAM AUTO_INCREMENT=4 DEFAULT CHARSET=utf8;

-- ----------------------------
--  Records of `sp_terms`
-- ----------------------------
BEGIN;
INSERT INTO `sp_terms` VALUES ('1', '娱乐资讯', '', 'article', '', '0', '0', '0-1', '', '', '', 'list', 'article', '0', '1');
COMMIT;

-- ----------------------------
--  Table structure for `sp_type`
-- ----------------------------
DROP TABLE IF EXISTS `sp_type`;
CREATE TABLE `sp_type` (
  `id` smallint(5) unsigned NOT NULL AUTO_INCREMENT,
  `name` varchar(60) NOT NULL DEFAULT '',
  `status` tinyint(1) unsigned NOT NULL DEFAULT '1',
  `attr_group` varchar(255) NOT NULL,
  PRIMARY KEY (`id`)
) ENGINE=MyISAM AUTO_INCREMENT=7 DEFAULT CHARSET=utf8;

-- ----------------------------
--  Records of `sp_type`
-- ----------------------------
BEGIN;
INSERT INTO `sp_type` VALUES ('2', '影碟', '1', ''), ('1', '音樂', '1', ''), ('4', '电子游戏', '1', ''), ('5', '配件', '1', ''), ('6', '数码产品', '1', '');
COMMIT;

-- ----------------------------
--  Table structure for `sp_type_attr`
-- ----------------------------
DROP TABLE IF EXISTS `sp_type_attr`;
CREATE TABLE `sp_type_attr` (
  `id` smallint(5) unsigned NOT NULL AUTO_INCREMENT,
  `type_id` smallint(5) unsigned NOT NULL DEFAULT '0',
  `group` tinyint(1) NOT NULL DEFAULT '0',
  `name` varchar(60) NOT NULL DEFAULT '' COMMENT '名称',
  `input_type` tinyint(1) unsigned NOT NULL DEFAULT '1' COMMENT '属性录入方式',
  `values` text NOT NULL,
  `attr_type` tinyint(1) NOT NULL COMMENT '属性是否可选',
  `attr_index` tinyint(1) unsigned NOT NULL DEFAULT '0' COMMENT '能否进行检索',
  `status` int(1) NOT NULL DEFAULT '1',
  `listorder` int(5) NOT NULL DEFAULT '0' COMMENT '排序',
  PRIMARY KEY (`id`),
  KEY `cat_id` (`type_id`) USING BTREE
) ENGINE=MyISAM AUTO_INCREMENT=38 DEFAULT CHARSET=utf8;

-- ----------------------------
--  Records of `sp_type_attr`
-- ----------------------------
BEGIN;
INSERT INTO `sp_type_attr` VALUES ('24', '1', '0', '出版年份', '1', '1980\n1981\n1982                                         ', '0', '0', '1', '0'), ('3', '1', '0', '材質', '1', '黑膠唱碟\n藍光BD', '0', '1', '1', '0'), ('8', '4', '0', 'XBox 遊戲', '3', '賤兔入侵\n刺客教條：叛變\nBorderlands:Pre Sequel\nEvil Within', '0', '0', '1', '0'), ('6', '2', '0', '地区', '1', '美国\n大陆\n香港\n韩国\n日本\n法国\n英国\n德国\n台湾\n泰国\n印度\n其他', '0', '0', '1', '0'), ('7', '2', '0', '年代', '1', '2015\n2014\n2013\n2012\n2011\n2010\n2009\n2008\n2007\n2006\n更早', '0', '0', '1', '0'), ('9', '4', '0', 'XBox One遊戲', '3', '惡靈進化\n黑街聖徒4\nProject\nDisneyI Infinity', '0', '0', '1', '0'), ('10', '4', '0', 'PS4 遊 戲', '3', 'Battlefield Hardline\nOdrer 1886\nWinning Eleven 2015\nDrive Club', '0', '0', '1', '0'), ('11', '4', '0', 'PS3 遊 戲', '3', 'Hajime no Ippo the Fighting\nEscape from Dead Island\nDragon Age', '0', '0', '1', '0'), ('12', '4', '0', '其        他', '3', '3DS遊戲\nPS Move遊戲\nPSP遊戲', '0', '0', '1', '0'), ('23', '1', '0', '风格', '1', '古典音樂\n爵士音樂\n搖滾音樂\n流行音樂\n輕音樂\n舞曲', '0', '0', '1', '0'), ('19', '6', '0', '播放器及機座', '3', '音樂播放器\n視頻播放器\n高清播放器\n便攜播放器', '0', '0', '1', '0'), ('20', '6', '0', '耳      筒', '3', 'Audio Technica\nBeats\nColoud\nGavio\nJays\nMarshall Amp\nMonster\nPanasonic\nPhilips &amp; O\'Neill\nPionner\nSennheiser\nShure\nSkull Candy\nSoul\nUrbanears', '0', '0', '1', '0'), ('21', '6', '0', '儲存記憶體', '3', '網絡存儲器\n無線存儲器\n移動存儲器\n硬盤存儲器', '0', '0', '1', '0'), ('25', '2', '0', '藝人', '0', 'bb\nccc', '0', '0', '1', '0'), ('33', '1', '0', '歌名', '0', '', '0', '1', '1', '0'), ('29', '1', '0', '预定发行日', '0', 'ddd\neee', '0', '0', '1', '0'), ('31', '1', '0', '发行/制作公司', '0', '', '0', '0', '1', '0'), ('32', '1', '0', '专辑', '0', '', '0', '0', '1', '0'), ('34', '1', '0', '艺人', '0', '', '0', '1', '1', '0'), ('35', '1', '0', '颜色', '1', '红色\n白色\n黑色', '1', '0', '1', '0'), ('36', '1', '0', '尺寸', '1', '1.3\n1.4\n1.5\n1.6\n1.7', '2', '0', '1', '0'), ('37', '2', '0', '材質', '1', '黑膠唱碟\n藍光BD', '0', '0', '1', '0');
COMMIT;

-- ----------------------------
--  Table structure for `sp_users`
-- ----------------------------
DROP TABLE IF EXISTS `sp_users`;
CREATE TABLE `sp_users` (
  `id` bigint(20) unsigned NOT NULL AUTO_INCREMENT,
  `user_login` varchar(60) NOT NULL DEFAULT '' COMMENT '用户名',
  `user_pass` varchar(64) NOT NULL DEFAULT '' COMMENT '登录密码；sp_password加密',
  `user_nicename` varchar(50) NOT NULL DEFAULT '' COMMENT '用户美名',
  `user_email` varchar(100) DEFAULT '' COMMENT '登录邮箱',
  `user_phone` varchar(11) DEFAULT '',
  `user_url` varchar(100) NOT NULL DEFAULT '' COMMENT '用户个人网站',
  `avatar` varchar(255) DEFAULT NULL COMMENT '用户头像，相对于upload/avatar目录',
  `sex` smallint(1) DEFAULT '0' COMMENT '性别；0：保密，1：男；2：女',
  `birthday` date DEFAULT NULL COMMENT '生日',
  `signature` varchar(255) DEFAULT NULL COMMENT '个性签名',
  `last_login_ip` varchar(16) NOT NULL COMMENT '最后登录ip',
  `last_login_time` datetime NOT NULL DEFAULT '0000-00-00 00:00:00' COMMENT '最后登录时间',
  `create_time` datetime NOT NULL DEFAULT '0000-00-00 00:00:00' COMMENT '注册时间',
  `user_activation_key` varchar(60) NOT NULL DEFAULT '' COMMENT '激活码',
  `user_status` int(11) NOT NULL DEFAULT '1' COMMENT '用户状态 0：禁用； 1：正常 ；2：未验证',
  `score` int(11) NOT NULL DEFAULT '0' COMMENT '用户积分',
  PRIMARY KEY (`id`),
  KEY `user_login_key` (`user_login`),
  KEY `user_nicename` (`user_nicename`)
) ENGINE=MyISAM AUTO_INCREMENT=32 DEFAULT CHARSET=utf8;

-- ----------------------------
--  Records of `sp_users`
-- ----------------------------
BEGIN;
INSERT INTO `sp_users` VALUES ('1', 'admin', 'c535018ee9467fef6171469e80d32c0559f88b37724589af', '', '', '', '', null, '0', null, null, '127.0.0.1', '2015-06-27 18:55:00', '0000-00-00 00:00:00', '', '1', '0'), ('29', '13827449950', 'c535018ee94696e79218965eb72c92a549dd5a33011289af', '13827449950', null, '13827449950', '', null, '0', null, null, '192.168.2.92', '2015-06-03 09:22:10', '2015-06-01 17:29:53', '', '1', '0'), ('2', 'foxcon', 'c535018ee94696e79218965eb72c92a549dd5a33011289af', '', '', '', '', null, '0', null, null, '', '0000-00-00 00:00:00', '0000-00-00 00:00:00', '', '1', '0'), ('31', 'wachwl@qq.com', 'c535018ee94696e79218965eb72c92a549dd5a33011289af', 'wachwl@qq.com', 'wachwl@qq.com', null, '', null, '0', null, null, '127.0.0.1', '2015-06-05 09:38:54', '2015-06-05 09:38:17', '', '1', '0');
COMMIT;

SET FOREIGN_KEY_CHECKS = 1;
